SL NO.,Title,Authors,Published Year,Abstract,Paper Link
1,Ensemble learning based on efficient features combination can predict the outcome of recurrence-free survival in patients with hepatocellular carcinoma within three years after surgery,"Liyang Wang, Meilong Wu, Chengzhan Zhu, Rui Li, Shiyun Bao, Shizhong Yang, Jiahong Dong",11/10/2022,"Abstract Preoperative prediction of recurrence outcome in hepatocellular carcinoma (HCC) facilitates physicians’ clinical decision-making. Preoperative imaging and related clinical baseline data of patients are valuable for evaluating prognosis. With the widespread application of machine learning techniques, the present study proposed the ensemble learning method based on efficient feature representations to predict recurrence outcomes within three years after surgery. Radiomics features during arterial phase (AP) and clinical data were selected for training the ensemble models. In order to improve the efficiency of the process, the lesion area was automatically segmented by 3D U-Net. It was found that the mIoU of the segmentation model was 0.8874, and the Light Gradient Boosting Machine (LightGBM) was the most superior, with an average accuracy of 0.7600, a recall of 0.7673, a F1 score of 0.7553, and an AUC of 0.8338 when inputting radiomics features during AP and clinical baseline indicators. Studies have shown that the proposed strategy can relatively accurately predict the recurrence outcome within three years, which is helpful for physicians to evaluate individual patients before surgery.",https://www.frontiersin.org/journals/oncology/articles/10.3389/fonc.2022.1019009/full
2,The transformative potential of artificial intelligence in solid organ transplantation,"Mouhamad Al Moussawy, Zoe S. Lakkis, Zuhayr A. Ansari, Aravind R. Cherukuri, Khodor I. Abou-Daya",3/15/2024,"Abstract Solid organ transplantation confronts numerous challenges ranging from donor organ shortage to post-transplant complications. Here, we provide an overview of the latest attempts to address some of these challenges using artificial intelligence (AI). We delve into the application of machine learning in pretransplant evaluation, predicting transplant rejection, and post-operative patient outcomes. By providing a comprehensive overview of AI's current impact, this review aims to inform clinicians, researchers, and policy-makers about the transformative power of AI in enhancing solid organ transplantation and facilitating personalized medicine in transplant care.",https://www.frontiersin.org/journals/transplantation/articles/10.3389/frtra.2024.1361491/full
3,Research on the development of an intelligent prediction model for blood pressure variability during hemodialysis,"Zhijian Ren, Minqiao Zhang, Pingping Wang, Kanan Chen, Jing Wang, Lingping Wu, Yue Hong, Yihui Qu, Qun Luo, Kedan Cai",17-Feb-25,"Abstract

Objective
Blood pressure fluctuations during dialysis, including intradialytic hypotension (IDH) and intradialytic hypertension (IDHTN), are common complications among patients undergoing maintenance hemodialysis. Early prediction of IDH and IDHTN can help reduce the occurrence of these fluctuations. With the development of artificial intelligence, machine learning and deep learning models have become increasingly sophisticated in the field of hemodialysis. Utilizing machine learning to predict blood pressure fluctuations during dialysis has become a viable predictive method.

Methods
Our study included data from 67,524 hemodialysis sessions conducted at Ningbo No.2 Hospital and Xiangshan First People’s Hospital from August 1, 2019, to September 30, 2023. 47,053 sessions were used for model training and testing, while 20,471 sessions were used for external validation. We collected 45 features, including general information, vital signs, blood routine, blood biochemistry, and other relevant data. Data not meeting the inclusion criteria were excluded, and feature engineering was performed. The definitions of IDH and IDHTN were clarified, and 10 machine learning algorithms were used to build the models. For model development, the dialysis data were randomly split into a training set (80%) and a testing set (20%). To evaluate model performance, six metrics were used: accuracy, precision, recall, F1 score, ROC-AUC, and PR-AUC. Shapley Additive Explanation (SHAP) method was employed to identify eight key features, which were used to develop a clinical application utilizing the Streamlit framework.

Results
Statistical analysis showed that IDH occurred in 56.63% of hemodialysis sessions, while the incidence of IDHTN was 23.53%. Multiple machine learning models (e.g., CatBoost, RF) were developed to predict IDH and IDHTN events. XGBoost performed the best, achieving ROC-AUC scores of 0.89 for both IDH and IDHTN in internal validation, with PR-AUC scores of 0.95 and 0.78, and high accuracy, precision, recall, and F1 scores. The SHAP method identified pre-dialysis systolic blood pressure, BMI, and pre-dialysis mean arterial pressure as the top three important features. It has been translated into a convenient application for use in clinical .

Conclusion
Using machine learning models to predict IDH and IDHTN during hemodialysis is feasible and provides clinically reliable predictive performance. This can help timely implement interventions during hemodialysis to prevent problems, reduce blood pressure fluctuations during dialysis, and improve patient outcomes.",https://link.springer.com/article/10.1186/s12882-025-03959-x
4,"Research on the Nonlinear Relationship Between Carbon Emissions from Residential Land and the Built Environment: A Case Study of Susong County, Anhui Province Using the XGBoost-SHAP Model","Congguang Xu, Wei Xiong, Simin Zhang, Hailiang Shi, Shichao Wu, Shanju Bao, Tieqiao Xiao",20-Feb-25,"Abstract

Residential land is the basic unit of urban-scale carbon emissions (CEs). Quantifying and predicting CEs from residential land are conducive to achieving urban carbon neutrality. This study took 84 residential communities in Susong County, Anhui Province as its research object, exploring the nonlinear relationship between the urban built environment and CEs from residential land. By identifying CEs from residential land through building electricity consumption, 14 built environment indicators, including land area (LA), floor area ratio (FAR), greening ratio (GA), building density (BD), gross floor area (GFA), land use mix rate (Phh), and permanent population density (PPD), were selected to establish an interpretable machine learning (ML) model based on the XGBoost-SHAP attribution analysis framework. The research results show that, first, the goodness of fit of the XGBoost model reached 91.9%, and its prediction accuracy was better than that of gradient boosting decision tree (GBDT), random forest (RF), the Adaboost model, and the traditional logistic model. Second, compared with other ML models, the XGBoost-SHAP model explained the influencing factors of CEs from residential land more clearly. The SHAP attribution analysis results indicate that BD, FAR, and Phh were the most important factors affecting CEs. Third, there was a significant nonlinear relationship and threshold effect between built environment characteristic variables and CEs from residential land. Fourth, there was an interaction between different dimensions of environmental factors, and BD, FAR, and Phh played a dominant role in the interaction. Reducing FAR is considered to be an effective CE reduction strategy. This research provides practical suggestions for urban planners on reducing CEs from residential land, which has important policy implications and practical significance.",https://www.mdpi.com/2073-445X/14/3/440
5,Comparison of Different Machine Learning Models with Data Balancing for Prediction of Cardiovascular Disease Risks Based on Big Data,Gözde Özsezer,2026,"Abstract

Cardiovascular diseases (CVD) are a leading global cause of death and morbidity. This study evaluates data balancing techniques (SMOTE, ENN, SMOTE-ENN, SMOTE-Tomek) and machine learning (ML) algorithms for predicting CVD risk using big data. The 2021 CDC BRFSS dataset, with 308,854 records, was preprocessed by removing missing and irrelevant data. The dataset was split into 80% training and 20% testing subsets. ML models, including logistic regression, random forest, LightGBM, XGBoost, and CatBoost, were trained on balanced data. Performance metrics such as accuracy, precision, recall, F1 score, ROC curve, and AUC were used for evaluation. SMOTE-ENN and SMOTE-Tomek improved model performance, with LightGBM and CatBoost achieving the highest AUC and F1 scores. 

Results demonstrate that data balancing, especially SMOTE-ENN, enhances model sensitivity, aiding CVD risk identification. These findings underscore the potential for ML in nursing to develop targeted interventions and improve outcomes.",https://dergipark.org.tr/en/pub/jist/article/1800624
6,Modeling of New Agents with Potential Antidiabetic Activity Based on Machine Learning Algorithms,"Yevhen Pruhlo, Ivan Iurchenko, Alina Tomenko",27-Oct-25,"Abstract

Type 2 diabetes mellitus (T2DM) is a growing global health challenge, expected to affect over 600 million people by 2045. The discovery of new antidiabetic agents remains resource-intensive, motivating the use of machine learning (ML) for virtual screening based on molecular structure. In this study, we developed a predictive pipeline integrating two distinct descriptor types: high-dimensional numerical features from the Mordred library (>1800 2D/3D descriptors) and categorical ontological annotations from the ClassyFire and ChEBI systems. These encode hierarchical chemical classifications and functional group labels. The dataset included 45 active compounds and thousands of inactive molecules, depending on the descriptor system. To address class imbalance, we applied SMOTE and created balanced training and test sets while preserving independent validation sets. Thirteen ML models—including regression, SVM, naive Bayes, decision trees, ensemble methods, and others—were trained using stratified 12-fold cross-validation and evaluated across training, test, and validation. Ridge Regression showed the best generalization (MCC = 0.814), with Gradient Boosting following (MCC = 0.570). Feature importance analysis highlighted the complementary nature of the descriptors: Ridge Regression emphasized ClassyFire taxonomies such as CHEMONTID:0000229 and CHEBI:35622, while Mordred-based models (e.g., Random Forest) prioritized structural and electronic features like MAXsssCH and ETA_dEpsilon_D. This study is the first to systematically integrate and compare structural and ontological descriptors for antidiabetic compound prediction. The framework offers a scalable and interpretable approach to virtual screening and can be extended to other therapeutic domains to accelerate early-stage drug discovery.",https://www.mdpi.com/2673-9623/5/4/30
7,"Chongqing Mental Health Center, Chongqing, 401147, China 2 The First Clinical College, Chongqing Medical University, Chongqing, 400016, China 3 College of …","M Yuan, S Bi, Z Chen, X Fan, X Chen, K Shen",2026,"Abstract Qianyu Yin,1,2,* Zhaowu Chai,3,* Binbin Tao,1,2 Ping Liu,1,2 Yu Luo,1,2 Qinghua Zhao,4 Bing Yang1 1Department of Nursing, The Affiliated Stomatological Hospital of Chongqing Medical University, Chongqing, People’s Republic of China; 2College of Nursing, Chongqing Medical University, Chongqing, People’s Republic of China; 3Outpatient Department at Longfor Guangnian, The Affiliated Stomatological Hospital of Chongqing Medical University, Chongqing, People’s Republic of China; 4Center of Nursing Research, The First Affiliated Hospital of Chongqing Medical University, Chongqing, People’s Republic of China*These authors contributed equally to this workCorrespondence: Qinghua Zhao, Center of Nursing Research, The First Affiliated Hospital of Chongqing Medical University, Yuzhong District, Chongqing, 400016, People’s Republic of China, Tel +86 18602308866, Email 201307@hospital.cqmu.edu.cn Bing Yang, Department of Nursing, The Affiliated Stomatological Hospital of Chongqing Medical University, Yubei District, Chongqing, 401147, People’s Republic of China, Tel +86 13228649430, Email yangb@hospital.cqmu.edu.cn",https://link.springer.com/content/pdf/10.1186/s12889-026-27754-x_reference.pdf
8,Informatics and Health,TA Shuvo,2022,"Abstract With a massive influx of multimodality data, the role of data analytics in health informatics has grown rapidly in the last decade. This has also prompted increasing interests in the generation of analytical, data driven models based on machine learning in health informatics. Deep learning, a technique with its foundation in artificial neural networks, is emerging in recent years as a powerful tool for machine learning, promising to reshape the future of artificial intelligence. Rapid improvements in computational power, fast data storage, and parallelization have also contributed to the rapid uptake of the technology in addition to its predictive power and ability to generate automatically optimized high-level features and semantic interpretation from the input data. This article presents a comprehensive up-to-date review of research employing deep learning in health informatics, providing a critical analysis of the relative merit, and potential pitfalls of the technique as well as its future outlook. The paper mainly focuses on key applications of deep learning in the fields of translational bioinformatics, medical imaging, pervasive sensing, medical informatics, and public health.",https://www.researchgate.net/profile/Tonmoy-Alam-Shuvo/publication/393888861_Machine_learning-based_prediction_of_suicidal_ideation_plans_and_attempts_among_school-going_adolescents/links/687ef9f1f312d71d78c8bbaf/Machine-learning-based-prediction-of-suicidal-ideation-plans-and-attempts-among-school-going-adolescents.pdf
9,Are you a robot?,"J Liu, C Li, P Ouyang, J Liu, C Wu",2023,https://www.sciencedirect.com/science/article/pii/S1877050925014814,https://www.sciencedirect.com/science/article/pii/S1877050925014814
10,Are you a robot?,"FM Delpino, LP Pimenta, DF Gonzalez, A Victor…",2025,https://www.sciencedirect.com/org/science/article/pii/S1546221822002314,https://www.sciencedirect.com/org/science/article/pii/S1546221822002314
11,www.tandfonline.com,"I Malashin, V Tynchenko, A Gantimurov, V Nelyub…",2025,"Abstract This study evaluates the performance of various methodologies used in the literature to predict failures in small- and medium-sized enterprises (SMEs) using a data set of U.S. SMEs. By evaluating over 6,100 models and data subsample combinations, we find that the light gradient boosting machine (LightGBM) exhibits the best out-of-sample predictive performance, closely followed by extreme gradient boosting (XGBoost). These two estimation methods perform best using their built-in feature-selection mechanisms and do not require sample rebalancing. However, for most other estimation methods, feature selection and sample rebalancing are critical. For example, logistic regression (Logit) performs significantly better with appropriate feature selection and sample rebalancing. We also provide an overview of the importance of various features in predicting failures.",https://www.tandfonline.com/doi/abs/10.1080/00472778.2024.2390500
12,www.authorea.com,"G Tian, Z Hu, R Geng",2026,"Abstract BACKGROUND: The majority of clinical genetic testing focuses almost exclusively on regions of the genome that directly encode proteins. The important role of variants in non-coding regions in penetrant disease is, however, increasingly being demonstrated, and the use of whole genome sequencing in clinical diagnostic  is rising across a large range of genetic disorders. Despite this, there is no existing guidance on how current guidelines designed primarily for variants in protein-coding regions should be adapted for variants identified in other genomic contexts. METHODS: We convened a panel of nine clinical and research scientists with wide-ranging expertise in clinical variant interpretation, with specific experience in variants within non-coding regions. This panel discussed and refined an initial draft of the guidelines which were then extensively tested and reviewed by external groups. RESULTS: We discuss considerations specifically for variants in non-coding regions of the genome. We outline how to define candidate regulatory elements, highlight examples of mechanisms through which non-coding region variants can lead to penetrant monogenic disease, and outline how existing guidelines can be adapted for the interpretation of these variants. CONCLUSIONS: These recommendations aim to increase the number and range of non-coding region variants that can be clinically interpreted, which, together with a compatible phenotype, can lead to new diagnoses and catalyse the discovery of novel disease mechanisms.",https://www.authorea.com/doi/full/10.22541/au.173535297.79369962
13,Optimizing Building Short-Term Load Forecasting: A Comparative Analysis of Machine Learning Models,"Paraskevas Koukaras, Akeem Mustapha, Aristeidis Mystakidis, Christos Tjortjis",18-Mar-24,"Abstract

The building sector, known for its high energy consumption, needs to reduce its energy use due to rising greenhouse gas emissions. To attain this goal, a projection for domestic energy usage is needed. This work optimizes short-term load forecasting (STLF) in the building sector while considering several variables (energy consumption/generation, weather information, etc.) that impact energy use. It performs a comparative analysis of various machine learning (ML) models based on different data resolutions and time steps ahead (15 min, 30 min, and 1 h with 4-step-, 2-step-, and 1-step-ahead, respectively) to identify the most accurate prediction method. Performance assessment showed that models like histogram gradient-boosting regression (HGBR), light gradient-boosting machine regression (LGBMR), extra trees regression (ETR), ridge regression (RR), Bayesian ridge regression (BRR), and categorical boosting regression (CBR) outperformed others, each for a specific resolution. Model performance was reported using
R
2
, root mean square error (RMSE), coefficient of variation of RMSE (CVRMSE), normalized RMSE (NRMSE), mean absolute error (MAE), and execution time. The best overall model performance indicated that the resampled 1 h 1-step-ahead prediction was more accurate than the 15 min 4-step-ahead and the 30 min 2-step-ahead predictions. Findings reveal that data preparation is vital for the accuracy of prediction models and should be model-adjusted.",https://www.mdpi.com/1996-1073/17/6/1450
14,Pyroptosis-Related Gene Signatures Can Robustly Diagnose Skin Cutaneous Melanoma and Predict the Prognosis,"Anji Ju, Jiaze Tang, Shuohua Chen, Yan Fu, Yongzhang Luo",7/13/2021,"Abstract Skin cutaneous melanoma (SKCM) is a chronically malignant tumor with a high mortality rate. Pyroptosis, a kind of pro-inflammatory programmed cell death, has been linked to cancer in recent studies. However, the value of pyroptosis in the diagnosis and prognosis of SKCM is not clear. In this study, it was discovered that 20 pyroptosis-related genes (PRGs) differed in expression between SKCM and normal tissues, which were related to diagnosis and prognosis. Firstly, based on these genes, nine machine-learning algorithms were shown to perform well in constructing diagnostic classifiers, including K-Nearest Neighbor (KNN), logistic regression, Support Vector Machine (SVM), Artificial Neural Network (ANN), decision tree, random forest, XGBoost, LightGBM, and CatBoost. Secondly, the least absolute shrinkage and selection operator (LASSO) Cox regression analysis was applied and the prognostic model was constructed based on 9 PRGs. Subgroups in low and high risks determined by the prognostic model were shown to have different survival. Thirdly, functional enrichment analyses were performed by applying the gene set enrichment analysis (GSEA), and results suggested that the risk was related to immune response. In conclusion, the expression signatures of pyroptosis-related genes are effective and robust in the diagnosis and prognosis of SKCM, which is related to immunity.",https://www.frontiersin.org/journals/oncology/articles/10.3389/fonc.2021.709077/full
15,New hybrid multi-objective feature selection: Boruta-XGBoost,"Tohid Yousefi, Özlem Varlıklar",28-Jan-26,"Abstract

In the era of data-intensive science, feature selection has become a cornerstone of building robust machine learning models, particularly in biomedical fields where datasets are often high-dimensional. The process of identifying a subset of relevant and non-redundant features is not merely a means of reducing computational overhead; it is crucial for enhancing model accuracy, preventing overfitting, and improving the interpretability of results. Despite its importance, finding an optimal feature subset remains a significant challenge. This study introduces and validates a novel two-stage hybrid framework, named Boruta-XGBoost (Boruta-Extreme Gradient Boosting), designed to synergize feature selection and prediction. We demonstrate the efficacy of this framework on the complex task of estimating body fat percentage, a problem characterized by correlated anatomical predictors. Our primary goal is to benchmark its performance against a comprehensive suite of established machine learning algorithms. Our proposed framework unfolds in two distinct stages. Initially, we leverage the Boruta algorithm—a powerful wrapper method based on Random Forest—to systematically identify all statistically relevant features. This step ensures that no potentially important variables, including those with subtle interaction effects, are prematurely discarded. Subsequently, an Extreme Gradient Boosting (XGBoost) model is trained exclusively on this refined feature subset. To establish a robust benchmark, we evaluated 16 other models (six linear and 10 non-linear) using the complete feature set. All models were assessed via a 70/30 train-test split and validated using 10-fold cross-validation, with the coefficient of determination (R2) and Root Mean Square Error (RMSE) serving as the primary performance metrics. When trained on the full set of features, the best-performing conventional model—non-linear support vector regression—yielded an R2 of 0.77. In striking contrast, our Boruta-XGBoost framework achieved a markedly superior R2 of 0.88 and a correspondingly lower RMSE. A key finding is that this enhanced predictive accuracy was accomplished using just six features (representing only 46% of the original 13), which were autonomously identified by the Boruta stage.

Conclusion
Our results compellingly demonstrate that the proposed Boruta-XGBoost hybrid framework offers a substantial improvement over conventional modeling approaches. By intelligently decoupling feature selection from prediction, our method constructs a more parsimonious and powerful model. This two-stage strategy underscores the value of integrating rigorous statistical feature filtering with state-of-the-art predictive algorithms, presenting a potent and generalizable approach for tackling complex prediction problems.",https://peerj.com/articles/cs-3463/
16,Automatic Feature Selection for Imbalanced Echocardiogram Data Using Event-Based Self-Similarity,"Huang-Nan Huang, Hong-Min Chen, Wei-Wen Lin, Rita Wiryasaputra, Yung-Cheng Chen, Yu-Huei Wang, Chao-Tung Yang",11-Apr-25,"Abstract

Background and 

Objective: Using echocardiogram data for cardiovascular disease (CVD) can lead to difficulties due to imbalanced datasets, leading to biased predictions. Machine learning models can enhance prognosis accuracy, but their effectiveness is influenced by optimal feature selection and robust classification techniques. This study introduces an event-based self-similarity approach to enhance automatic feature selection approach for imbalanced echocardiogram data. Critical features correlated with disease progression were identified by leveraging self-similarity patterns. This study used an echocardiogram dataset, visual presentations of high-frequency sound wave signals, and data of patients with heart disease who are treated using three treatment methods: catheter ablation, ventricular defibrillator, and drug control—over the course of three years. 

Methods: The dataset was classified into nine categories and Recursive Feature Elimination (RFE) was applied to identify the most relevant features, reducing model complexity while maintaining diagnostic accuracy. Machine learning classification models, including XGBoost and CATBoost, were trained and evaluated. 

Results: Both models achieved comparable accuracy values, 84.3% and 88.4%, respectively, under different normalization techniques. To further optimize performance, the models were combined into a voting ensemble, improving feature selection and predictive accuracy. Four essential features—age, aorta (AO), left ventricular (LV), and left atrium (LA)—were identified as critical for prognosis and were found in Random Forest (RF)-voting ensemble classifier. The results underscore the importance of feature selection techniques in handling imbalanced datasets, improving classification robustness, and reducing bias in automated prognosis systems. 

Conclusions: Our findings highlight the potential of machine learning-driven echocardiogram analysis to enhance patient care by providing accurate, data-driven assessments.",https://www.mdpi.com/2075-4418/15/8/976
17,Detecting Thyroid Disease Using Optimized Machine Learning Model Based on Differential Evolution,"Punit Gupta, Furqan Rustam, Khadija Kanwal, Wajdi Aljedaani, Sultan Alfarhood, Mejdl Safran, Imran Ashraf",3-Jan-24,"Abstract
Thyroid disease has been on the rise during the past few years. Owing to its importance in metabolism, early detection of thyroid disease is a task of critical importance. Despite several existing works on thyroid disease detection, the problem of class imbalance is not investigated very well. In addition, existing studies predominantly focus on the binary-class problem. This study aims to solve these issues by the proposed approach where ten types of thyroid diseases are considered. The proposed approach uses a differential evolution (DE)-based optimization algorithm to fine-tune the parameters of machine learning models. Moreover, conditional generative adversarial networks are used for data augmentation. Several sets of experiments are carried out to analyze the performance of the proposed approach with and without model optimization. 

Results suggest that a 0.998 accuracy score can be obtained using AdaBoost with DE optimization which is better than existing state-of-the-art models.",https://link.springer.com/article/10.1007/s44196-023-00388-2
18,Recent progress in the data-driven discovery of novel photovoltaic materials,"Tian Lu, Minjie Li, Tong-Yi Zhang",2022,"Abstract

The discovery of new photovoltaic materials can facilitate technological progress in clean energy and hence benefit overall societal development. Machine learning (ML) and deep learning (DL) technologies integrated with domain knowledge are revolutionizing the traditional trial-and-error research paradigm that is associated with high costs, inefficiency, and significant human effort. This review provides an overview of the recent progress in the data-driven discovery of novel photovoltaic materials for perovskite, dye-sensitized and organic solar cells. The integral workflow of the ML/DL training progress is briefly introduced, covering data preparation, feature engineering, model building and their applications. The cutting-edge challenges and issues in the ML/DL workflow are summarized specifically for photovoltaic materials. Real examples are emphasized to illustrate how to utilize ML/DL techniques in the discovery of novel photovoltaic materials. The prospects and future directions of the data-driven discovery of novel photovoltaic materials are also provided.",https://www.oaepublish.com/articles/jmi.2022.07
19,Identification of prognostic signatures in remnant gastric cancer through an interpretable risk model based on machine learning: a multicenter cohort study,"Zhouwei Zhan, Bijuan Chen, Hui Cheng, Shaohua Xu, Chunping Huang, Sijing Zhou, Haiting Chen, Xuanping Lin, Ruyu Lin, Wanting Huang, Xiaohuan Ma, Yu Fu, Zhipeng Chen, Hanchen Zheng, Songchang Shi, Zengqing Guo, Lihui Zhang",30-Apr-24,"Abstract

Objective
The purpose of this study was to develop an individual survival prediction model based on multiple machine learning (ML) algorithms to predict survival probability for remnant gastric cancer (RGC).

Methods
Clinicopathologic data of 286 patients with RGC undergoing operation (radical resection and palliative resection) from a multi-institution database were enrolled and analyzed retrospectively. These individuals were split into training (80%) and test cohort (20%) by using random allocation. Nine commonly used ML methods were employed to construct survival prediction models. Algorithm performance was estimated by analyzing accuracy, precision, recall, F1-score, area under the receiver operating characteristic curve (AUC), confusion matrices, five-fold cross-validation, decision curve analysis (DCA), and calibration curve. The best model was selected through appropriate verification and validation and was suitably explained by the SHapley Additive exPlanations (SHAP) approach.

Results
Compared with the traditional methods, the RGC survival prediction models employing ML exhibited good performance. Except for the decision tree model, all other models performed well, with a mean ROC AUC above 0.7. The DCA findings suggest that the developed models have the potential to enhance clinical decision-making processes, thereby improving patient outcomes. The calibration curve reveals that all models except the decision tree model displayed commendable predictive performance. Through CatBoost-based modeling and SHAP analysis, the five-year survival probability is significantly influenced by several factors: the lymph node ratio (LNR), T stage, tumor size, resection margins, perineural invasion, and distant metastasis.

Conclusions
This study established predictive models for survival probability at five years in RGC patients based on ML algorithms which showed high accuracy and applicative value.",https://link.springer.com/article/10.1186/s12885-024-12303-9
20,Ensemble learning based on efficient features combination can predict the outcome of recurrence-free survival in patients with hepatocellular carcinoma within three years after surgery,"Liyang Wang, Meilong Wu, Chengzhan Zhu, Rui Li, Shiyun Bao, Shizhong Yang, Jiahong Dong",11/10/2022,"Abstract Preoperative prediction of recurrence outcome in hepatocellular carcinoma (HCC) facilitates physicians’ clinical decision-making. Preoperative imaging and related clinical baseline data of patients are valuable for evaluating prognosis. With the widespread application of machine learning techniques, the present study proposed the ensemble learning method based on efficient feature representations to predict recurrence outcomes within three years after surgery. Radiomics features during arterial phase (AP) and clinical data were selected for training the ensemble models. In order to improve the efficiency of the process, the lesion area was automatically segmented by 3D U-Net. It was found that the mIoU of the segmentation model was 0.8874, and the Light Gradient Boosting Machine (LightGBM) was the most superior, with an average accuracy of 0.7600, a recall of 0.7673, a F1 score of 0.7553, and an AUC of 0.8338 when inputting radiomics features during AP and clinical baseline indicators. Studies have shown that the proposed strategy can relatively accurately predict the recurrence outcome within three years, which is helpful for physicians to evaluate individual patients before surgery.",https://www.frontiersin.org/journals/oncology/articles/10.3389/fonc.2022.1019009/full
21,The transformative potential of artificial intelligence in solid organ transplantation,"Mouhamad Al Moussawy, Zoe S. Lakkis, Zuhayr A. Ansari, Aravind R. Cherukuri, Khodor I. Abou-Daya",3/15/2024,"Abstract Solid organ transplantation confronts numerous challenges ranging from donor organ shortage to post-transplant complications. Here, we provide an overview of the latest attempts to address some of these challenges using artificial intelligence (AI). We delve into the application of machine learning in pretransplant evaluation, predicting transplant rejection, and post-operative patient outcomes. By providing a comprehensive overview of AI's current impact, this review aims to inform clinicians, researchers, and policy-makers about the transformative power of AI in enhancing solid organ transplantation and facilitating personalized medicine in transplant care.",https://www.frontiersin.org/journals/transplantation/articles/10.3389/frtra.2024.1361491/full
22,Research on the development of an intelligent prediction model for blood pressure variability during hemodialysis,"Zhijian Ren, Minqiao Zhang, Pingping Wang, Kanan Chen, Jing Wang, Lingping Wu, Yue Hong, Yihui Qu, Qun Luo, Kedan Cai",17-Feb-25,"Abstract

Objective
Blood pressure fluctuations during dialysis, including intradialytic hypotension (IDH) and intradialytic hypertension (IDHTN), are common complications among patients undergoing maintenance hemodialysis. Early prediction of IDH and IDHTN can help reduce the occurrence of these fluctuations. With the development of artificial intelligence, machine learning and deep learning models have become increasingly sophisticated in the field of hemodialysis. Utilizing machine learning to predict blood pressure fluctuations during dialysis has become a viable predictive method.

Methods
Our study included data from 67,524 hemodialysis sessions conducted at Ningbo No.2 Hospital and Xiangshan First People’s Hospital from August 1, 2019, to September 30, 2023. 47,053 sessions were used for model training and testing, while 20,471 sessions were used for external validation. We collected 45 features, including general information, vital signs, blood routine, blood biochemistry, and other relevant data. Data not meeting the inclusion criteria were excluded, and feature engineering was performed. The definitions of IDH and IDHTN were clarified, and 10 machine learning algorithms were used to build the models. For model development, the dialysis data were randomly split into a training set (80%) and a testing set (20%). To evaluate model performance, six metrics were used: accuracy, precision, recall, F1 score, ROC-AUC, and PR-AUC. Shapley Additive Explanation (SHAP) method was employed to identify eight key features, which were used to develop a clinical application utilizing the Streamlit framework.

Results
Statistical analysis showed that IDH occurred in 56.63% of hemodialysis sessions, while the incidence of IDHTN was 23.53%. Multiple machine learning models (e.g., CatBoost, RF) were developed to predict IDH and IDHTN events. XGBoost performed the best, achieving ROC-AUC scores of 0.89 for both IDH and IDHTN in internal validation, with PR-AUC scores of 0.95 and 0.78, and high accuracy, precision, recall, and F1 scores. The SHAP method identified pre-dialysis systolic blood pressure, BMI, and pre-dialysis mean arterial pressure as the top three important features. It has been translated into a convenient application for use in clinical .

Conclusion
Using machine learning models to predict IDH and IDHTN during hemodialysis is feasible and provides clinically reliable predictive performance. This can help timely implement interventions during hemodialysis to prevent problems, reduce blood pressure fluctuations during dialysis, and improve patient outcomes.",https://link.springer.com/article/10.1186/s12882-025-03959-x
23,"Research on the Nonlinear Relationship Between Carbon Emissions from Residential Land and the Built Environment: A Case Study of Susong County, Anhui Province Using the XGBoost-SHAP Model","Congguang Xu, Wei Xiong, Simin Zhang, Hailiang Shi, Shichao Wu, Shanju Bao, Tieqiao Xiao",20-Feb-25,"Abstract

Residential land is the basic unit of urban-scale carbon emissions (CEs). Quantifying and predicting CEs from residential land are conducive to achieving urban carbon neutrality. This study took 84 residential communities in Susong County, Anhui Province as its research object, exploring the nonlinear relationship between the urban built environment and CEs from residential land. By identifying CEs from residential land through building electricity consumption, 14 built environment indicators, including land area (LA), floor area ratio (FAR), greening ratio (GA), building density (BD), gross floor area (GFA), land use mix rate (Phh), and permanent population density (PPD), were selected to establish an interpretable machine learning (ML) model based on the XGBoost-SHAP attribution analysis framework. The research results show that, first, the goodness of fit of the XGBoost model reached 91.9%, and its prediction accuracy was better than that of gradient boosting decision tree (GBDT), random forest (RF), the Adaboost model, and the traditional logistic model. Second, compared with other ML models, the XGBoost-SHAP model explained the influencing factors of CEs from residential land more clearly. The SHAP attribution analysis results indicate that BD, FAR, and Phh were the most important factors affecting CEs. Third, there was a significant nonlinear relationship and threshold effect between built environment characteristic variables and CEs from residential land. Fourth, there was an interaction between different dimensions of environmental factors, and BD, FAR, and Phh played a dominant role in the interaction. Reducing FAR is considered to be an effective CE reduction strategy. This research provides practical suggestions for urban planners on reducing CEs from residential land, which has important policy implications and practical significance.",https://www.mdpi.com/2073-445X/14/3/440
24,Comparison of Different Machine Learning Models with Data Balancing for Prediction of Cardiovascular Disease Risks Based on Big Data,Gözde Özsezer,2026,"Abstract

Cardiovascular diseases (CVD) are a leading global cause of death and morbidity. This study evaluates data balancing techniques (SMOTE, ENN, SMOTE-ENN, SMOTE-Tomek) and machine learning (ML) algorithms for predicting CVD risk using big data. The 2021 CDC BRFSS dataset, with 308,854 records, was preprocessed by removing missing and irrelevant data. The dataset was split into 80% training and 20% testing subsets. ML models, including logistic regression, random forest, LightGBM, XGBoost, and CatBoost, were trained on balanced data. Performance metrics such as accuracy, precision, recall, F1 score, ROC curve, and AUC were used for evaluation. SMOTE-ENN and SMOTE-Tomek improved model performance, with LightGBM and CatBoost achieving the highest AUC and F1 scores. 

Results demonstrate that data balancing, especially SMOTE-ENN, enhances model sensitivity, aiding CVD risk identification. These findings underscore the potential for ML in nursing to develop targeted interventions and improve outcomes.",https://dergipark.org.tr/en/pub/jist/article/1800624
25,Modeling of New Agents with Potential Antidiabetic Activity Based on Machine Learning Algorithms,"Yevhen Pruhlo, Ivan Iurchenko, Alina Tomenko",27-Oct-25,"Abstract

Type 2 diabetes mellitus (T2DM) is a growing global health challenge, expected to affect over 600 million people by 2045. The discovery of new antidiabetic agents remains resource-intensive, motivating the use of machine learning (ML) for virtual screening based on molecular structure. In this study, we developed a predictive pipeline integrating two distinct descriptor types: high-dimensional numerical features from the Mordred library (>1800 2D/3D descriptors) and categorical ontological annotations from the ClassyFire and ChEBI systems. These encode hierarchical chemical classifications and functional group labels. The dataset included 45 active compounds and thousands of inactive molecules, depending on the descriptor system. To address class imbalance, we applied SMOTE and created balanced training and test sets while preserving independent validation sets. Thirteen ML models—including regression, SVM, naive Bayes, decision trees, ensemble methods, and others—were trained using stratified 12-fold cross-validation and evaluated across training, test, and validation. Ridge Regression showed the best generalization (MCC = 0.814), with Gradient Boosting following (MCC = 0.570). Feature importance analysis highlighted the complementary nature of the descriptors: Ridge Regression emphasized ClassyFire taxonomies such as CHEMONTID:0000229 and CHEBI:35622, while Mordred-based models (e.g., Random Forest) prioritized structural and electronic features like MAXsssCH and ETA_dEpsilon_D. This study is the first to systematically integrate and compare structural and ontological descriptors for antidiabetic compound prediction. The framework offers a scalable and interpretable approach to virtual screening and can be extended to other therapeutic domains to accelerate early-stage drug discovery.",https://www.mdpi.com/2673-9623/5/4/30
26,"Chongqing Mental Health Center, Chongqing, 401147, China 2 The First Clinical College, Chongqing Medical University, Chongqing, 400016, China 3 College of …","M Yuan, S Bi, Z Chen, X Fan, X Chen, K Shen",2026,"Abstract Qianyu Yin,1,2,* Zhaowu Chai,3,* Binbin Tao,1,2 Ping Liu,1,2 Yu Luo,1,2 Qinghua Zhao,4 Bing Yang1 1Department of Nursing, The Affiliated Stomatological Hospital of Chongqing Medical University, Chongqing, People’s Republic of China; 2College of Nursing, Chongqing Medical University, Chongqing, People’s Republic of China; 3Outpatient Department at Longfor Guangnian, The Affiliated Stomatological Hospital of Chongqing Medical University, Chongqing, People’s Republic of China; 4Center of Nursing Research, The First Affiliated Hospital of Chongqing Medical University, Chongqing, People’s Republic of China*These authors contributed equally to this workCorrespondence: Qinghua Zhao, Center of Nursing Research, The First Affiliated Hospital of Chongqing Medical University, Yuzhong District, Chongqing, 400016, People’s Republic of China, Tel +86 18602308866, Email 201307@hospital.cqmu.edu.cn Bing Yang, Department of Nursing, The Affiliated Stomatological Hospital of Chongqing Medical University, Yubei District, Chongqing, 401147, People’s Republic of China, Tel +86 13228649430, Email yangb@hospital.cqmu.edu.cn",https://link.springer.com/content/pdf/10.1186/s12889-026-27754-x_reference.pdf
27,Informatics and Health,TA Shuvo,2022,"Abstract With a massive influx of multimodality data, the role of data analytics in health informatics has grown rapidly in the last decade. This has also prompted increasing interests in the generation of analytical, data driven models based on machine learning in health informatics. Deep learning, a technique with its foundation in artificial neural networks, is emerging in recent years as a powerful tool for machine learning, promising to reshape the future of artificial intelligence. Rapid improvements in computational power, fast data storage, and parallelization have also contributed to the rapid uptake of the technology in addition to its predictive power and ability to generate automatically optimized high-level features and semantic interpretation from the input data. This article presents a comprehensive up-to-date review of research employing deep learning in health informatics, providing a critical analysis of the relative merit, and potential pitfalls of the technique as well as its future outlook. The paper mainly focuses on key applications of deep learning in the fields of translational bioinformatics, medical imaging, pervasive sensing, medical informatics, and public health.",https://www.researchgate.net/profile/Tonmoy-Alam-Shuvo/publication/393888861_Machine_learning-based_prediction_of_suicidal_ideation_plans_and_attempts_among_school-going_adolescents/links/687ef9f1f312d71d78c8bbaf/Machine-learning-based-prediction-of-suicidal-ideation-plans-and-attempts-among-school-going-adolescents.pdf
28,Predicting consumer loan default risk and systemic risk in financial institutions through machine learning techniques: a systematic literature review,"Ahmad Yar, Muhammad Usman",2026,"Abstract

Purpose
                    This study aims to systematically review the application of machine learning (ML) techniques in predicting two major categories of financial risk: consumer loan default risk (CLDR) and systemic risk (SR) arising from institutional interconnectedness. The purpose is to identify the dominant models and methodological trends that define the current research landscape.
                  
                  
                    Design/methodology/approach
                    Using the preferred reporting items for systematic reviews and meta-analyses framework, this review initially retrieved 130 journal articles from the Scopus database, of which 50 met the inclusion criteria. The selected studies were comparatively analyzed to identify common prevailing ML techniques, data sets and evaluation metrics used for predicting CLDR and SR.
                  
                  
                    Findings
                    The review finds that models such as decision trees, support vector machines, naïve Bayes, random forest, LightGBM, XGBoost and artificial neural networks dominate CLDR prediction research. For SR, complex network embeddings methods, graph neural networks, recurrent neural networks (RNN), convolutional neural networks and network centrality measures are prevalent.
                  
                  
                    Research limitations/implications
                    The review also identifies contextual limitations and recommends incorporating hybrid models that combine deep learning with tree-based algorithms and explainable artificial intelligence interpretability for CLDR prediction. For SR, multivariate RNN-based models are recommended, and network-based analyses should be extended to include nonbank intermediaries, incorporating macroeconomic factors, policy environments and broader data sets in future research.
                  
                  
                    Practical implications
                    The findings offer valuable insights for implementing accurate, interpretable ML models to improve loan approval processes, credit risk monitoring and SR mitigation strategies.
                  
                  
                    Social implications
                    Enhanced financial risk prediction can strengthen economic stability, protect consumers from default and mitigate systemic crises, while interpretable ML models promote transparency and trust in automated financial decisions.
                  
                  
                    Originality/value
                    This study offers a comprehensive synthesis of ML approaches to financial risk prediction, emphasizing hybrid models, interpretability and broader systemic analysis. It serves as a guide for researchers and practitioners to develop more robust and context-aware predictive frameworks in financial institutions.",https://www.emerald.com/jm2/article/doi/10.1108/JM2-07-2025-0378/1384049
29,Towards a Data-Driven Approach for Early Identification of High-Risk Differentiated Thyroid Cancer Using Clinicopathologic Features,"Tahmima Hoque Eid, Ashim Dey",2026,"Abstract

Differentiated thyroid cancer (DTC) is primarily categorized into papillary and follicular types. It generally exhibits a good long-term prognosis, but some patients experience recurrence that adversely affects their health and treatment options. To facilitate the early detection of patients at greater risk, we propose an interpretable machine learning-based approach that combines domain-informed clinicopathologic encoding, foldwise handling of class imbalance, and ensemble learning with cross-validated model interpretation. We assessed multiple models across outer test folds, with the Bagging Classifier showing the best overall performance under nested cross-validation, yielding an accuracy of <tex xmlns:mml=""http://www.w3.org/1998/Math/MathML"" xmlns:xlink=""http://www.w3.org/1999/xlink"">$\mathbf{9 6. 1 \%}$</tex> and an F1-score of <tex xmlns:mml=""http://www.w3.org/1998/Math/MathML"" xmlns:xlink=""http://www.w3.org/1999/xlink"">$\mathbf{9 2. 9 1 \%}$</tex>. Moreover, we applied three diverse models using standardized <tex xmlns:mml=""http://www.w3.org/1998/Math/MathML"" xmlns:xlink=""http://www.w3.org/1999/xlink"">$\mathbf{T}$</tex> and <tex xmlns:mml=""http://www.w3.org/1998/Math/MathML"" xmlns:xlink=""http://www.w3.org/1999/xlink"">$\mathbf{N}$</tex> staging features and analyzed model decisions with SHAP. Nodal status (N) and tumor size (T) were the key staging predictors, exhibiting notable cross-interactions. They also interacted with clinical features such as Response and Risk, highlighting their combined association with recurrence risk. By integrating strong predictive performance with case-specific insights, this framework provides meaningful risk stratification and improves interpretability for healthcare practitioners. Before implementing this methodology in standard practice, multicenter validation and the inclusion of additional clinical biomarkers are essential.",https://ieeexplore.ieee.org/abstract/document/11546215/
30,Recent advances in machine learning for the design and performance prediction of corrosion inhibitors,"…, ZE Jumaeva, AI Kholboyeva…",2026,"Abstract Accurate anticipation of the maize harvest date is important in the agricultural market, as it ensures the sustainability of food production in response to the increasing global demand for food. This paper proposes a predictive model to determine the optimal harvest time in maize plots using the Normalised Difference Vegetation Index (NDVI) and climatological data. These variables were oversampled and used to train various models, including Random Forest (RF), Gradient Boosting Machine (GBM), Light Gradient Boosting Machine (LGBM), Extreme Gradient Boosting Machine (XGBoost), CatBoost and Support Vector Machine (SVM). Bayesian optimisation has been used to find the best hyperparameters and Shapley values to identify the variables that exert the most significant influence on the prediction in each model instance. As a result of this approach, a model with an accuracy of 92.1% and an Area Under the Curve (AUC) of 0.935 was developed. The variables that determined these results were atmospheric pressure, mean temperature, precipitation, NDVI, and precipitation.",https://www.researchgate.net/profile/Zebiniso-Qurbonova/publication/404926379_Recent_advances_in_machine_learning_for_the_design_and_performance_prediction_of_corrosion_inhibitors/links/6a0f38180fc2cb502285b327/Recent-advances-in-machine-learning-for-the-design-and-performance-prediction-of-corrosion-inhibitors.pdf
31,www.tandfonline.com,"Z Zhang, Y He, Z Mo, P Zhang, Z Tian…",2026,"Abstract This study evaluates the performance of various methodologies used in the literature to predict failures in small- and medium-sized enterprises (SMEs) using a data set of U.S. SMEs. By evaluating over 6,100 models and data subsample combinations, we find that the light gradient boosting machine (LightGBM) exhibits the best out-of-sample predictive performance, closely followed by extreme gradient boosting (XGBoost). These two estimation methods perform best using their built-in feature-selection mechanisms and do not require sample rebalancing. However, for most other estimation methods, feature selection and sample rebalancing are critical. For example, logistic regression (Logit) performs significantly better with appropriate feature selection and sample rebalancing. We also provide an overview of the importance of various features in predicting failures.",https://www.tandfonline.com/doi/abs/10.1080/00472778.2024.2390500
32,Feature selection and classification in machine learning: methods and models for peer-to-peer lending,"M Atef, MI Gabr, W Seoud, S Ouf",2025,"Abstract Feature Selection (FS) is a pivotal technique in machine learning (ML) that improves predictive performance, model interpretability, and computational efficiency by reducing data dimensionality and isolating the most informative variables. In the dynamic environment of peer-to-peer (P2P) lending, FS is crucial for accurate credit risk assessment, borrower profiling, and loan default prediction. P2P platforms generate vast and heterogeneous datasets encompassing demographic, financial, behavioural, and transactional information, where redundant or irrelevant features can degrade model accuracy and scalability. This review provides a comprehensive examination of FS methodologies, including filter, wrapper, and embedded approaches, analysing their trade-offs in accuracy potential, computational cost, and interpretability. The study further explores classification models, supervised learning algorithms designed to predict borrower repayment behaviour, covering linear, non-linear, and tree-based ensembles widely applied in credit scoring. Classification methods address critical challenges in P2P lending, such as class imbalance, explainability, and the need for scalable, high-performing predictive systems. By synthesizing recent advances and practical applications, this review offers a structured guide for researchers and practitioners to select FS techniques and classification models aligned with P2P lending’s requirements. Emphasis is placed on optimizing predictive accuracy, enhancing interpretability, and supporting data-driven decision-making to strengthen credit evaluation processes, mitigate default risk, and promote sustainable growth across P2P lending platforms.",https://msamsj.journals.ekb.eg/article_445111.html
33,Machine learning-assisted construction of COPD self-evaluation questionnaire (COPD-EQ): a national multicentre study in China,"Yiming Ma, Zijie Zhan, Yahong Chen, Jing Zhang, Wen Li, Zhiyi He, Jungang Xie, Haijin Zhao, Anping Xu, Kun Peng, Gang Wang, Qingping Zeng, Ting Yang, Yan Chen, Chen Wang",2025,"Abstract

Background Approximately 70% of chronic obstructive pulmonary disease (COPD) is underdiagnosed worldwide. We aimed to develop and validate a COPD self-evaluation questionnaire (COPD-EQ) that is better suited for COPD screening in China. 

Methods We developed a primary version of COPD-EQ based on the Delphi method. Then, we conducted a nationwide multicentre prospective to validate our novel COPD-EQ screening ability. To improve the screening ability of COPD-EQ, we used a series of machine learning (ML)-based methods, including logistic regression, XgBoost, LightGBM, and CatBoost. These models were developed and then evaluated on a random 3:1 train/test split. 

Results Through the Delphi approach, we developed the primary version of COPD-EQ with nine items. In the following prospective multicentre study, we recruited 1824 outpatients from 12 sites, of whom 404 (22.1%) were diagnosed with COPD. After the score assignment assisted by ML models and the Shapley Additive Explanation method, six of nine items were retained for a briefer version of COPD-EQ. The scoring-based method achieves an AUC score of 0.734 at a threshold of 4.0. Finally, a novel six-item COPD-EQ questionnaire was developed. 

Conclusions The COPD-EQ questionnaire was validated to be reliable and accurate in COPD screening for the Chinese population. The ML model can further improve the questionnaire’s screening ability.",https://pmc.ncbi.nlm.nih.gov/articles/PMC11699521/
34,Optimizing Building Short-Term Load Forecasting: A Comparative Analysis of Machine Learning Models,"Paraskevas Koukaras, Akeem Mustapha, Aristeidis Mystakidis, Christos Tjortjis",18-Mar-24,"Abstract

The building sector, known for its high energy consumption, needs to reduce its energy use due to rising greenhouse gas emissions. To attain this goal, a projection for domestic energy usage is needed. This work optimizes short-term load forecasting (STLF) in the building sector while considering several variables (energy consumption/generation, weather information, etc.) that impact energy use. It performs a comparative analysis of various machine learning (ML) models based on different data resolutions and time steps ahead (15 min, 30 min, and 1 h with 4-step-, 2-step-, and 1-step-ahead, respectively) to identify the most accurate prediction method. Performance assessment showed that models like histogram gradient-boosting regression (HGBR), light gradient-boosting machine regression (LGBMR), extra trees regression (ETR), ridge regression (RR), Bayesian ridge regression (BRR), and categorical boosting regression (CBR) outperformed others, each for a specific resolution. Model performance was reported using
R
2
, root mean square error (RMSE), coefficient of variation of RMSE (CVRMSE), normalized RMSE (NRMSE), mean absolute error (MAE), and execution time. The best overall model performance indicated that the resampled 1 h 1-step-ahead prediction was more accurate than the 15 min 4-step-ahead and the 30 min 2-step-ahead predictions. Findings reveal that data preparation is vital for the accuracy of prediction models and should be model-adjusted.",https://www.mdpi.com/1996-1073/17/6/1450
35,Artificial Intelligence and Machine Learning Approaches for Indoor Air Quality Prediction: A Comprehensive Review of Methods and Applications,"Dominik Latoń, Jakub Grela, Andrzej Ożadowicz, Lukasz Wisniewski",30-Sep-25,"Abstract

Indoor air quality (IAQ) is a critical determinant of health, comfort, and productivity, and is strongly connected to building energy demand due to the role of ventilation and air treatment in HVAC systems. This review examines recent applications of Artificial Intelligence (AI) and Machine Learning (ML) for IAQ prediction across residential, educational, commercial, and public environments. Approaches are categorized by predicted parameters, forecasting horizons, facility types, and model architectures. Particular focus is given to pollutants such as CO2, PM2.5, PM10, VOCs, and formaldehyde. Deep learning methods, especially the LSTM and GRU networks, achieve superior accuracy in short-term forecasting, while hybrid models integrating physical simulations or optimization algorithms enhance robustness and generalizability. Importantly, predictive IAQ frameworks are increasingly applied to support demand-controlled ventilation, adaptive HVAC strategies, and retrofit planning, contributing directly to reduced energy consumption and carbon emissions without compromising indoor environmental quality. Remaining challenges include data heterogeneity, sensor reliability, and limited interpretability of deep models. This review highlights the need for scalable, explainable, and energy-aware IAQ prediction systems that align health-oriented indoor management with energy efficiency and sustainability goals. Such approaches directly contribute to policy priorities, including the EU Green Deal and Fit for 55 package, advancing both occupant well-being and low-carbon smart building operation.",https://www.mdpi.com/1996-1073/18/19/5194
36,New hybrid multi-objective feature selection: Boruta-XGBoost,"Tohid Yousefi, Özlem Varlıklar",28-Jan-26,"Abstract

In the era of data-intensive science, feature selection has become a cornerstone of building robust machine learning models, particularly in biomedical fields where datasets are often high-dimensional. The process of identifying a subset of relevant and non-redundant features is not merely a means of reducing computational overhead; it is crucial for enhancing model accuracy, preventing overfitting, and improving the interpretability of results. Despite its importance, finding an optimal feature subset remains a significant challenge. This study introduces and validates a novel two-stage hybrid framework, named Boruta-XGBoost (Boruta-Extreme Gradient Boosting), designed to synergize feature selection and prediction. We demonstrate the efficacy of this framework on the complex task of estimating body fat percentage, a problem characterized by correlated anatomical predictors. Our primary goal is to benchmark its performance against a comprehensive suite of established machine learning algorithms. Our proposed framework unfolds in two distinct stages. Initially, we leverage the Boruta algorithm—a powerful wrapper method based on Random Forest—to systematically identify all statistically relevant features. This step ensures that no potentially important variables, including those with subtle interaction effects, are prematurely discarded. Subsequently, an Extreme Gradient Boosting (XGBoost) model is trained exclusively on this refined feature subset. To establish a robust benchmark, we evaluated 16 other models (six linear and 10 non-linear) using the complete feature set. All models were assessed via a 70/30 train-test split and validated using 10-fold cross-validation, with the coefficient of determination (R2) and Root Mean Square Error (RMSE) serving as the primary performance metrics. When trained on the full set of features, the best-performing conventional model—non-linear support vector regression—yielded an R2 of 0.77. In striking contrast, our Boruta-XGBoost framework achieved a markedly superior R2 of 0.88 and a correspondingly lower RMSE. A key finding is that this enhanced predictive accuracy was accomplished using just six features (representing only 46% of the original 13), which were autonomously identified by the Boruta stage.

Conclusion
Our results compellingly demonstrate that the proposed Boruta-XGBoost hybrid framework offers a substantial improvement over conventional modeling approaches. By intelligently decoupling feature selection from prediction, our method constructs a more parsimonious and powerful model. This two-stage strategy underscores the value of integrating rigorous statistical feature filtering with state-of-the-art predictive algorithms, presenting a potent and generalizable approach for tackling complex prediction problems.",https://peerj.com/articles/cs-3463/
37,The Role of Machine Learning in Enhancing Particulate Matter Estimation: A Systematic Literature Review,"Amjad Alkhodaidi, Afraa Attiah, Alaa Mhawish, Abeer Hakeem",15-Oct-24,"Abstract

As urbanization and industrial activities accelerate globally, air quality has become a pressing concern, particularly due to the harmful effects of particulate matter (PM), notably PM2.5 and PM10. This review paper presents a comprehensive systematic assessment of machine learning (ML) techniques for estimating PM concentrations, drawing on studies published from 2018 to 2024. Traditional statistical methods often fail to account for the complex dynamics of air pollution, leading to inaccurate predictions, especially during peak pollution events. In contrast, ML approaches have emerged as powerful tools that leverage large datasets to capture nonlinear, intricate relationships among various environmental, meteorological, and anthropogenic factors. This review synthesizes findings from 32 studies, demonstrating that ML techniques, particularly ensemble learning models, significantly enhance estimation accuracy. However, challenges remain, including data quality, the need for diverse and balanced datasets, issues related to feature selection, and spatial discontinuity. This paper identifies critical research gaps and proposes future directions to improve model robustness and applicability. By advancing the understanding of ML applications in air quality monitoring, this review seeks to contribute to developing effective strategies for mitigating air pollution and protecting public health.",https://www.mdpi.com/2227-7080/12/10/198
38,Detecting Thyroid Disease Using Optimized Machine Learning Model Based on Differential Evolution,"Punit Gupta, Furqan Rustam, Khadija Kanwal, Wajdi Aljedaani, Sultan Alfarhood, Mejdl Safran, Imran Ashraf",3-Jan-24,"Abstract
Thyroid disease has been on the rise during the past few years. Owing to its importance in metabolism, early detection of thyroid disease is a task of critical importance. Despite several existing works on thyroid disease detection, the problem of class imbalance is not investigated very well. In addition, existing studies predominantly focus on the binary-class problem. This study aims to solve these issues by the proposed approach where ten types of thyroid diseases are considered. The proposed approach uses a differential evolution (DE)-based optimization algorithm to fine-tune the parameters of machine learning models. Moreover, conditional generative adversarial networks are used for data augmentation. Several sets of experiments are carried out to analyze the performance of the proposed approach with and without model optimization. 

Results suggest that a 0.998 accuracy score can be obtained using AdaBoost with DE optimization which is better than existing state-of-the-art models.",https://link.springer.com/article/10.1007/s44196-023-00388-2
39,Application of machine learning techniques for multi-class classification performance on mental disorders,Ümit Can,2026,"Abstract

The contemporary social framework is predicated on a fiercely competitive system, which amplifies individual pressure and subsequently elevates the incidence of mental diseases, significantly affecting public health. Consequently, governmental and non-governmental groups allocate considerable resources to tackle these concerns. The precise identification of such illnesses via artificial intelligence techniques has become critically significant. These methodologies, widely used across several healthcare sectors, have been increasingly adopted in psychiatry. Evaluating psychiatric data to forecast disease accurately enables doctors to make better decisions and establishes a robust decision-support framework. This work employed prevalent machine learning techniques to identify mental illnesses utilizing a dataset with labels for seven distinct mental states—six disorders and one normative condition. The approaches were initially evaluated on an imbalanced dataset and subsequently on a balanced dataset, facilitating comparison of the outcomes. Among Categorical Boosting, Gradient Boosting, Extreme Gradient Boosting, Support Vector Machine, and Logistic Regression, the Support Vector Machine method demonstrated superior performance on both balanced and imbalanced datasets.",https://dergipark.org.tr/en/pub/ijpas/article/1925035
40,"Predicting blue water footprint and green water footprint of orange in Nile Delta based on single, hybrid, and stacking hybridization machine learning algorithms under diverse agro-climatic conditions","Ashrakat A. Lotfy, Mohamed E. Abuarab, Eslam Farag, Bilal Derardja, Roula Khadra, Ahmed A. Ayoub, Ali Mokhtar",13-Feb-26,"Abstract
This study aims to investigate the effects of climate change on the Blue water footprint (BWFP) and Green water footprint (GWFP) of oranges in the El-Beheira and Al-Sharkia governorates in the Nile Delta using data from 2013 to 2022. Various machine learning (ML) models, including LASSO, RF, XGB, and CATBOOST, as well as hybrid models like XGB-RF, RF-LASSO-CAT-LASSO, XGB-LASSO, XGB-CAT, XGB-CAT-LASSO, XGB-RF-LASSO, and stacked ensemble models, were employed to assess the impact of climate change in Egypt and determine the most accurate model for predicting BWFP and GWFP of orange crops. The models were tested under different scenarios (Sc) involving climate parameters, crop parameters, and remote sensing indices (Normalized Difference Vegetative Index (NDVI), Normalized Difference Moisture Index (NDMI), Enhanced vegetation index (EVI), Soil-adjusted Vegetation Index (SAVI), Green Chlorophyll Index (GCI), and Land Surface Temperature (LST)). The CatBoost-RF hybrid model in Sc5 (Peeff, Tmax) showed the highest accuracy of 1.00 for BWFP, while the LASSO model in Sc3 had the lowest accuracy of 0.846. For GWFP, all hybrid models achieved a maximum accuracy of 1.0. The R2 value for predicting BWFP was highest at 0.98 under Sc2 using RF-LASSO hybrid models and lowest at 0.63 under Sc3 with RF. As for GWFP, the highest R2 value of 1.0 was obtained under Sc1 with XGB-CatBoost-LASSO, while the lowest value of 0.07 was seen under Sc3 with XGB-RF-LASSO. The lowest RMSE value of 0.15 was observed with the RF-LASSO hybrid model, while the highest value of 0.31 was seen with the LASSO model in Sc2 for BWFP. For GWFP, the minimum and maximum RMSE values were 0.01 and 0.06 under XGB-RF-LASSO and CatBoost models, respectively, in Sc4 (Peeff, Tmax, Tmin). The study suggests utilizing hybrid models, either double or triple, especially for RF-LASSO and XGB-CAT-LASSO, to effectively predict the BWFP and GWFP of oranges in arid regions.",https://link.springer.com/article/10.1007/s13201-025-02725-6
41,Predicting consumer loan default risk and systemic risk in financial institutions through machine learning techniques: a systematic literature review,"Ahmad Yar, Muhammad Usman",2026,"Abstract

Purpose
                    This study aims to systematically review the application of machine learning (ML) techniques in predicting two major categories of financial risk: consumer loan default risk (CLDR) and systemic risk (SR) arising from institutional interconnectedness. The purpose is to identify the dominant models and methodological trends that define the current research landscape.
                  
                  
                    Design/methodology/approach
                    Using the preferred reporting items for systematic reviews and meta-analyses framework, this review initially retrieved 130 journal articles from the Scopus database, of which 50 met the inclusion criteria. The selected studies were comparatively analyzed to identify common prevailing ML techniques, data sets and evaluation metrics used for predicting CLDR and SR.
                  
                  
                    Findings
                    The review finds that models such as decision trees, support vector machines, naïve Bayes, random forest, LightGBM, XGBoost and artificial neural networks dominate CLDR prediction research. For SR, complex network embeddings methods, graph neural networks, recurrent neural networks (RNN), convolutional neural networks and network centrality measures are prevalent.
                  
                  
                    Research limitations/implications
                    The review also identifies contextual limitations and recommends incorporating hybrid models that combine deep learning with tree-based algorithms and explainable artificial intelligence interpretability for CLDR prediction. For SR, multivariate RNN-based models are recommended, and network-based analyses should be extended to include nonbank intermediaries, incorporating macroeconomic factors, policy environments and broader data sets in future research.
                  
                  
                    Practical implications
                    The findings offer valuable insights for implementing accurate, interpretable ML models to improve loan approval processes, credit risk monitoring and SR mitigation strategies.
                  
                  
                    Social implications
                    Enhanced financial risk prediction can strengthen economic stability, protect consumers from default and mitigate systemic crises, while interpretable ML models promote transparency and trust in automated financial decisions.
                  
                  
                    Originality/value
                    This study offers a comprehensive synthesis of ML approaches to financial risk prediction, emphasizing hybrid models, interpretability and broader systemic analysis. It serves as a guide for researchers and practitioners to develop more robust and context-aware predictive frameworks in financial institutions.",https://www.emerald.com/jm2/article/doi/10.1108/JM2-07-2025-0378/1384049
42,onlinelibrary.wiley.com,"Q Zhang, Y Yang, Q Hou, Q Shi, Y Yi, X Gan, X Gao",2026,"Abstract ABSTRACT
The integration of machine learning into environmental, social, and governance (ESG) research has gained significant traction, offering advanced predictive capabilities, enhanced decision‐making, and improved transparency in sustainable finance. Despite a growing body of literature, no systematic effort has been made to comprehensively map the intersection of ESG and machine learning. This study conducts a systematic literature review, synthesizing insights from 57 high‐quality articles published between 2004 and 2024 on the Web of Science and Scopus. Employing bibliometric analysis, thematic analysis, and the TCCM framework, this study identifies dominant research themes, methodological advancements, and persistent gaps in ESG‐machine learning literature. Findings reveal the increasing application of machine learning in ESG score prediction, risk assessment, investment decision‐making, and controversy detection while highlighting key challenges such as data standardization, model explainability, and algorithmic bias. Random Forest consistently demonstrated the highest prediction accuracy across several studies. This study offers valuable implications for academics, practitioners, and policymakers, providing a structured foundation for advancing ESG analytics and fostering responsible artificial intelligence‐driven sustainability strategies.",https://onlinelibrary.wiley.com/doi/abs/10.1002/csr.70089
43,Towards a Data-Driven Approach for Early Identification of High-Risk Differentiated Thyroid Cancer Using Clinicopathologic Features,"Tahmima Hoque Eid, Ashim Dey",2026,"Abstract

Differentiated thyroid cancer (DTC) is primarily categorized into papillary and follicular types. It generally exhibits a good long-term prognosis, but some patients experience recurrence that adversely affects their health and treatment options. To facilitate the early detection of patients at greater risk, we propose an interpretable machine learning-based approach that combines domain-informed clinicopathologic encoding, foldwise handling of class imbalance, and ensemble learning with cross-validated model interpretation. We assessed multiple models across outer test folds, with the Bagging Classifier showing the best overall performance under nested cross-validation, yielding an accuracy of <tex xmlns:mml=""http://www.w3.org/1998/Math/MathML"" xmlns:xlink=""http://www.w3.org/1999/xlink"">$\mathbf{9 6. 1 \%}$</tex> and an F1-score of <tex xmlns:mml=""http://www.w3.org/1998/Math/MathML"" xmlns:xlink=""http://www.w3.org/1999/xlink"">$\mathbf{9 2. 9 1 \%}$</tex>. Moreover, we applied three diverse models using standardized <tex xmlns:mml=""http://www.w3.org/1998/Math/MathML"" xmlns:xlink=""http://www.w3.org/1999/xlink"">$\mathbf{T}$</tex> and <tex xmlns:mml=""http://www.w3.org/1998/Math/MathML"" xmlns:xlink=""http://www.w3.org/1999/xlink"">$\mathbf{N}$</tex> staging features and analyzed model decisions with SHAP. Nodal status (N) and tumor size (T) were the key staging predictors, exhibiting notable cross-interactions. They also interacted with clinical features such as Response and Risk, highlighting their combined association with recurrence risk. By integrating strong predictive performance with case-specific insights, this framework provides meaningful risk stratification and improves interpretability for healthcare practitioners. Before implementing this methodology in standard practice, multicenter validation and the inclusion of additional clinical biomarkers are essential.",https://ieeexplore.ieee.org/abstract/document/11546215/
44,Recent advances in machine learning for the design and performance prediction of corrosion inhibitors,"…, ZE Jumaeva, AI Kholboyeva…",2026,"Abstract Photocatalytic wastewater treatment is a promising technology for degrading persistent organic pollutants; however, its optimization remains challenging because photocatalytic performance depends on complex interactions among catalyst properties, operating conditions, and wastewater composition. Machine learning (ML) has emerged as a powerful tool for accelerating catalyst development, predicting photocatalytic performance, and optimizing process parameters. This review critically analyzes recent studies on ML-assisted photocatalytic wastewater treatment, covering supervised learning, ensemble learning, deep learning, and hybrid optimization approaches for predicting degradation efficiency, reaction kinetics, and catalyst performance. Rather than simply summarizing existing studies, the review compares the strengths, limitations, and applicability of different ML models while evaluating the influence of dataset quality, feature engineering, and validation strategies on predictive reliability. Emerging developments in explainable artificial intelligence, physics-informed machine learning, digital twins, and autonomous catalyst discovery are also discussed. Current challenges, including limited datasets, data heterogeneity, model overfitting, lack of standardized benchmarking, and poor transferability to real wastewater systems, are critically examined. Finally, future perspectives emphasizing standardized datasets, interpretable AI, rigorous model validation, and intelligent catalyst design are proposed. This review provides a practical roadmap for integrating artificial intelligence with photocatalysis to accelerate the development of reliable and sustainable wastewater treatment technologies.",https://www.researchgate.net/profile/Zebiniso-Qurbonova/publication/404926379_Recent_advances_in_machine_learning_for_the_design_and_performance_prediction_of_corrosion_inhibitors/links/6a0f38180fc2cb502285b327/Recent-advances-in-machine-learning-for-the-design-and-performance-prediction-of-corrosion-inhibitors.pdf
45,Utilizing machine learning algorithms for cardiovascular disease prediction: “Detailed analysis based on medical parameters”,"Mahesh Kumar Joshi, Deepak Dembla, Suman Bhatia",2025,"Abstract

Utilizing machine learning algorithms for cardiovascular disease prediction: “Detailed analysis based on medical parameters”, Joshi, Mahesh Kumar, Dembla, Deepak, Bhatia, Suman",https://iopscience.iop.org/article/10.1016/j.medengphy.2025.104347/meta
46,A Machine Learning-Based Model for Predicting Credit Facility Defaulters in Uganda,Muddu George,2024,"Abstract

Predicting credit facility defaulters in Uganda poses a significant challenge, particularly for individuals lacking formal banking histories. This study aims to address this gap by leveraging machine learning techniques on a diverse set of financial data, including mobile money transactions, FinTech services, and traditional banking records. By developing a more inclusive creditworthiness assessment tool, we seek to enhance financial inclusion for underserved populations. Several machine learning algorithms to predict loan defaults were evaluated, including Logistic Regression, Support Vector Machines (SVM), and Extreme Gradient Boosting (XGBoost). The XGBoost model emerged as the most effective, achieving an accuracy of 95.23%, a recall of 73.32%, a precision of 94.11%, and an AUC of 0.8119. In contrast, the Logistic Regression model attained an accuracy of 89.53%, with a significantly lower recall of 43.24% and precision of 66.59%. The SVM model performed moderately, with an accuracy of 93.21% and a recall of 62.80%, but it still fell short compared to XGBoost. The findings highlight the potential of advanced machine learning models like XGBoost to significantly improve credit scoring systems. By providing a more accurate and inclusive tool for credit evaluation, financial institutions and policymakers can better identify potential defaulters, mitigate loan defaults, and foster economic growth among underserved communities",https://ir.kiu.ac.ug/items/3c4bc5be-7e84-4926-b6d4-7a82ffa88610
47,Feature selection and classification in machine learning: methods and models for peer-to-peer lending,"M Atef, MI Gabr, W Seoud, S Ouf",2025,"Abstract A central problem in machine learning is identifying a representative set of features from which to construct a classification model for a particular task. This thesis addresses the problem of feature selection for machine learning through a correlation based approach. The central hypothesis is that good feature sets contain features that are highly correlated with the class, yet uncorrelated with each other. A feature evaluation formula, based on ideas from test theory, provides an operational definition of this hypothesis. CFS (Correlation based Feature Selection) is an algorithm that couples this evaluation formula with an appropriate correlation measure and a heuristic search strategy. CFS was evaluated by experiments on artificial and natural datasets. Three machine learning algorithms were used: C4.5 (a decision tree learner), IB 1 (an instance based learner), and naive Bayes. Experiments on artificial datasets showed that CFS quickly identifies and screens irrelevant, redundant, and noisy features, and identifies relevant features as long as their relevance does not strongly depend on other features. On natural domains, CFS typically eliminated well over half the features. In most cases, classification accuracy using the reduced feature set equaled or bettered accuracy using the complete feature set. Feature selection degraded machine learning performance in cases where some features were eliminated which were highly predictive of very small areas of the instance space. Further experiments compared CFS with a wrapper - a well known approach to feature selection that employs the target learning algorithm to evaluate feature sets. In many cases CFS gave comparable results to the wrapper, and in general, outperformed the wrapper on small datasets. CFS executes many times faster than the wrapper, which allows it to scale to larger datasets. Two methods of extending CFS to handle feature interaction are presented and experimentally evaluated. The first considers pairs of features and the second incorporates feature weights calculated by the RELIEF algorithm. Experiments on artificial domains showed that both methods were able to identify interacting features. On natural domains, the pairwise method gave more reliable results than using weights provided by RELIEF.",https://msamsj.journals.ekb.eg/article_445111.html
48,Machine learning-assisted construction of COPD self-evaluation questionnaire (COPD-EQ): a national multicentre study in China,"Yiming Ma, Zijie Zhan, Yahong Chen, Jing Zhang, Wen Li, Zhiyi He, Jungang Xie, Haijin Zhao, Anping Xu, Kun Peng, Gang Wang, Qingping Zeng, Ting Yang, Yan Chen, Chen Wang",2025,"Abstract

Background Approximately 70% of chronic obstructive pulmonary disease (COPD) is underdiagnosed worldwide. We aimed to develop and validate a COPD self-evaluation questionnaire (COPD-EQ) that is better suited for COPD screening in China. 

Methods We developed a primary version of COPD-EQ based on the Delphi method. Then, we conducted a nationwide multicentre prospective to validate our novel COPD-EQ screening ability. To improve the screening ability of COPD-EQ, we used a series of machine learning (ML)-based methods, including logistic regression, XgBoost, LightGBM, and CatBoost. These models were developed and then evaluated on a random 3:1 train/test split. 

Results Through the Delphi approach, we developed the primary version of COPD-EQ with nine items. In the following prospective multicentre study, we recruited 1824 outpatients from 12 sites, of whom 404 (22.1%) were diagnosed with COPD. After the score assignment assisted by ML models and the Shapley Additive Explanation method, six of nine items were retained for a briefer version of COPD-EQ. The scoring-based method achieves an AUC score of 0.734 at a threshold of 4.0. Finally, a novel six-item COPD-EQ questionnaire was developed. 

Conclusions The COPD-EQ questionnaire was validated to be reliable and accurate in COPD screening for the Chinese population. The ML model can further improve the questionnaire’s screening ability.",https://pmc.ncbi.nlm.nih.gov/articles/PMC11699521/
49,Artificial Intelligence and Machine Learning Approaches for Indoor Air Quality Prediction: A Comprehensive Review of Methods and Applications,"Dominik Latoń, Jakub Grela, Andrzej Ożadowicz, Lukasz Wisniewski",30-Sep-25,"Abstract

Indoor air quality (IAQ) is a critical determinant of health, comfort, and productivity, and is strongly connected to building energy demand due to the role of ventilation and air treatment in HVAC systems. This review examines recent applications of Artificial Intelligence (AI) and Machine Learning (ML) for IAQ prediction across residential, educational, commercial, and public environments. Approaches are categorized by predicted parameters, forecasting horizons, facility types, and model architectures. Particular focus is given to pollutants such as CO2, PM2.5, PM10, VOCs, and formaldehyde. Deep learning methods, especially the LSTM and GRU networks, achieve superior accuracy in short-term forecasting, while hybrid models integrating physical simulations or optimization algorithms enhance robustness and generalizability. Importantly, predictive IAQ frameworks are increasingly applied to support demand-controlled ventilation, adaptive HVAC strategies, and retrofit planning, contributing directly to reduced energy consumption and carbon emissions without compromising indoor environmental quality. Remaining challenges include data heterogeneity, sensor reliability, and limited interpretability of deep models. This review highlights the need for scalable, explainable, and energy-aware IAQ prediction systems that align health-oriented indoor management with energy efficiency and sustainability goals. Such approaches directly contribute to policy priorities, including the EU Green Deal and Fit for 55 package, advancing both occupant well-being and low-carbon smart building operation.",https://www.mdpi.com/1996-1073/18/19/5194
50,The Role of Machine Learning in Enhancing Particulate Matter Estimation: A Systematic Literature Review,"Amjad Alkhodaidi, Afraa Attiah, Alaa Mhawish, Abeer Hakeem",15-Oct-24,"Abstract

As urbanization and industrial activities accelerate globally, air quality has become a pressing concern, particularly due to the harmful effects of particulate matter (PM), notably PM2.5 and PM10. This review paper presents a comprehensive systematic assessment of machine learning (ML) techniques for estimating PM concentrations, drawing on studies published from 2018 to 2024. Traditional statistical methods often fail to account for the complex dynamics of air pollution, leading to inaccurate predictions, especially during peak pollution events. In contrast, ML approaches have emerged as powerful tools that leverage large datasets to capture nonlinear, intricate relationships among various environmental, meteorological, and anthropogenic factors. This review synthesizes findings from 32 studies, demonstrating that ML techniques, particularly ensemble learning models, significantly enhance estimation accuracy. However, challenges remain, including data quality, the need for diverse and balanced datasets, issues related to feature selection, and spatial discontinuity. This paper identifies critical research gaps and proposes future directions to improve model robustness and applicability. By advancing the understanding of ML applications in air quality monitoring, this review seeks to contribute to developing effective strategies for mitigating air pollution and protecting public health.",https://www.mdpi.com/2227-7080/12/10/198
51,Application of machine learning techniques for multi-class classification performance on mental disorders,Ümit Can,2026,"Abstract

The contemporary social framework is predicated on a fiercely competitive system, which amplifies individual pressure and subsequently elevates the incidence of mental diseases, significantly affecting public health. Consequently, governmental and non-governmental groups allocate considerable resources to tackle these concerns. The precise identification of such illnesses via artificial intelligence techniques has become critically significant. These methodologies, widely used across several healthcare sectors, have been increasingly adopted in psychiatry. Evaluating psychiatric data to forecast disease accurately enables doctors to make better decisions and establishes a robust decision-support framework. This work employed prevalent machine learning techniques to identify mental illnesses utilizing a dataset with labels for seven distinct mental states—six disorders and one normative condition. The approaches were initially evaluated on an imbalanced dataset and subsequently on a balanced dataset, facilitating comparison of the outcomes. Among Categorical Boosting, Gradient Boosting, Extreme Gradient Boosting, Support Vector Machine, and Logistic Regression, the Support Vector Machine method demonstrated superior performance on both balanced and imbalanced datasets.",https://dergipark.org.tr/en/pub/ijpas/article/1925035
52,"Predicting blue water footprint and green water footprint of orange in Nile Delta based on single, hybrid, and stacking hybridization machine learning algorithms under diverse agro-climatic conditions","Ashrakat A. Lotfy, Mohamed E. Abuarab, Eslam Farag, Bilal Derardja, Roula Khadra, Ahmed A. Ayoub, Ali Mokhtar",13-Feb-26,"Abstract
This study aims to investigate the effects of climate change on the Blue water footprint (BWFP) and Green water footprint (GWFP) of oranges in the El-Beheira and Al-Sharkia governorates in the Nile Delta using data from 2013 to 2022. Various machine learning (ML) models, including LASSO, RF, XGB, and CATBOOST, as well as hybrid models like XGB-RF, RF-LASSO-CAT-LASSO, XGB-LASSO, XGB-CAT, XGB-CAT-LASSO, XGB-RF-LASSO, and stacked ensemble models, were employed to assess the impact of climate change in Egypt and determine the most accurate model for predicting BWFP and GWFP of orange crops. The models were tested under different scenarios (Sc) involving climate parameters, crop parameters, and remote sensing indices (Normalized Difference Vegetative Index (NDVI), Normalized Difference Moisture Index (NDMI), Enhanced vegetation index (EVI), Soil-adjusted Vegetation Index (SAVI), Green Chlorophyll Index (GCI), and Land Surface Temperature (LST)). The CatBoost-RF hybrid model in Sc5 (Peeff, Tmax) showed the highest accuracy of 1.00 for BWFP, while the LASSO model in Sc3 had the lowest accuracy of 0.846. For GWFP, all hybrid models achieved a maximum accuracy of 1.0. The R2 value for predicting BWFP was highest at 0.98 under Sc2 using RF-LASSO hybrid models and lowest at 0.63 under Sc3 with RF. As for GWFP, the highest R2 value of 1.0 was obtained under Sc1 with XGB-CatBoost-LASSO, while the lowest value of 0.07 was seen under Sc3 with XGB-RF-LASSO. The lowest RMSE value of 0.15 was observed with the RF-LASSO hybrid model, while the highest value of 0.31 was seen with the LASSO model in Sc2 for BWFP. For GWFP, the minimum and maximum RMSE values were 0.01 and 0.06 under XGB-RF-LASSO and CatBoost models, respectively, in Sc4 (Peeff, Tmax, Tmin). The study suggests utilizing hybrid models, either double or triple, especially for RF-LASSO and XGB-CAT-LASSO, to effectively predict the BWFP and GWFP of oranges in arid regions.",https://link.springer.com/article/10.1007/s13201-025-02725-6
53,www.tandfonline.com,"E Kokori, G Olatunji, N Aderinto, I Muogbo…",2024,"Abstract Accurate streamflow prediction is vital for water resource management, particularly in data-scarce tropical regions. This study develops a hybrid streamflow prediction framework that integrates the Light Gradient Boosting Model (LGBM) with metaheuristic optimization, feature selection techniques, and NASA POWER meteorological data for the Muda River Basin, Malaysia. The LGBM performed best with the Grey Wolf Optimizer (GWO) and Sequential Forward Selection (SFS) at Syed Omar Bridge (NSE = 0.83, RMSE = 20.38 m3/s, WI = 0.95, PBIAS = +2.93%), whereas at Ladang Victoria it achieved the highest accuracy using the Teaching–Learning-Based Optimizer (TLO) and Boruta feature selection method (NSE = 0.84, RMSE = 33.54 m3/s, WI = 0.95, PBIAS = −1.00%). Compared with baseline models, the optimized LGBM frameworks consistently reduced prediction errors, improved efficiency metrics, and minimized systematic bias. These findings demonstrate the potential of open-source, data-driven, optimized machine learning models for reliable streamflow prediction in tropical basins.",https://www.tandfonline.com/doi/abs/10.1080/02626667.2026.2674167
54,Estimated glucose disposal rate predicts frailty through diabetes: Evidence from machine learning and mediation models in NHANES,"Wentao Yang, Qian Cheng, Guoxin Huang, Hongming Lin",2025,"Abstract

Objective
As an emerging insulin resistance marker, the relationship between estimated glucose disposal rate (eGDR) and frailty needs further exploration. This study examines the eGDR-frailty link, develops a machine learning predictive model to address this gap, and explores diabetes mellitus (DM) as a mediator, providing new insights for clinical intervention.

Methods
Using National Health and Nutrition Examination Survey (NHANES) 2005–2010 data, we analyzed glucose disposal and frailty associations. Feature selection used LASSO, and class imbalance was handled by SMOTEN. The resampled data were split 7:3 into a training set (n = 29,309) and a test set (n = 12,561).Ten machine learning models were built, with discrimination, calibration, and clinical utility evaluated to identify the optimal model. Confusion matrices visualized performance. Mediation analysis assessed DM’s role in the eGDR-frailty relationship.

Results
Among 26,282 participants, eGDR negatively correlated with frailty. Higher eGDR significantly reduced frailty risk in subgroups: women, age ≤ 60, normal/high BMI, never/current smokers, and alcohol users. LASSO selected 12 predictors. Across 10 models, CatBoost performed best on the test set (AUC = 0.970, accuracy = 0.920, F1 = 0.918), with robust calibration and decision-curve net benefit. SHAP interpretation ranked eGDR among the most influential predictors: SHAP summary and dependence plots indicated that higher eGDR decreased the model’s predicted probability of frailty. Confusion matrices validated classification accuracy. Mediation analysis showed DM partially mediated the eGDR-frailty relationship: indirect effect β=−0.003 (95% CI −0.003 to −0.002; P < 0.001), mediation proportion = 8.71%.

Conclusion
This first NHANES-based study demonstrates a significant negative correlation between eGDR and frailty, confirming DM’s partial mediating role. The developed machine learning models effectively support early frailty risk assessment and intervention.",https://journals.plos.org/plosone/article?id=10.1371/journal.pone.0333388
55,Winning beyond scoring: an explainable machine learning framework for identifying key performance indicators in the Chinese Basketball Association,"Rui Dong, Yingkang Peng, Qing Liu, Miguel-Angel Gómez-Ruano, Shaoliang Zhang, Xiao Xu, Bin Yang, Hongyou Liu",10-Mar-26,"Abstract

Background
Understanding why teams win in professional basketball requires more than examining isolated statistics. Performance adapts under changing competitive constraints, and key performance indicators (KPIs) must therefore be interpreted within context. This study aimed to develop an explainable, multi-model machine learning (ML) framework to identify score-line dependent KPIs associated with winning outcomes in the Chinese Basketball Association (CBA).

Methods
A total of 3,249 games from the 2018–2022 CBA regular seasons were analyzed. Based on final score margin, games were classified into close (1–9 points) and balanced (10–18 points) contexts using k-means clustering. For each context, game-related statistics and play-type variables were initially screened using conventional statistical procedures. A dual-stage feature selection process combining lasso and stepwise logistic regression retained indicators consistently selected by both models. Ten commonly used ML classifiers were then trained and evaluated using nested cross-validation. Rather than benchmarking predictive accuracy alone, a convergence-based strategy was adopted, treating KPI relevance consistently identified across classifiers as stronger structural evidence. Shapley Additive exPlanations (SHAP) were used to quantify the magnitude and direction of each KPI's contribution within the top-performing classifiers.

Results
Model performance differed across score-line contexts. In close games, the BP neural network, support vector machine, and logistic regression achieved the best performance (accuracy: 71.2%–76.4%; AUC: 0.80–0.83), while tree-based ensemble classifiers (e.g., XGBoost, CatBoost, and LightGBM) showed superior discrimination in balanced games (accuracy: 83.9%–86.7%, AUC: 0.92–0.93). SHAP analysis revealed distinct context-dependent KPI structures. Close game wins were characterized by greater defensive rebounding and fewer turnovers, defensive fouls, and missed perimeter attempts. Screen-off made actions emerged as the only retained play-type indicator. Balanced games displayed a broader KPI structure involving higher relevance of rebounding, contested field-goal efficiency, steals, and play-type behaviors including screen-off, pick-and-roll roller, and pick-and-pop actions.

Conclusion
Winning outcomes in the CBA depend less on scoring volume alone and more on how teams regulate coordination and possession stability under different score-line constraints. Close games favor defensive integrity and the control of destabilizing events, while balanced games reward sustained possession management and diversified off-ball coordination. These findings provide actionable guidance for context-sensitive training design and tactical decision-making in professional basketball.",https://link.springer.com/article/10.1186/s13102-026-01620-0
56,"Recent Trends in Machine Learning, Deep Learning, Ensemble Learning, and Explainable Artificial Intelligence Techniques for Evaluating Crop Yields Under Abnormal Climate Conditions","Ji Won Choi, Mohamad Soleh Hidayat, Soo Been Cho, Woon-Ha Hwang, Hoonsoo Lee, Byoung-Kwan Cho, Moon S. Kim, Insuck Baek, Geonwoo Kim",11-Sep-25,"Abstract

Crop yield prediction (CYP) has become increasingly critical in addressing the adverse effects of abnormal climate and enhancing agricultural productivity. This review investigates the application of advanced Artificial Intelligence (AI) techniques including Machine Learning (ML), Deep Learning (DL), Ensemble Learning, and Explainable AI (XAI) to CYP. It also explores the use of remote sensing and imaging technologies, identifies key environmental factors, and analyzes the primary causes of yield reduction. A wide diversity of input features was observed across studies, largely influenced by data availability and specific research goals. Stepwise feature selection was found to be more effective than increasing feature volume in improving model accuracy. Frequently used algorithms include Random Forest (RF) and Support Vector Machines (SVM) for ML, Artificial Neural Networks (ANNs) and Convolutional Neural Networks (CNNs) for DL, as well as stacking-based ensemble methods. Although XAI remains in the early stages of adoption, it shows strong potential for interpreting complex, multi-dimensional CYP models. Hyperspectral imaging (HSI) and multispectral imaging (MSI), often collected via drones, were the most commonly used sensing techniques. Major factors contributing to yield reduction included atmospheric and soil-related conditions under abnormal climate, as well as pest outbreaks, declining soil fertility, and economic constraints. Providing a comprehensive overview of AI-driven CYP frameworks, this review offers insights that support the advancement of precision agriculture and the development of data-informed agricultural policies.",https://www.mdpi.com/2223-7747/14/18/2841
57,Exploring Prognostic Gene Factors in Breast Cancer via Machine Learning,"QingLan Ma, Lei Chen, KaiYan Feng, Wei Guo, Tao Huang, Yu-Dong Cai",21-Feb-24,"Abstract
Breast cancer remains the most prevalent cancer in women. To date, its underlying molecular mechanisms have not been fully uncovered. The determination of gene factors is important to improve our understanding on breast cancer, which can correlate the specific gene expression and tumor staging. However, the knowledge in this regard is still far from complete. Thus, this study aimed to explore these knowledge gaps by analyzing existing gene expression profile data from 3149 breast cancer samples, where each sample was represented by the expression of 19,644 genes and classified into Nottingham histological grade (NHG) classes (Grade 1, 2, and 3). To this end, a machine learning–based framework was designed. First, the profile data were analyzed by using seven feature ranking algorithms to evaluate the importance of features (genes). Seven feature lists were generated, each of which sorted features in accordance with feature importance evaluated from a special aspect. Then, the incremental feature selection method was applied to each list to determine essential features for classification and building efficient classifiers. Consequently, overlapping genes, such as AURKA, CBX2, and MYBL2, were deemed as potentially related to breast cancer malignancy and prognosis, indicating that such genes were identified to be important by multiple feature ranking algorithms. In addition, the study formulated classification rules to reflect special gene expression patterns for three NHG classes. Some genes and rules were analyzed and supported by recent literature, providing new references for studying breast cancer.",https://link.springer.com/article/10.1007/s10528-024-10712-w
58,Machine learning and shap-based prediction of multifactor thermal-oxidative aging behavior in glass fiber reinforced polyamide6,"Hui Zhan#, Jie Liu#, Tongfei Shi",2026,"Abstract

In this study, glass fiber-reinforced polyamide 6 (PA6-GF) was selected as a representative system to establish a predictive framework for thermal-oxidative aging behavior. Through nonlinear fitting of traditional empirical models followed by the evaluation of twelve machine learning algorithms, it was found that the conventional models exhibited limited predictive accuracy and generalization capability, whereas the machine learning approaches were able to more effectively capture the complex nonlinear interactions among temperature, oxygen partial pressure, specimen thickness, and aging time. To further elucidate the underlying mechanisms, SHapley Additive exPlanations (SHAP) analysis was employed, highlighting the distinct roles and relative contributions of aging time, oxygen partial pressure, temperature, and thickness in governing the thermal-oxidative aging process. These findings enhance the understanding of multi-factor aging mechanisms and provide practical guidance for improving the long-term durability and reliability of engineering components operating under complex service conditions.",https://www.oaepublish.com/articles/jmi.2025.81
59,onlinelibrary.wiley.com,"X Huang, L Zhang, C Zhang, J Li, C Li",2025,"Abstract ABSTRACT
The integration of machine learning into environmental, social, and governance (ESG) research has gained significant traction, offering advanced predictive capabilities, enhanced decision‐making, and improved transparency in sustainable finance. Despite a growing body of literature, no systematic effort has been made to comprehensively map the intersection of ESG and machine learning. This study conducts a systematic literature review, synthesizing insights from 57 high‐quality articles published between 2004 and 2024 on the Web of Science and Scopus. Employing bibliometric analysis, thematic analysis, and the TCCM framework, this study identifies dominant research themes, methodological advancements, and persistent gaps in ESG‐machine learning literature. Findings reveal the increasing application of machine learning in ESG score prediction, risk assessment, investment decision‐making, and controversy detection while highlighting key challenges such as data standardization, model explainability, and algorithmic bias. Random Forest consistently demonstrated the highest prediction accuracy across several studies. This study offers valuable implications for academics, practitioners, and policymakers, providing a structured foundation for advancing ESG analytics and fostering responsible artificial intelligence‐driven sustainability strategies.",https://onlinelibrary.wiley.com/doi/abs/10.1002/csr.70089
60,Applications of Machine Learning in Food Safety and HACCP Monitoring of Animal-Source Foods,"Panagiota-Kyriaki Revelou, Efstathia Tsakali, Anthimia Batrinou, Irini F. Strati",8-Mar-25,"Abstract

Integrating advanced computing techniques into food safety management has attracted significant attention recently. Machine learning (ML) algorithms offer innovative solutions for Hazard Analysis Critical Control Point (HACCP) monitoring by providing advanced data analysis capabilities and have proven to be powerful tools for assessing the safety of Animal-Source Foods (ASFs). Studies that link ML with HACCP monitoring in ASFs are limited. The present review provides an overview of ML, feature extraction, and selection algorithms employed for food safety. Several non-destructive techniques are presented, including spectroscopic methods, smartphone-based sensors, paper chromogenic arrays, machine vision, and hyperspectral imaging combined with ML algorithms. Prospects include enhancing predictive models for food safety with the development of hybrid Artificial Intelligence (AI) models and the automation of quality control processes using AI-driven computer vision, which could revolutionize food safety inspections. However, handling conceivable inclinations in AI models is vital to guaranteeing reasonable and exact hazard assessments in an assortment of nourishment generation . Moreover, moving forward, the interpretability of ML models will make them more straightforward and dependable. Conclusively, applying ML algorithms allows real-time monitoring and predictive analytics and can significantly reduce the risks associated with ASF consumption.",https://www.mdpi.com/2304-8158/14/6/922
61,Utilizing machine learning algorithms for cardiovascular disease prediction: “Detailed analysis based on medical parameters”,"Mahesh Kumar Joshi, Deepak Dembla, Suman Bhatia",2025,"Abstract

Utilizing machine learning algorithms for cardiovascular disease prediction: “Detailed analysis based on medical parameters”, Joshi, Mahesh Kumar, Dembla, Deepak, Bhatia, Suman",https://iopscience.iop.org/article/10.1016/j.medengphy.2025.104347/meta
62,A Machine Learning-Based Model for Predicting Credit Facility Defaulters in Uganda,Muddu George,2024,"Abstract

Predicting credit facility defaulters in Uganda poses a significant challenge, particularly for individuals lacking formal banking histories. This study aims to address this gap by leveraging machine learning techniques on a diverse set of financial data, including mobile money transactions, FinTech services, and traditional banking records. By developing a more inclusive creditworthiness assessment tool, we seek to enhance financial inclusion for underserved populations. Several machine learning algorithms to predict loan defaults were evaluated, including Logistic Regression, Support Vector Machines (SVM), and Extreme Gradient Boosting (XGBoost). The XGBoost model emerged as the most effective, achieving an accuracy of 95.23%, a recall of 73.32%, a precision of 94.11%, and an AUC of 0.8119. In contrast, the Logistic Regression model attained an accuracy of 89.53%, with a significantly lower recall of 43.24% and precision of 66.59%. The SVM model performed moderately, with an accuracy of 93.21% and a recall of 62.80%, but it still fell short compared to XGBoost. The findings highlight the potential of advanced machine learning models like XGBoost to significantly improve credit scoring systems. By providing a more accurate and inclusive tool for credit evaluation, financial institutions and policymakers can better identify potential defaulters, mitigate loan defaults, and foster economic growth among underserved communities",https://ir.kiu.ac.ug/items/3c4bc5be-7e84-4926-b6d4-7a82ffa88610
63,OA Identification of Key Features Pivotal to the Characteristics and Functions of Gut Bacteria Taxa through Machine Learning Methods,"ZhanDong Li, QingLan Ma, Hao Li, Lin Lu, Lei Chen, Wei Guo, KaiYan Feng, Tao Huang, Yu-Dong Cai",2025,"Abstract

Background: Gut bacteria critically influence digestion, facilitate the breakdown of complex food substances, aid in essential nutrient synthesis, and contribute to immune system balance. However, current knowledge regarding intestinal bacteria remains insufficient.

Objective: This study aims to discover essential differences for different intestinal bacteria.

Methods: This study was conducted by investigating a total of 1478 gut bacterial samples comprising 235 Actinobacteria, 447 Bacteroidetes, and 796 Firmicutes, by utilizing sophisticated machine learning algorithms. By building on the dataset provided by Chen et al., we engaged sophisticated machine learning techniques to further investigate and analyze the gut bacterial samples. Each sample in the dataset was described by 993 unique features associated with gut bacteria, including 342 features annotated by the Antibiotic Resistance Genes Database, Comprehensive Antibiotic Research Database, Kyoto Encyclopedia of Genes and Genomes, and Virulence Factors of Pathogenic Bacteria. We employed incremental feature selection methods within a computational framework to identify the optimal features for classification.

Results: Eleven feature ranking algorithms selected several key features as pivotal to the characteristics and functions of gut bacteria. These features appear to facilitate the identification of specific gut bacterial species. Additionally, we established quantitative rules for identifying Actinobacteria, Bacteroidetes, and Firmicutes.

Conclusion: This research underscores the significant potential of machine learning in studying gut microbes and enhances our understanding of the multifaceted roles of gut bacteria.",https://www.benthamdirect.com/content/journals/cgt/10.2174/0115665232367064250630202337
64,Interpretable machine learning approach for predicting COVID-19 risk status of an individual,A Onoja,2021,"Abstract This study aimed to ascertained using Statistical feature selection methods and interpretable Machine learning models, the best features that predict risk status (“Low”, “Medium”, “High”) to COVID-19 infection. This study utilizes a publicly available dataset obtained via; online web-based risk assessment calculator to ascertain the risk status of COVID-19 infection. 57 out of 59 features were first filtered for multicollinearity using the Pearson correlation coefficient and further shrunk to 55 features by the LASSO GLM approach. SMOTE resampling technique was used to incur the problem of imbalanced class distribution.  The interpretable ML algorithms were implored during the classification phase. The best classifier predictions were saved as a new instance and perturbed using a single Decision tree classifier. To further build trust and explainability of the best model, the XGBoost classifier was used as a global surrogate model to train predictions of the best model. The XGBoost individual’s explanation was done using the SHAP explainable AI-framework. Random Forest classifier with a validation accuracy score of 96.35 % from 55 features reduced by feature selection emerged as the best classifier model. The decision tree classifier approximated the best classifier correctly with a prediction accuracy score of 92.23 % and Matthew’s correlation coefficient of 0.8960.  The XGBoost classifier approximated the best classifier model with a prediction score of 99.7 %. This study identified COVID-19 positive, COVID-19 contacts, COVID-19 symptoms, Health workers, and Public transport count as the five most consistent features that predict an individual’s risk exposure to COVID-19.",https://www.academia.edu/download/67825250/edited_manuscript_Onoja_Mary_Ayesan_reviewed_corrected.pdf
65,www.tandfonline.com,"M Song, H Ma, Y Zhu, M Zhang",2024,"Abstract Accurate streamflow prediction is vital for water resource management, particularly in data-scarce tropical regions. This study develops a hybrid streamflow prediction framework that integrates the Light Gradient Boosting Model (LGBM) with metaheuristic optimization, feature selection techniques, and NASA POWER meteorological data for the Muda River Basin, Malaysia. The LGBM performed best with the Grey Wolf Optimizer (GWO) and Sequential Forward Selection (SFS) at Syed Omar Bridge (NSE = 0.83, RMSE = 20.38 m3/s, WI = 0.95, PBIAS = +2.93%), whereas at Ladang Victoria it achieved the highest accuracy using the Teaching–Learning-Based Optimizer (TLO) and Boruta feature selection method (NSE = 0.84, RMSE = 33.54 m3/s, WI = 0.95, PBIAS = −1.00%). Compared with baseline models, the optimized LGBM frameworks consistently reduced prediction errors, improved efficiency metrics, and minimized systematic bias. These findings demonstrate the potential of open-source, data-driven, optimized machine learning models for reliable streamflow prediction in tropical basins.",https://www.tandfonline.com/doi/abs/10.1080/02626667.2026.2674167
66,Estimated glucose disposal rate predicts frailty through diabetes: Evidence from machine learning and mediation models in NHANES,"Wentao Yang, Qian Cheng, Guoxin Huang, Hongming Lin",2025,"Abstract

Objective
As an emerging insulin resistance marker, the relationship between estimated glucose disposal rate (eGDR) and frailty needs further exploration. This study examines the eGDR-frailty link, develops a machine learning predictive model to address this gap, and explores diabetes mellitus (DM) as a mediator, providing new insights for clinical intervention.

Methods
Using National Health and Nutrition Examination Survey (NHANES) 2005–2010 data, we analyzed glucose disposal and frailty associations. Feature selection used LASSO, and class imbalance was handled by SMOTEN. The resampled data were split 7:3 into a training set (n = 29,309) and a test set (n = 12,561).Ten machine learning models were built, with discrimination, calibration, and clinical utility evaluated to identify the optimal model. Confusion matrices visualized performance. Mediation analysis assessed DM’s role in the eGDR-frailty relationship.

Results
Among 26,282 participants, eGDR negatively correlated with frailty. Higher eGDR significantly reduced frailty risk in subgroups: women, age ≤ 60, normal/high BMI, never/current smokers, and alcohol users. LASSO selected 12 predictors. Across 10 models, CatBoost performed best on the test set (AUC = 0.970, accuracy = 0.920, F1 = 0.918), with robust calibration and decision-curve net benefit. SHAP interpretation ranked eGDR among the most influential predictors: SHAP summary and dependence plots indicated that higher eGDR decreased the model’s predicted probability of frailty. Confusion matrices validated classification accuracy. Mediation analysis showed DM partially mediated the eGDR-frailty relationship: indirect effect β=−0.003 (95% CI −0.003 to −0.002; P < 0.001), mediation proportion = 8.71%.

Conclusion
This first NHANES-based study demonstrates a significant negative correlation between eGDR and frailty, confirming DM’s partial mediating role. The developed machine learning models effectively support early frailty risk assessment and intervention.",https://journals.plos.org/plosone/article?id=10.1371/journal.pone.0333388
67,Winning beyond scoring: an explainable machine learning framework for identifying key performance indicators in the Chinese Basketball Association,"Rui Dong, Yingkang Peng, Qing Liu, Miguel-Angel Gómez-Ruano, Shaoliang Zhang, Xiao Xu, Bin Yang, Hongyou Liu",10-Mar-26,"Abstract

Background
Understanding why teams win in professional basketball requires more than examining isolated statistics. Performance adapts under changing competitive constraints, and key performance indicators (KPIs) must therefore be interpreted within context. This study aimed to develop an explainable, multi-model machine learning (ML) framework to identify score-line dependent KPIs associated with winning outcomes in the Chinese Basketball Association (CBA).

Methods
A total of 3,249 games from the 2018–2022 CBA regular seasons were analyzed. Based on final score margin, games were classified into close (1–9 points) and balanced (10–18 points) contexts using k-means clustering. For each context, game-related statistics and play-type variables were initially screened using conventional statistical procedures. A dual-stage feature selection process combining lasso and stepwise logistic regression retained indicators consistently selected by both models. Ten commonly used ML classifiers were then trained and evaluated using nested cross-validation. Rather than benchmarking predictive accuracy alone, a convergence-based strategy was adopted, treating KPI relevance consistently identified across classifiers as stronger structural evidence. Shapley Additive exPlanations (SHAP) were used to quantify the magnitude and direction of each KPI's contribution within the top-performing classifiers.

Results
Model performance differed across score-line contexts. In close games, the BP neural network, support vector machine, and logistic regression achieved the best performance (accuracy: 71.2%–76.4%; AUC: 0.80–0.83), while tree-based ensemble classifiers (e.g., XGBoost, CatBoost, and LightGBM) showed superior discrimination in balanced games (accuracy: 83.9%–86.7%, AUC: 0.92–0.93). SHAP analysis revealed distinct context-dependent KPI structures. Close game wins were characterized by greater defensive rebounding and fewer turnovers, defensive fouls, and missed perimeter attempts. Screen-off made actions emerged as the only retained play-type indicator. Balanced games displayed a broader KPI structure involving higher relevance of rebounding, contested field-goal efficiency, steals, and play-type behaviors including screen-off, pick-and-roll roller, and pick-and-pop actions.

Conclusion
Winning outcomes in the CBA depend less on scoring volume alone and more on how teams regulate coordination and possession stability under different score-line constraints. Close games favor defensive integrity and the control of destabilizing events, while balanced games reward sustained possession management and diversified off-ball coordination. These findings provide actionable guidance for context-sensitive training design and tactical decision-making in professional basketball.",https://link.springer.com/article/10.1186/s13102-026-01620-0
68,"Recent Trends in Machine Learning, Deep Learning, Ensemble Learning, and Explainable Artificial Intelligence Techniques for Evaluating Crop Yields Under Abnormal Climate Conditions","Ji Won Choi, Mohamad Soleh Hidayat, Soo Been Cho, Woon-Ha Hwang, Hoonsoo Lee, Byoung-Kwan Cho, Moon S. Kim, Insuck Baek, Geonwoo Kim",11-Sep-25,"Abstract

Crop yield prediction (CYP) has become increasingly critical in addressing the adverse effects of abnormal climate and enhancing agricultural productivity. This review investigates the application of advanced Artificial Intelligence (AI) techniques including Machine Learning (ML), Deep Learning (DL), Ensemble Learning, and Explainable AI (XAI) to CYP. It also explores the use of remote sensing and imaging technologies, identifies key environmental factors, and analyzes the primary causes of yield reduction. A wide diversity of input features was observed across studies, largely influenced by data availability and specific research goals. Stepwise feature selection was found to be more effective than increasing feature volume in improving model accuracy. Frequently used algorithms include Random Forest (RF) and Support Vector Machines (SVM) for ML, Artificial Neural Networks (ANNs) and Convolutional Neural Networks (CNNs) for DL, as well as stacking-based ensemble methods. Although XAI remains in the early stages of adoption, it shows strong potential for interpreting complex, multi-dimensional CYP models. Hyperspectral imaging (HSI) and multispectral imaging (MSI), often collected via drones, were the most commonly used sensing techniques. Major factors contributing to yield reduction included atmospheric and soil-related conditions under abnormal climate, as well as pest outbreaks, declining soil fertility, and economic constraints. Providing a comprehensive overview of AI-driven CYP frameworks, this review offers insights that support the advancement of precision agriculture and the development of data-informed agricultural policies.",https://www.mdpi.com/2223-7747/14/18/2841
69,Exploring Prognostic Gene Factors in Breast Cancer via Machine Learning,"QingLan Ma, Lei Chen, KaiYan Feng, Wei Guo, Tao Huang, Yu-Dong Cai",21-Feb-24,"Abstract
Breast cancer remains the most prevalent cancer in women. To date, its underlying molecular mechanisms have not been fully uncovered. The determination of gene factors is important to improve our understanding on breast cancer, which can correlate the specific gene expression and tumor staging. However, the knowledge in this regard is still far from complete. Thus, this study aimed to explore these knowledge gaps by analyzing existing gene expression profile data from 3149 breast cancer samples, where each sample was represented by the expression of 19,644 genes and classified into Nottingham histological grade (NHG) classes (Grade 1, 2, and 3). To this end, a machine learning–based framework was designed. First, the profile data were analyzed by using seven feature ranking algorithms to evaluate the importance of features (genes). Seven feature lists were generated, each of which sorted features in accordance with feature importance evaluated from a special aspect. Then, the incremental feature selection method was applied to each list to determine essential features for classification and building efficient classifiers. Consequently, overlapping genes, such as AURKA, CBX2, and MYBL2, were deemed as potentially related to breast cancer malignancy and prognosis, indicating that such genes were identified to be important by multiple feature ranking algorithms. In addition, the study formulated classification rules to reflect special gene expression patterns for three NHG classes. Some genes and rules were analyzed and supported by recent literature, providing new references for studying breast cancer.",https://link.springer.com/article/10.1007/s10528-024-10712-w
70,Machine learning and shap-based prediction of multifactor thermal-oxidative aging behavior in glass fiber reinforced polyamide6,"Hui Zhan#, Jie Liu#, Tongfei Shi",2026,"Abstract

In this study, glass fiber-reinforced polyamide 6 (PA6-GF) was selected as a representative system to establish a predictive framework for thermal-oxidative aging behavior. Through nonlinear fitting of traditional empirical models followed by the evaluation of twelve machine learning algorithms, it was found that the conventional models exhibited limited predictive accuracy and generalization capability, whereas the machine learning approaches were able to more effectively capture the complex nonlinear interactions among temperature, oxygen partial pressure, specimen thickness, and aging time. To further elucidate the underlying mechanisms, SHapley Additive exPlanations (SHAP) analysis was employed, highlighting the distinct roles and relative contributions of aging time, oxygen partial pressure, temperature, and thickness in governing the thermal-oxidative aging process. These findings enhance the understanding of multi-factor aging mechanisms and provide practical guidance for improving the long-term durability and reliability of engineering components operating under complex service conditions.",https://www.oaepublish.com/articles/jmi.2025.81
71,Applications of Machine Learning in Food Safety and HACCP Monitoring of Animal-Source Foods,"Panagiota-Kyriaki Revelou, Efstathia Tsakali, Anthimia Batrinou, Irini F. Strati",8-Mar-25,"Abstract

Integrating advanced computing techniques into food safety management has attracted significant attention recently. Machine learning (ML) algorithms offer innovative solutions for Hazard Analysis Critical Control Point (HACCP) monitoring by providing advanced data analysis capabilities and have proven to be powerful tools for assessing the safety of Animal-Source Foods (ASFs). Studies that link ML with HACCP monitoring in ASFs are limited. The present review provides an overview of ML, feature extraction, and selection algorithms employed for food safety. Several non-destructive techniques are presented, including spectroscopic methods, smartphone-based sensors, paper chromogenic arrays, machine vision, and hyperspectral imaging combined with ML algorithms. Prospects include enhancing predictive models for food safety with the development of hybrid Artificial Intelligence (AI) models and the automation of quality control processes using AI-driven computer vision, which could revolutionize food safety inspections. However, handling conceivable inclinations in AI models is vital to guaranteeing reasonable and exact hazard assessments in an assortment of nourishment generation . Moreover, moving forward, the interpretability of ML models will make them more straightforward and dependable. Conclusively, applying ML algorithms allows real-time monitoring and predictive analytics and can significantly reduce the risks associated with ASF consumption.",https://www.mdpi.com/2304-8158/14/6/922
72,"Machine learning boosted design of ionic liquid-based deep eutectic solvents for CO
                    <sub>2</sub>
                    capture","Ruina Zhang, Guokai Cui, Guoxiong Zhan, Mengyi Ma, Xiaochun Zhang, Xiangping Zhang, Hanfeng Lu",2026,"Abstract

Artificial intelligence accelerates the design of ionic liquid-based deep eutectic solvents for efficient CO
                    2
                    capture, enabling prediction, screening, and interpretation through machine learning driven models.",https://pubs.rsc.org/gc/article-abstract/28/24/9959/1224023
73,Predicting hypertension and identifying most important factors among married women in Bangladesh using machine learning approach,"Novel Chandra Das, Probir Kumar Ghosh, Md. Alamgir Hossain, Uddip Acharjee Shuvo, Nipa Rani Talukder, Fatema Khatun, Mohammad Ziaul Islam Chowdhury",2025,"Abstract
Introduction
Hypertension is a leading contributor to maternal and cardiometabolic morbidity in Bangladesh. We developed and interpreted machine-learning (ML) models to predict hypertension and rank associated factors among married women with the goal of informing targeted screening and policy in low-resource .

Methods
We analyzed 4,253 married women from the nationally representative BDHS 2017–18 survey (hypertension prevalence: 23.1%). Twelve ML algorithms were trained under six class-balancing strategies with hyperparameters tuned via random search. Validation used a hold-out test set (80/20) and repeated stratified k-fold cross-validation; bootstrap confidence intervals were estimated for the selected model. Model performance was compared with parametric and non-parametric tests. To interpret results, SHAP was used to rank the top 20 predictors and visualize feature effects. Models quantify associations rather than causation.

Results
The Extra Trees classifier with SMOTE+ENN achieved the best discrimination (F1 = 0.94; AUC-PR = 0.95; ROC-AUC = 0.95). Compared with the original imbalanced training, minority-class detection improved substantially (Extra Trees F1 increased from 0.08 to 0.94; recall from 0.04 to 0.95) while accuracy and ROC-AUC remained relatively stable across samplers. Statistical testing favored SMOTE+ENN for recall, F1, G-mean and AUC-PR. SHAP identified age, parity, recent births, contraceptive use, spousal education and BMI as key predictors. Younger age (<35 years) and normal/underweight status were protective, while parity ≥2–3, husbands’ age ≥ 40 years and overweight/obesity increased risk.

Conclusions
An interpretable ensemble model built primarily on sociodemographic and behavioral variables supplemented by limited biometric markers (BMI, glucose) can accurately flag hypertensive risk among married women in Bangladesh. Findings support programmatic integration of risk scores into eRegistries, routine blood pressure checks in family planning and postpartum visits, husband-focused education/SMS interventions and prioritization of high-parity households in high-risk regions. External validation on BDHS-2022 is planned to assess generalizability.",https://journals.plos.org/plosone/article?id=10.1371/journal.pone.0335442
74,Machine Learning in Healthcare Analytics: A State-of-the-Art Review,"Surajit Das, Samaleswari P. Nayak, Biswajit Sahoo, Sarat Chandra Nayak",4-Apr-24,"Abstract
The use of machine learning (ML) models have become a crucial factor in the growing field of healthcare, ushering in a new era of medical research and diagnosis. This study rigorously reviews research publications published in reputable journals during the last five years. The pace and dynamic nature of machine learning in the healthcare domains demonstrated by the arduous criteria, which are used to sort through these articles. Disease-centric analysis uncovered a wide range of deep learning and machine learning models which are designed to address particular medical problems. Convolutional neural networks (CNNs), one of the most complex deep learning architectures, coexist with more conventional statistical models like logistic regression and support vector machines. CNNs are particularly prominent when it comes to disorders that need picture processing, which highlights the significant influence of deep learning in deciphering complex medical patterns. The popularity of ensemble methods, such as Random Forest, Gradient Boosting, and AdaBoost, indicates that their ability to combine predictive capability and strengthen model resilience is well acknowledged. Hybrid techniques, which integrate the advantages of many models, provide novel approaches to tackle distinct healthcare problems. This research also sheds light on a nuanced approach for model selection, wherein deep learning models performs well with huge datasets and image analysis, while statistical and ensemble models provides better results with numerical and categorical data. The adaptability needed in healthcare analytics is shown by hybrid models, which frequently combine standard models for classification with deep learning for feature extraction. The present review can endow problems related to ML in healthcare domain, possible solutions, potential directions and some knowledge to the researchers working in this field.",https://link.springer.com/article/10.1007/s11831-024-10098-3
75,Machine learning based model for the early detection of Gestational Diabetes Mellitus,"Hesham Zaky, Eleni Fthenou, Luma Srour, Thomas Farrell, Mohammed Bashir, Nady El Hajj, Tanvir Alam",13-Mar-25,"Abstract

Background
Gestational Diabetes Mellitus (GDM) is one of the most common medical complications during pregnancy. In the Gulf region, the prevalence of GDM is higher than in other parts of the world. Thus, there is a need for the early detection of GDM to avoid critical health conditions in newborns and post-pregnancy complexities of mothers.

Methods
In this article, we propose a machine learning (ML)-based techniques for early detection of GDM. For this purpose, we considered clinical measurements taken during the first trimester to predict the onset of GDM in the second trimester.

Results
The proposed ensemble-based model achieved high accuracy in predicting the onset of GDM with around 89% accuracy using only the first trimester data. We confirmed biomarkers, i.e., a history of high glucose level/diabetes, insulin and cholesterol, which align with the previous studies. Moreover, we proposed potential novel biomarkers such as HbA1C %, Glucose, MCH, NT pro-BNP, HOMA-IR- (22.5 Scale), HOMA-IR- (405 Scale), Magnesium, Uric Acid. C-Peptide, Triglyceride, Urea, Chloride, Fibrinogen, MCHC, ALT, family history of Diabetes, Vit B12, TSH, Potassium, Alk Phos, FT4, Homocysteine Plasma LC-MSMS, Monocyte Auto.

Conclusion
We believe our findings will complement the current clinical practice of GDM diagnosis at an early stage of pregnancy, leading toward minimizing its burden on the healthcare system.Source code is available in GitHub at: https://github.com/H-Zaky/GD.git",https://link.springer.com/article/10.1186/s12911-025-02947-3
76,OA Identification of Key Features Pivotal to the Characteristics and Functions of Gut Bacteria Taxa through Machine Learning Methods,"ZhanDong Li, QingLan Ma, Hao Li, Lin Lu, Lei Chen, Wei Guo, KaiYan Feng, Tao Huang, Yu-Dong Cai",2025,"Abstract

Background Gut bacteria critically influence digestion, facilitate the breakdown of complex food substances, aid in essential nutrient synthesis, and contribute to immune system balance. However, current knowledge regarding intestinal bacteria remains insufficient. 

Objective This study aims to discover essential differences for different intestinal bacteria. 

Methods This study was conducted by investigating a total of 1478 gut bacterial samples comprising 235 Actinobacteria, 447 Bacteroidetes, and 796 Firmicutes, by utilizing sophisticated machine learning algorithms. By building on the dataset provided by Chen et al., we engaged sophisticated machine learning techniques to further investigate and analyze the gut bacterial samples. Each sample in the dataset was described by 993 unique features associated with gut bacteria, including 342 features annotated by the Antibiotic Resistance Genes Database, Comprehensive Antibiotic Research Database, Kyoto Encyclopedia of Genes and Genomes, and Virulence Factors of Pathogenic Bacteria. We employed incremental feature selection methods within a computational framework to identify the optimal features for classification. 

Results Eleven feature ranking algorithms selected several key features as pivotal to the characteristics and functions of gut bacteria. These features appear to facilitate the identification of specific gut bacterial species. Additionally, we established quantitative rules for identifying Actinobacteria, Bacteroidetes, and Firmicutes. 

Conclusion This research underscores the significant potential of machine learning in studying gut microbes and enhances our understanding of the multifaceted roles of gut bacteria.",https://www.benthamdirect.com/content/journals/cgt/10.2174/0115665232367064250630202337
77,Interpretable machine learning approach for predicting COVID-19 risk status of an individual,A Onoja,2021,"Abstract This study aimed to ascertained using Statistical feature selection methods and interpretable Machine learning models, the best features that predict risk status (“Low”, “Medium”, “High”) to COVID-19 infection. This study utilizes a publicly available dataset obtained via; online web-based risk assessment calculator to ascertain the risk status of COVID-19 infection. 57 out of 59 features were first filtered for multicollinearity using the Pearson correlation coefficient and further shrunk to 55 features by the LASSO GLM approach. SMOTE resampling technique was used to incur the problem of imbalanced class distribution.  The interpretable ML algorithms were implored during the classification phase. The best classifier predictions were saved as a new instance and perturbed using a single Decision tree classifier. To further build trust and explainability of the best model, the XGBoost classifier was used as a global surrogate model to train predictions of the best model. The XGBoost individual’s explanation was done using the SHAP explainable AI-framework. Random Forest classifier with a validation accuracy score of 96.35 % from 55 features reduced by feature selection emerged as the best classifier model. The decision tree classifier approximated the best classifier correctly with a prediction accuracy score of 92.23 % and Matthew’s correlation coefficient of 0.8960.  The XGBoost classifier approximated the best classifier model with a prediction score of 99.7 %. This study identified COVID-19 positive, COVID-19 contacts, COVID-19 symptoms, Health workers, and Public transport count as the five most consistent features that predict an individual’s risk exposure to COVID-19.",https://www.academia.edu/download/67825250/edited_manuscript_Onoja_Mary_Ayesan_reviewed_corrected.pdf
78,onlinelibrary.wiley.com,"A Ju, J Tang, S Chen, Y Fu, Y Luo",2021,"Abstract This study applies machine learning to predict customer churn in commercial banking, using a publicly available dataset of 10,000 customers from Kaggle, comprising 14 demographic, behavioural and account‐level features with an approximate 4:1 class imbalance ratio between nonchurners and churners. The 7 classifiers (logistic regression, decision tree, random forest, support vector machine, K‐nearest neighbours, LightGBM and XGBoost) were tested on five performance metrics: precision, recall, F1‐score, AUC‐ROC and MCC. To address class imbalance, we applied SMOTE + ENN to the training set following data partitioning, while the test set retained its original distribution for unbiased evaluation. The optimisation of hyperparameters was done using Grid Search with stratified cross‐validation. In addition to predictive benchmarking, this study proposes a three‐level business analytics framework: Layer 1 filters significant churn predictors using permutation feature importance; Layer 2 utilizes K‐means to categorize users into interpretable risk tiers; and Layer 3 leverages a bank‐specific cost matrix to identify the optimal threshold that maximizes net financial value. Random forest outperformed other classifiers, achieving the highest AUC‐ROC, F1‐score and MCC, potentially the most effective model for customer churn prediction. The proposed framework provides a pipeline for commercial banks to move from a reactive to a proactive customer retention. Moreover, it provides an interpretable model and is both computationally efficient and practical, given the operational constraints of commercial banking. This framework can be extended in future work by leveraging longitudinal data at the transaction level with sequential techniques for better prediction regarding “when” customers actually churn.",https://onlinelibrary.wiley.com/doi/abs/10.1155/acis/8889093
79,Artificial Intelligence Models for Forecasting Mosquito-Borne Viral Diseases in Human Populations: A Global Systematic Review and Comparative Performance …,"F Pennisi, A Pinto, F Borgonovo…",2026,"Abstract

Background: Mosquito-borne viral diseases are a growing global health threat, and artificial intelligence (AI) and machine learning (ML) are increasingly proposed as forecasting tools to support early-warning and response. However, the available evidence is fragmented across pathogens,  and modelling approaches. This review provides, to the best of our knowledge, the first comprehensive comparative assessment of AI/ML models forecasting mosquito-borne viral diseases in human populations, jointly synthesising predictive performance across model families and appraising both methodological quality and operational readiness.

Methods: Following PRISMA 2020, we searched PubMed, Embase and Scopus up to August 2025. We included studies applying AI/ML or statistical models to predict arboviral incidence, outbreaks or temporal trends and reporting at least one quantitative performance metric. Given the substantial heterogeneity in outcomes, predictors and time–space scales, we conducted a descriptive synthesis. Risk of bias and applicability were evaluated using PROBAST.

Results: Ninety-eight studies met the inclusion criteria, of which 91 focused on dengue. The forecasts spanned national to city-level  and annual-to-weekly resolutions. Across classification tasks, tree-ensemble models showed the most consistent performance, with accuracies typically above 0.85, while classical ML and deep-learning models showed wider variability. For regression tasks, errors increased with temporal horizon and spatial aggregation: short-term, fine-scale forecasts (e.g., weekly city level) often achieved low absolute errors, whereas long-horizon national models frequently exhibited very large errors and unstable performance. PROBAST assessment indicated that most studies (63/98) were at high risk of bias, with only 24 judged at low risk and limited external validation.

Conclusions: AI/ML models, especially tree-ensemble approaches, show strong potential for short-term, fine-scale forecasting, but their reliability drops substantially at broader spatial and temporal scales. Most remain research-stage, with limited external validation and minimal operational deployment. This review clarifies current capabilities and highlights three priorities for real-world use: standardised reporting, rigorous external validation, and context-specific calibration.",https://www.research.unipd.it/bitstream/11577/3589500/1/make-08-00015-v2%20%281%29.pdf
80,Machine Learning-Based Identification of Candidate Serum miRNA Features for Pan-Cancer and Cancer Type Classification,"Kaiyan Feng, Yusheng Bao, Jingxin Ren, Wei Guo, Deling Wang, Tao Huang, Yu-Dong Cai",20-May-26,"Abstract

MicroRNA (miRNA) regulation plays a pivotal role in intracellular gene expression. Analysis of miRNA profiles can provide critical insights into disease states. As cancer-associated molecules reported in previous studies, miRNAs may serve as candidate classificatory features for exploratory cancer classification. This research analyzed serum miRNA data from patients with 13 solid cancer types and individuals without cancer. The study comprised two distinct analyses: first, stratifying the dataset into cancer and non-cancer groups to identify miRNAs differentially represented in cancer patients; and second, subdividing the cancer patient data into 13 predefined solid-cancer types to identify candidate miRNA features that discriminate among these cancer types. We employed seven feature-ranking algorithms to evaluate miRNA contributions in both analyses and generate feature lists. Each list was examined using an incremental feature selection method to extract essential miRNAs and build good-performing classification models. Several candidate miRNAs were identified for distinguishing pan-cancer samples from non-cancer ones: miR-4783-3p has been linked to associated with the regulation of endocrine cell differentiation, and miR-663a has been reported in hepatocellular carcinoma and thyroid carcinoma. The analysis also highlighted miRNAs that differentiate solid cancer types, including miR-629-3p, reported to be upregulated in lung and breast cancer, and miR-6087, reported to be downregulated in osteosarcoma and bladder cancer.",https://www.mdpi.com/2075-1729/16/5/850
81,"Machine learning boosted design of ionic liquid-based deep eutectic solvents for CO
                    <sub>2</sub>
                    capture","Ruina Zhang, Guokai Cui, Guoxiong Zhan, Mengyi Ma, Xiaochun Zhang, Xiangping Zhang, Hanfeng Lu",2026,"Abstract

Artificial intelligence accelerates the design of ionic liquid-based deep eutectic solvents for efficient CO
                    2
                    capture, enabling prediction, screening, and interpretation through machine learning driven models.",https://pubs.rsc.org/gc/article-abstract/28/24/9959/1224023
82,Predicting hypertension and identifying most important factors among married women in Bangladesh using machine learning approach,"Novel Chandra Das, Probir Kumar Ghosh, Md. Alamgir Hossain, Uddip Acharjee Shuvo, Nipa Rani Talukder, Fatema Khatun, Mohammad Ziaul Islam Chowdhury",2025,"Abstract
Introduction
Hypertension is a leading contributor to maternal and cardiometabolic morbidity in Bangladesh. We developed and interpreted machine-learning (ML) models to predict hypertension and rank associated factors among married women with the goal of informing targeted screening and policy in low-resource .

Methods
We analyzed 4,253 married women from the nationally representative BDHS 2017–18 survey (hypertension prevalence: 23.1%). Twelve ML algorithms were trained under six class-balancing strategies with hyperparameters tuned via random search. Validation used a hold-out test set (80/20) and repeated stratified k-fold cross-validation; bootstrap confidence intervals were estimated for the selected model. Model performance was compared with parametric and non-parametric tests. To interpret results, SHAP was used to rank the top 20 predictors and visualize feature effects. Models quantify associations rather than causation.

Results
The Extra Trees classifier with SMOTE+ENN achieved the best discrimination (F1 = 0.94; AUC-PR = 0.95; ROC-AUC = 0.95). Compared with the original imbalanced training, minority-class detection improved substantially (Extra Trees F1 increased from 0.08 to 0.94; recall from 0.04 to 0.95) while accuracy and ROC-AUC remained relatively stable across samplers. Statistical testing favored SMOTE+ENN for recall, F1, G-mean and AUC-PR. SHAP identified age, parity, recent births, contraceptive use, spousal education and BMI as key predictors. Younger age (<35 years) and normal/underweight status were protective, while parity ≥2–3, husbands’ age ≥ 40 years and overweight/obesity increased risk.

Conclusions
An interpretable ensemble model built primarily on sociodemographic and behavioral variables supplemented by limited biometric markers (BMI, glucose) can accurately flag hypertensive risk among married women in Bangladesh. Findings support programmatic integration of risk scores into eRegistries, routine blood pressure checks in family planning and postpartum visits, husband-focused education/SMS interventions and prioritization of high-parity households in high-risk regions. External validation on BDHS-2022 is planned to assess generalizability.",https://journals.plos.org/plosone/article?id=10.1371/journal.pone.0335442
83,Machine Learning in Healthcare Analytics: A State-of-the-Art Review,"Surajit Das, Samaleswari P. Nayak, Biswajit Sahoo, Sarat Chandra Nayak",4-Apr-24,"Abstract
The use of machine learning (ML) models have become a crucial factor in the growing field of healthcare, ushering in a new era of medical research and diagnosis. This study rigorously reviews research publications published in reputable journals during the last five years. The pace and dynamic nature of machine learning in the healthcare domains demonstrated by the arduous criteria, which are used to sort through these articles. Disease-centric analysis uncovered a wide range of deep learning and machine learning models which are designed to address particular medical problems. Convolutional neural networks (CNNs), one of the most complex deep learning architectures, coexist with more conventional statistical models like logistic regression and support vector machines. CNNs are particularly prominent when it comes to disorders that need picture processing, which highlights the significant influence of deep learning in deciphering complex medical patterns. The popularity of ensemble methods, such as Random Forest, Gradient Boosting, and AdaBoost, indicates that their ability to combine predictive capability and strengthen model resilience is well acknowledged. Hybrid techniques, which integrate the advantages of many models, provide novel approaches to tackle distinct healthcare problems. This research also sheds light on a nuanced approach for model selection, wherein deep learning models performs well with huge datasets and image analysis, while statistical and ensemble models provides better results with numerical and categorical data. The adaptability needed in healthcare analytics is shown by hybrid models, which frequently combine standard models for classification with deep learning for feature extraction. The present review can endow problems related to ML in healthcare domain, possible solutions, potential directions and some knowledge to the researchers working in this field.",https://link.springer.com/article/10.1007/s11831-024-10098-3
84,Machine learning based model for the early detection of Gestational Diabetes Mellitus,"Hesham Zaky, Eleni Fthenou, Luma Srour, Thomas Farrell, Mohammed Bashir, Nady El Hajj, Tanvir Alam",13-Mar-25,"Abstract

Background
Gestational Diabetes Mellitus (GDM) is one of the most common medical complications during pregnancy. In the Gulf region, the prevalence of GDM is higher than in other parts of the world. Thus, there is a need for the early detection of GDM to avoid critical health conditions in newborns and post-pregnancy complexities of mothers.

Methods
In this article, we propose a machine learning (ML)-based techniques for early detection of GDM. For this purpose, we considered clinical measurements taken during the first trimester to predict the onset of GDM in the second trimester.

Results
The proposed ensemble-based model achieved high accuracy in predicting the onset of GDM with around 89% accuracy using only the first trimester data. We confirmed biomarkers, i.e., a history of high glucose level/diabetes, insulin and cholesterol, which align with the previous studies. Moreover, we proposed potential novel biomarkers such as HbA1C %, Glucose, MCH, NT pro-BNP, HOMA-IR- (22.5 Scale), HOMA-IR- (405 Scale), Magnesium, Uric Acid. C-Peptide, Triglyceride, Urea, Chloride, Fibrinogen, MCHC, ALT, family history of Diabetes, Vit B12, TSH, Potassium, Alk Phos, FT4, Homocysteine Plasma LC-MSMS, Monocyte Auto.

Conclusion
We believe our findings will complement the current clinical practice of GDM diagnosis at an early stage of pregnancy, leading toward minimizing its burden on the healthcare system.Source code is available in GitHub at: https://github.com/H-Zaky/GD.git",https://link.springer.com/article/10.1186/s12911-025-02947-3
85,Machine Learning Crime Prediction Models and the Gap Between Research and Implementation: A Systematic Review,"Ricardo Huamantingo, Miguel Cano-Lengua, Ciro Rodriguez",2025,"Abstract

A crime is an illegal or violent act committed by one individual against another. The increasing crime rate has become a major concern as it negatively affects people's quality of life and generates significant social and economic costs. This study aims to identify the most widely used machine learning (ML) models for crime prediction, determine evaluation metrics for assessing model performance, and analyze key data characteristics to enhance real-world implementation. The study follows the Preferred Reporting Items for Systematic Reviews and Meta-Analyses (PRISMA) methodology. A search string was formulated using the population, intervention, comparison, and outcomes (PICO) framework and applied to the Scopus and Web of Science database. After applying eligibility criteria, 50 articles were selected for in depth analysis. The findings indicate that the most prominent ML models include extreme gradient boosting (XGBoost), random forest (RF), gradient boosting decision trees (GBDT), and auto-regressive integrated moving average (ARIMA), as well as deep learning models such as long short-term memory (LSTM), which showed high performance in dynamic urban environments. The most relevant metrics for classification are accuracy, recall, F1-score, precision, and area under the curve (AUC), while for regression, mean absolute error (MAE), root mean squared error (RMSE), and R-squared (R2 ) are preferred. Key data features include date, time, age, gender, education level, location, and coordinates. Additionally, integrating climate and temperature data is recommended. This study provides a structured analysis of crime prediction models and proposes an architecture for their development and deployment, offering valuable insights for future research and practical applications.",https://kijoms.uokerbala.edu.iq/home/vol11/iss3/11/
86,onlinelibrary.wiley.com,G Özsezer,2026,"Abstract ABSTRACT

Objective Psychological distress is common among patients with malignant tumors and adversely affects treatment adherence and quality of life. Numerous prediction models have been developed to identify high‐risk patients, yet few have been implemented clinically. This scoping review synthesizes the development methods, performance, validation methods, and limitations of existing models to inform future research and support clinical translation.

Methods Following the Joanna Briggs Institute (JBI) methodology, eight databases were searched from inception to June 10, 2026. Two reviewers independently conducted screening, data extraction, and quality assessment.

Results Thirteen studies involving 26 prediction models were included. Logistic Regression (LR), Random Forests (RF), eXtreme Gradient Boosting (XGBoost), and Artificial Neural Network (ANN) were the most common development methods. Reported sensitivities ranged from 0.518 to 0.968, specificities from 0.651 to 1.000, and Areas Under the Curve (AUCs) from 0.673 to 1.000. Thirteen studies underwent internal validation only; none underwent external validation, and all were rated as high risk of bias. Frequently included predictors were tumor stage, sleep quality, pain degree, age, financial problems, and coping style. Nomograms and web‐based calculators were the predominant presentation formats.

Conclusion Although models developed using XGBoost, RF, and ANN reported high performance, these findings are likely inflated due to small sample sizes, low Events Per Variable (EPV), and lack of external validation. Future research should strengthen methodological rigor, increase sample sizes, and conduct external validation to support clinical adoption.",https://onlinelibrary.wiley.com/doi/abs/10.1002/pon.70540
87,"Lung Cancer Prediction Using Machine Learning on Structured Clinical Data: A Systematic Review of Diagnosis, Risk, and Survival Models","T Islam, S Asgar, S Mahmood",2025,"Abstract Context: Lung cancer is a leading cause of cancer-related mortality world- wide. While machine learning (ML) offers significant potential for improving prediction tasks, comprehensive reviews synthesizing its application across the full spectrum of lung cancer prediction—from diagnosis and risk to sur- vival—using structured data are scarce.

Objective: This systematic review aims to comprehensively analyze ML techniques for three key lung cancer prediction tasks—diagnosis, risk assessment, and survival analysis—using structured or tabular data sources. Method: We followed the PRISMA 2020 guidelines, systematically searching five databases (PubMed, Scopus, IEEE Xplore, ACM Digital Library, Science Direct) for studies published by August 2025. From an initial 772 records, 42 studies met our inclusion criteria, which mandated the use of structured data and ML models for pre- diction.

Results: Ensemble methods, particularly XGBoost and Random Forest, were the most prevalent and high-performing models across all tasks. However, performance was highly task-dependent. Key predictive features included demographics, clinical parameters, and lifestyle factors. Datasets were also task-specific: SEER and NLST for diagnosis; population registries (e.g., Danish) for risk; and SEER and TCGA for survival. Common val- idation techniques included holdout and cross-validation, with SHAP and LIME emerging as dominant interpretability tools. While many studies re- ported high performance (e.g., accuracies up to 99%), these results must be interpreted with caution due to dataset imbalances and a general lack of external validation.

Conclusion: This review provides a structured syn- thesis of ML applications across the lung cancer prediction continuum. It highlights the dominance of ensemble methods and the critical importance of task-specific data and modeling. The findings reveal a pressing need for more rigorous external validation, standardized reporting, and direct com- parison to established clinical models to foster the development of robust, clinically actionable ML tools.",https://www.preprints.org/manuscript/202512.0398
88,onlinelibrary.wiley.com,"M Yuan, S Bi, Z Chen, X Fan, X Chen, K Shen",2026,"Abstract This study applies machine learning to predict customer churn in commercial banking, using a publicly available dataset of 10,000 customers from Kaggle, comprising 14 demographic, behavioural and account‐level features with an approximate 4:1 class imbalance ratio between nonchurners and churners. The 7 classifiers (logistic regression, decision tree, random forest, support vector machine, K‐nearest neighbours, LightGBM and XGBoost) were tested on five performance metrics: precision, recall, F1‐score, AUC‐ROC and MCC. To address class imbalance, we applied SMOTE + ENN to the training set following data partitioning, while the test set retained its original distribution for unbiased evaluation. The optimisation of hyperparameters was done using Grid Search with stratified cross‐validation. In addition to predictive benchmarking, this study proposes a three‐level business analytics framework: Layer 1 filters significant churn predictors using permutation feature importance; Layer 2 utilizes K‐means to categorize users into interpretable risk tiers; and Layer 3 leverages a bank‐specific cost matrix to identify the optimal threshold that maximizes net financial value. Random forest outperformed other classifiers, achieving the highest AUC‐ROC, F1‐score and MCC, potentially the most effective model for customer churn prediction. The proposed framework provides a pipeline for commercial banks to move from a reactive to a proactive customer retention. Moreover, it provides an interpretable model and is both computationally efficient and practical, given the operational constraints of commercial banking. This framework can be extended in future work by leveraging longitudinal data at the transaction level with sequential techniques for better prediction regarding “when” customers actually churn.",https://onlinelibrary.wiley.com/doi/abs/10.1155/acis/8889093
89,Accurate Cardiovascular Disease Prediction: Leveraging Opt_hpLGBM With Dual-Tier Feature Selection,"J. Jasmine Gabriel, L. Jani Anbarasi",2024,"Abstract

Reliable forecasting of cardiovascular disease (CVD) outcomes is crucial for efficient patient management. While machine learning (ML) holds promise for disease prediction, challenges arise, particularly with smaller clinical datasets. Feature engineering is essential in this context, as it involves analyzing missing values, managing outliers, and addressing multicollinearity. This process is key to identifying and eliminating unnecessary features from the dataset. To tackle this, a scalable ML based Dual-Tier feature selection framework called ANOVA Chi-Squared (AnoX2) is proposed, utilizing a hybrid statistical method. The framework integrates validation using five different ML classifiers with the selected features from AnoX2. The proposed model Opt_hpLGBM (Optuna hyperparameter tuned Light Gradient Boost Machine) along with AnoX2 feature selection exhibits outstanding performance across four publicly available datasets, consistently achieving remarkable accuracy. For instance, it achieves 94.87% accuracy in the Cleveland dataset with 8 features, 95.12% in the Statlog dataset with the same number of features, 92.81% accuracy with 7 features in the heart disease dataset, and an impressive 98.85% accuracy in the z-Alizadeh Sani dataset with 12 features. These results exceed current benchmarks, establishing it as an industry leader in terms of the number of features utilized, accuracy, precision, recall, F1 score, and log loss metrics. With its potential for early diagnosis and treatment, this innovative framework can transform healthcare, significantly reducing mortality rates associated with cardiovascular disease.",https://ieeexplore.ieee.org/abstract/document/10699320/
90,Advances in Cancer Through Machine Learning Models,"R Cosmina-Mihaela, A Stancu, AG Brezoi",2026,"Abstract This study evaluates the performance of various methodologies used in the literature to predict failures in small- and medium-sized enterprises (SMEs) using a data set of U.S. SMEs. By evaluating over 6,100 models and data subsample combinations, we find that the light gradient boosting machine (LightGBM) exhibits the best out-of-sample predictive performance, closely followed by extreme gradient boosting (XGBoost). These two estimation methods perform best using their built-in feature-selection mechanisms and do not require sample rebalancing. However, for most other estimation methods, feature selection and sample rebalancing are critical. For example, logistic regression (Logit) performs significantly better with appropriate feature selection and sample rebalancing. We also provide an overview of the importance of various features in predicting failures.",https://www.researchgate.net/profile/Adrian-Stancu-2/publication/401252841_Advances_in_Cancer_Through_Machine_Learning_Models/links/69a5c475c7bd2e79e78ac17f/Advances-in-Cancer-Through-Machine-Learning-Models.pdf
91,Artificial Intelligence Models for Forecasting Mosquito-Borne Viral Diseases in Human Populations: A Global Systematic Review and Comparative Performance …,"F Pennisi, A Pinto, F Borgonovo…",2026,"Abstract

Background: Mosquito-borne viral diseases are a growing global health threat, and artificial intelligence (AI) and machine learning (ML) are increasingly proposed as forecasting tools to support early-warning and response. However, the available evidence is fragmented across pathogens,  and modelling approaches. This review provides, to the best of our knowledge, the first comprehensive comparative assessment of AI/ML models forecasting mosquito-borne viral diseases in human populations, jointly synthesising predictive performance across model families and appraising both methodological quality and operational readiness.

Methods: Following PRISMA 2020, we searched PubMed, Embase and Scopus up to August 2025. We included studies applying AI/ML or statistical models to predict arboviral incidence, outbreaks or temporal trends and reporting at least one quantitative performance metric. Given the substantial heterogeneity in outcomes, predictors and time–space scales, we conducted a descriptive synthesis. Risk of bias and applicability were evaluated using PROBAST.

Results: Ninety-eight studies met the inclusion criteria, of which 91 focused on dengue. The forecasts spanned national to city-level  and annual-to-weekly resolutions. Across classification tasks, tree-ensemble models showed the most consistent performance, with accuracies typically above 0.85, while classical ML and deep-learning models showed wider variability. For regression tasks, errors increased with temporal horizon and spatial aggregation: short-term, fine-scale forecasts (e.g., weekly city level) often achieved low absolute errors, whereas long-horizon national models frequently exhibited very large errors and unstable performance. PROBAST assessment indicated that most studies (63/98) were at high risk of bias, with only 24 judged at low risk and limited external validation.

Conclusions: AI/ML models, especially tree-ensemble approaches, show strong potential for short-term, fine-scale forecasting, but their reliability drops substantially at broader spatial and temporal scales. Most remain research-stage, with limited external validation and minimal operational deployment. This review clarifies current capabilities and highlights three priorities for real-world use: standardised reporting, rigorous external validation, and context-specific calibration.",https://www.research.unipd.it/bitstream/11577/3589500/1/make-08-00015-v2%20%281%29.pdf
92,Machine Learning-Based Identification of Candidate Serum miRNA Features for Pan-Cancer and Cancer Type Classification,"Kaiyan Feng, Yusheng Bao, Jingxin Ren, Wei Guo, Deling Wang, Tao Huang, Yu-Dong Cai",20-May-26,"Abstract

MicroRNA (miRNA) regulation plays a pivotal role in intracellular gene expression. Analysis of miRNA profiles can provide critical insights into disease states. As cancer-associated molecules reported in previous studies, miRNAs may serve as candidate classificatory features for exploratory cancer classification. This research analyzed serum miRNA data from patients with 13 solid cancer types and individuals without cancer. The study comprised two distinct analyses: first, stratifying the dataset into cancer and non-cancer groups to identify miRNAs differentially represented in cancer patients; and second, subdividing the cancer patient data into 13 predefined solid-cancer types to identify candidate miRNA features that discriminate among these cancer types. We employed seven feature-ranking algorithms to evaluate miRNA contributions in both analyses and generate feature lists. Each list was examined using an incremental feature selection method to extract essential miRNAs and build good-performing classification models. Several candidate miRNAs were identified for distinguishing pan-cancer samples from non-cancer ones: miR-4783-3p has been linked to associated with the regulation of endocrine cell differentiation, and miR-663a has been reported in hepatocellular carcinoma and thyroid carcinoma. The analysis also highlighted miRNAs that differentiate solid cancer types, including miR-629-3p, reported to be upregulated in lung and breast cancer, and miR-6087, reported to be downregulated in osteosarcoma and bladder cancer.",https://www.mdpi.com/2075-1729/16/5/850
93,Gradient Boosted Trees on Transcriptomics: Diagnosis of Acute Myeloid Leukaemia,I Soulioti,2021,"Abstract We define an iterative method for dimensionality reduction using categorical gradient boosted trees and Shapley values and created four machine learning models which potentially could be used as diagnostic tests for acute myeloid leukaemia (AML). For the final Catboost model we use a dataset of 2177 individuals using as features 16 probe sets and the age in order to classify if someone has AML or is healthy. The dataset is multicentric and consists of data from 27 organizations, 25 cities, 15 countries and 4 continents. The performance of our last model is specificity: 0.9909, sensitivity: 0.9985, F1-score: 0.9976 and its ROC-AUC: 0.9962 using ten fold cross validation. On an inference dataset the perormance is: specificity: 0.9909, sensitivity: 0.9969, F1-score: 0.9969 and its ROC-AUC: 0.9939. To the best of our knowledge the performance of our model is the best one in the literature, as regards the diagnosis of AML using similar or not data. Moreover, there has not been any bibliographic reference which associates AML or any other type of cancer with the 16 probe sets we used as features in our final model.",https://pergamos.lib.uoa.gr/uoa/dl/object/2963114/file.pdf
94,A Review of Neuro-ML Breakthroughs in Addressing Neurological Disorders,"Cosmina-Mihaela Rosca, Adrian Stancu",13-May-25,"Abstract

This research aims to explore the interdisciplinary connection between the field of neurology and artificial intelligence (AI) through machine learning (ML) algorithms. The central objective is to evaluate the current state of research in the Neuro-ML field and identify gaps in the literature that require additional approaches. To achieve this objective, 10 analyses were introduced that analyze the distribution of articles based on keywords, countries, years, publishers, and ML algorithms used in the context of neurological diseases. Surveys were also conducted to identify the diseases most frequently studied through ML algorithms. Thus, it was found that Alzheimer’s disease (37 articles for Support Vector Regression—SVR; 31 for Random Forest—RF), Parkinson’s disease (46 articles for SVM and 48 for RF), and multiple sclerosis (9 articles for SVM) are the most studied diseases in the field of Neuro-ML. The study analyzes Alzheimer’s, Parkinson’s, and multiple sclerosis in detail by focusing on diagnosis. The overall results highlight an increase in researchers’ interest in applying ML in neurology, with models such as SVM (597 articles), Artificial Neural Network (525 articles), and RF (457 articles) being the most used. The results highlighted three major gaps: the underrepresentation of rare diseases, the lack of standardization in evaluating the performance of ML models, and the lack of exploration of algorithms with greater implementation difficulty, such as Extreme Gradient Boosting and Multilayer Perceptron. The value analysis of the performance metrics of ML models demonstrates the ability to correctly classify neuro-degenerative diseases, with high accuracy in some cases (for example, 97.46% accuracy in Alzheimer’s diagnosis), but there may still be improvements. Future directions include exploring rare diseases, investigating underutilized algorithms, and developing standardized protocols for evaluating the performance of ML models, which will facilitate the comparison of results across different studies.",https://www.mdpi.com/2076-3417/15/10/5442
95,Systematic review and topic classification of soft computing and machine learning in water resources management,"M Drogkoula, N Samaras, O Iatrellis, E Nathanail…",2025,"Abstract This paper aims to explore trends in the application of big data and Machine Learning (ML) in Water Resources Management (WRM) by categorizing research studies into distinct scientific subfields. A comprehensive analysis was performed on articles published between 2018 and 2024. Leveraging a dataset of 6,430 collected papers, 173 articles were evaluated using bibliometric techniques to track the development of academic interest and recognize pivotal studies. Our suggested unsupervised classification model established categories and organized relevant articles according to their specific scientific focus, using keywords extracted from titles, abstracts, and author-defined keywords, with stop-words excluded. The model achieved a validation accuracy of 90.16% through the Multinomial Naïve Bayesian (MNB), 86.54% Random Forest (RF) and 84.61% Support Vector Machine (SVM) approaches. The analysis revealed 10 distinct research topics, emphasizing WRM and innovative city applications as leading categories. This study contributes to the literature by introducing a methodology for analyzing existing research, uncovering emerging scientific areas within WRM, and highlighting potential avenues for future investigation.",https://link.springer.com/article/10.1007/s43621-025-01832-3
96,Biological age threshold is associated with symptomatic knee osteoarthritis risk in chinese adults: Insights from machine learning analysis of a national cohort,"Fanyu Fu, Li Dong, Jiwei Lian, Chang Liu, Tingting Pang, Yunli Wang, Peng Liu, Yufeng Wang",2025,"Abstract

Background
Symptomatic knee osteoarthritis (KOA) imposes a substantial global health and economic burden. Although chronological age (CA) is a key risk factor, it poorly reflects interindividual aging heterogeneity. Biological age (BA), which is quantified using blood biomarkers that reflect systemic physiological integrity, is a superior measure of functional decline and molecular aging. Mechanistically, BA may be linked to KOA pathogenesis via cellular senescence and senescence-associated secretory phenotype (SASP).

Objective
This study aimed to explore the association between BA and symptomatic KOA in a nationally representative Chinese cohort and to evaluate BA’s utility of BA in enhancing KOA risk assessment.

Methods
We conducted a cross-sectional analysis using the 2011/2015 China Health and Retirement Longitudinal Study (CHARLS) data of 1,000 participants (≥45 years old) with complete BA and symptomatic KOA data (defined as self-reported physician-diagnosed osteoarthritis with concurrent knee pain). BA was calculated using the Klemera-Doubal method (KDM) and eight serum biomarkers. Associations were assessed using multivariable-adjusted logistic regression, restricted cubic splines (RCS), and subgroup analyses. Six machine learning models (including XGBoost and LightGBM) were used to distinguish cases of symptomatic KOA, with SHAP interpreting the optimal model.

Results
Participants with symptomatic KOA had a significantly higher mean BA than those without (59.97 vs. 58.76 years, p < 0.001). After multivariable adjustment, each 1-year BA increase was associated with 1.23% higher symptomatic KOA odds (OR=1.0123, 95% CI:1.0049–1.0197, p = 0.0010). Compared with the lowest BA quartile (Q1), the highest quartiles (Q3 and Q4) showed a significantly elevated symptomatic KOA risk (Q3: OR=1.4655, 95% CI:1.1989–1.7940, p = 0.0002; Q4: OR=1.4519, 95% CI:1.1755–1.7956, p = 0.0001). RCS analysis revealed a non-linear relationship, with symptomatic KOA risk accelerating beyond approximately 66.7 years (p for non-linearity = 0.013). Subgroup analyses demonstrated consistent results. The XGBoost model demonstrated the highest discriminative performance (AUROC = 0.9078), with SHAP identifying BA as the most influential feature.

Conclusion
BA is strongly and non-linearly associated with symptomatic KOA risk in Chinese adults, accelerating beyond a critical threshold. BA assessment may enhance KOA risk stratification and could inform future interventional studies. However, the cross-sectional design of this study precludes causal inferences. Longitudinal studies are required to establish temporal relationships and explore potential causal associations.",https://journals.plos.org/plosone/article?id=10.1371/journal.pone.0335250
97,Integration of Machine Learning and Remote Sensing for Water Quality Monitoring and Prediction: A Review,"Shashank Mohan, Brajesh Kumar, A. Pouyan Nejadhashemi",26-Jan-25,"Abstract

Aquatic ecosystems play a crucial role in sustaining life and supporting key green and blue economic sectors globally. However, the growing population and increasing anthropogenic pressures are significantly degrading terrestrial water resources, threatening their ability to provide essential socioeconomic services. To safeguard these ecosystems and their benefits, it is critical to continuously monitor changes in water quality. Remote sensing technologies, which offer high-resolution spatial and temporal data over large geographic areas, including surface water bodies, have become indispensable for these monitoring efforts. They enable the observation of various physical, chemical, and biological water quality indicators, which are essential for assessing ecosystem health. Machine learning algorithms are well suited to handle the complex and often non-linear relationships between remote sensing data and water quality parameters. By integrating remote sensing with machine learning techniques, it is possible to develop predictive models that enhance the accuracy and efficiency of water quality assessments. These models can identify and predict trends in water quality, supporting timely interventions to protect aquatic ecosystems. This paper provides a thorough review of the major remote sensing techniques for estimating water quality indicators (e.g., chlorophyll-a, turbidity, temperature, total nitrogen and total phosphorous, dissolved organic, total suspended solids, dissolved oxygen, and hydrogen power). It examines how machine learning can improve water quality assessments. Additionally, it identifies key research gaps in current methodologies and suggests future directions to address challenges in water quality monitoring, aiming to improve the precision and scope of these critical efforts.",https://www.mdpi.com/2071-1050/17/3/998
98,Machine learning-assisted construction of COPD self-evaluation questionnaire (COPD-EQ): a national multicentre study in China,"Y Ma, Z Zhan, Y Chen, J Zhang, W Li…",2025,"Abstract

Background: Approximately 70% of chronic obstructive pulmonary disease (COPD) is underdiagnosed worldwide. We aimed to develop and validate a COPD self-evaluation questionnaire (COPD-EQ) that is better suited for COPD screening in China.

Methods: We developed a primary version of COPD-EQ based on the Delphi method. Then, we conducted a nationwide multicentre prospective to validate our novel COPD-EQ screening ability. To improve the screening ability of COPD-EQ, we used a series of machine learning (ML)-based methods, including logistic regression, XgBoost, LightGBM, and CatBoost. These models were developed and then evaluated on a random 3:1 train/test split.

Results: Through the Delphi approach, we developed the primary version of COPD-EQ with nine items. In the following prospective multicentre study, we recruited 1824 outpatients from 12 sites, of whom 404 (22.1%) were diagnosed with COPD. After the score assignment assisted by ML models and the Shapley Additive Explanation method, six of nine items were retained for a briefer version of COPD-EQ. The scoring-based method achieves an AUC score of 0.734 at a threshold of 4.0. Finally, a novel six-item COPD-EQ questionnaire was developed.

Conclusions: The COPD-EQ questionnaire was validated to be reliable and accurate in COPD screening for the Chinese population. The ML model can further improve the questionnaire's screening ability.",https://www.cureus.com/articles/308264-predictive-analytics-in-heart-failure-risk-readmission-and-mortality-prediction-a-review.pdf
99,Artificial Intelligence and Machine Learning in the Diagnosis and Prognosis of Diseases Through Breath Analysis: A Scoping Review,"Christos Kokkotis, Serafeim Moustakidis, Stefan James Swift, Flora Kontopidou, Ioannis Kavouras, Anastasios Doulamis, Stamatios Giannoukos",10-Nov-25,"Abstract

Breath analysis is a non-invasive diagnostic method that offers insights into both physiological and pathological conditions. Exhaled breath contains volatile organic compounds, which act as biomarkers for disease detection, allowing for the monitoring of treatments and the tailoring of medicine to individuals. Recent advancements in chemical sensing, mass spectrometry, and spectroscopy have improved the ability to identify these biomarkers; however, traditional statistical approaches often struggle to handle the complexities of breath data. Artificial intelligence (AI) and machine learning (ML) have revolutionized breath analysis by uncovering intricate patterns among volatile breath markers, enhancing diagnostic precision, and facilitating real-time disease identification. Despite significant progress, challenges remain, including issues with data standardization, model interpretability, and the necessity for extensive and varied datasets. This study reviews the applications of ML in analyzing breath volatile organic compounds, highlighting methodological shortcomings and obstacles to clinical validation. A thorough literature review was performed using the PubMed and Scopus databases, which included studies that focused specifically on the role of machine learning in disease diagnosis and incidence prediction via breath analysis. Among the 524 articles reviewed, 97 satisfied the specified inclusion criteria. The selected studies applied ML techniques, fell within the scope of this review, and emphasize the potential of ML models for non-invasive diagnostics. The findings indicate that traditional ML methods dominate, while ensemble methods are on the rise, and deep learning (DL) techniques (especially CNNs and LSTMs) are increasingly used for classifying respiratory diseases. Techniques for feature selection (such as PCA and ML-based methods) were frequently implemented, though challenges related to explainability and data standardization persist. Future studies should focus on enhancing model transparency and developing methods to further integrate AI into the clinical setting to facilitate early disease detection and advance precision medicine.",https://www.mdpi.com/2078-2489/16/11/968
100,Machine learning to predict adverse drug reaction or event based on electronic health records: a systematic review and meta-analysis,"Q Hu, X Li",2024,"Abstract

Introduction Machine learning (ML) for adverse drug reaction or event (ADR/ADE) prediction is emerging as the promising method for improving medical quality. We aimed to conduct a systematic review to comprehensively summarize ML prediction for ADR/ADE based on electronic health record (EHR). Materials and methods We systematically searched the PubMed, Web of Science, Embase, and IEEE Xplore databases from database inception to 21 Nov. 2023, to identify eligible studies. Any study that developed ML model to predict multiple ADR/ADE based on EHR was included in the nal review. The pooled sensitivity, specicity and their 95% CI were calculated. Binary accuracy data were extracted for meta-analysis to derive area under the curve (AUC). 

Results 5704 studies were identied, of which 10 studies met the inclusion criteria. Among the 20 ML methods reported in the including studies, Random Forest (RF) was reported the most (n=9), followed by Adaboost (n=4), eXtreme Gradient Boosting (n=3) and support vector machine (n=3). The mean AUC for ML prediction was 75.71% (26.00-94.57). RF combined with resampling based approaches might get high AUC, the mean was 82.92% (94.48-94.57). The length of stay, number of drugs, admission type, age, and high-risk drug used, such as antiviral agents, rifamycin, were the common risk factors for ADR/ADE prediction. The pooled estimated AUC of summary receiver operator characteristics was 72.00% (68.00-75.00). 

Conclusions Acceptable prediction performance of ADR/ADE with ML algorithmwas highlighted. More rigorous reporting standards and the new ML methods that take into account the unique challenges of ML research could improve future studies and help the application of ML models in clinical practice.",https://assets-eu.researchsquare.com/files/rs-4081881/v1/15959d15-874f-4578-850a-1e24ecf11f91.pdf
101,SOD-FE: a supervised outlier detection and feature engineering approach for student dropout prediction,"E Alzabidi, Ö Yakut, S Saad, O Fındık",2026,"Abstract Student dropout in higher education creates academic and socio-economic challenges for institutions and students. Effective early prediction models are essential to identify at-risk students and implement timely interventions. This paper proposes SOD-FE, a supervised machine learning approach that combines label-aware outlier detection with feature engineering to enhance dropout prediction. The approach integrates interquartile range (IQR) based outlier detection with mutual information and Pearson correlation to identify and mitigate the impact of outliers before constructing the final model. Then, a feature selection strategy is applied to refine the dataset. The approach is evaluated through experiments on two real-world datasets (Portugal and Slovakia) utilizing five classification algorithms, including Random Forest (RF) and Extreme Gradient Boosting (XGB). Performance improved markedly with the RF classifier, achieving F1 scores of 98.09% and 98.33% on the Portugal and Slovakia benchmark datasets, respectively, under 5-fold cross-validation. Furthermore, the SOD-FE approach outperformed the baseline RF models by 7.46% and 3.37% in F1 score across the two datasets, demonstrating highly competitive results that align with or exceed the highest reported performances in recent literature by up to 7.33%. The proposed approach also incorporates explainable AI techniques (SHAP) to enhance model transparency and support data-driven educational policy. These findings show the significant potential of the SOD-FE method for improving student retention and early intervention systems in educational institutions.",https://www.nature.com/articles/s41598-026-56591-6
102,Machine Learning Crime Prediction Models and the Gap Between Research and Implementation: A Systematic Review,"Ricardo Huamantingo, Miguel Cano-Lengua, Ciro Rodriguez",2025,"Abstract

A crime is an illegal or violent act committed by one individual against another. The increasing crime rate has become a major concern as it negatively affects people's quality of life and generates significant social and economic costs. This study aims to identify the most widely used machine learning (ML) models for crime prediction, determine evaluation metrics for assessing model performance, and analyze key data characteristics to enhance real-world implementation. The study follows the Preferred Reporting Items for Systematic Reviews and Meta-Analyses (PRISMA) methodology. A search string was formulated using the population, intervention, comparison, and outcomes (PICO) framework and applied to the Scopus and Web of Science database. After applying eligibility criteria, 50 articles were selected for in depth analysis. The findings indicate that the most prominent ML models include extreme gradient boosting (XGBoost), random forest (RF), gradient boosting decision trees (GBDT), and auto-regressive integrated moving average (ARIMA), as well as deep learning models such as long short-term memory (LSTM), which showed high performance in dynamic urban environments. The most relevant metrics for classification are accuracy, recall, F1-score, precision, and area under the curve (AUC), while for regression, mean absolute error (MAE), root mean squared error (RMSE), and R-squared (R2 ) are preferred. Key data features include date, time, age, gender, education level, location, and coordinates. Additionally, integrating climate and temperature data is recommended. This study provides a structured analysis of crime prediction models and proposes an architecture for their development and deployment, offering valuable insights for future research and practical applications.",https://kijoms.uokerbala.edu.iq/home/vol11/iss3/11/
103,onlinelibrary.wiley.com,RYC Seow,2025,"Abstract ABSTRACT

Objective Psychological distress is common among patients with malignant tumors and adversely affects treatment adherence and quality of life. Numerous prediction models have been developed to identify high‐risk patients, yet few have been implemented clinically. This scoping review synthesizes the development methods, performance, validation methods, and limitations of existing models to inform future research and support clinical translation.

Methods Following the Joanna Briggs Institute (JBI) methodology, eight databases were searched from inception to June 10, 2026. Two reviewers independently conducted screening, data extraction, and quality assessment.

Results Thirteen studies involving 26 prediction models were included. Logistic Regression (LR), Random Forests (RF), eXtreme Gradient Boosting (XGBoost), and Artificial Neural Network (ANN) were the most common development methods. Reported sensitivities ranged from 0.518 to 0.968, specificities from 0.651 to 1.000, and Areas Under the Curve (AUCs) from 0.673 to 1.000. Thirteen studies underwent internal validation only; none underwent external validation, and all were rated as high risk of bias. Frequently included predictors were tumor stage, sleep quality, pain degree, age, financial problems, and coping style. Nomograms and web‐based calculators were the predominant presentation formats.

Conclusion Although models developed using XGBoost, RF, and ANN reported high performance, these findings are likely inflated due to small sample sizes, low Events Per Variable (EPV), and lack of external validation. Future research should strengthen methodological rigor, increase sample sizes, and conduct external validation to support clinical adoption.",https://onlinelibrary.wiley.com/doi/abs/10.1002/pon.70540
104,"Lung Cancer Prediction Using Machine Learning on Structured Clinical Data: A Systematic Review of Diagnosis, Risk, and Survival Models","Towhidul Islam, Safa Asgar, Sajjad Mahmood",2025,"Abstract

Context: Lung cancer is a leading cause of cancer-related mortality world- wide. While machine learning (ML) offers significant potential for improving prediction tasks, comprehensive reviews synthesizing its application across the full spectrum of lung cancer prediction—from diagnosis and risk to sur- vival—using structured data are scarce. 

Objective: This systematic review aims to comprehensively analyze ML techniques for three key lung cancer prediction tasks—diagnosis, risk assessment, and survival analysis—using structured or tabular data sources. Method: We followed the PRISMA 2020 guidelines, systematically searching five databases (PubMed, Scopus, IEEE Xplore, ACM Digital Library, Science Direct) for studies published by August 2025. From an initial 772 records, 42 studies met our inclusion criteria, which mandated the use of structured data and ML models for pre- diction. 

Results: Ensemble methods, particularly XGBoost and Random Forest, were the most prevalent and high-performing models across all tasks. However, performance was highly task-dependent. Key predictive features included demographics, clinical parameters, and lifestyle factors. Datasets were also task-specific: SEER and NLST for diagnosis; population registries (e.g., Danish) for risk; and SEER and TCGA for survival. Common val- idation techniques included holdout and cross-validation, with SHAP and LIME emerging as dominant interpretability tools. While many studies re- ported high performance (e.g., accuracies up to 99%), these results must be interpreted with caution due to dataset imbalances and a general lack of external validation. 

Conclusion: This review provides a structured syn- thesis of ML applications across the lung cancer prediction continuum. It highlights the dominance of ensemble methods and the critical importance of task-specific data and modeling. The findings reveal a pressing need for more rigorous external validation, standardized reporting, and direct com- parison to established clinical models to foster the development of robust, clinically actionable ML tools.",https://www.preprints.org/manuscript/202512.0398
105,Accurate Cardiovascular Disease Prediction: Leveraging Opt_hpLGBM With Dual-Tier Feature Selection,"J. Jasmine Gabriel, L. Jani Anbarasi",2024,"Abstract

Reliable forecasting of cardiovascular disease (CVD) outcomes is crucial for efficient patient management. While machine learning (ML) holds promise for disease prediction, challenges arise, particularly with smaller clinical datasets. Feature engineering is essential in this context, as it involves analyzing missing values, managing outliers, and addressing multicollinearity. This process is key to identifying and eliminating unnecessary features from the dataset. To tackle this, a scalable ML based Dual-Tier feature selection framework called ANOVA Chi-Squared (AnoX2) is proposed, utilizing a hybrid statistical method. The framework integrates validation using five different ML classifiers with the selected features from AnoX2. The proposed model Opt_hpLGBM (Optuna hyperparameter tuned Light Gradient Boost Machine) along with AnoX2 feature selection exhibits outstanding performance across four publicly available datasets, consistently achieving remarkable accuracy. For instance, it achieves 94.87% accuracy in the Cleveland dataset with 8 features, 95.12% in the Statlog dataset with the same number of features, 92.81% accuracy with 7 features in the heart disease dataset, and an impressive 98.85% accuracy in the z-Alizadeh Sani dataset with 12 features. These results exceed current benchmarks, establishing it as an industry leader in terms of the number of features utilized, accuracy, precision, recall, F1 score, and log loss metrics. With its potential for early diagnosis and treatment, this innovative framework can transform healthcare, significantly reducing mortality rates associated with cardiovascular disease.",https://ieeexplore.ieee.org/abstract/document/10699320/
106,Advances in Cancer Through Machine Learning Models,"R Cosmina-Mihaela, A Stancu, AG Brezoi",2026,"Abstract The integration of machine learning (ML) algorithms in oncology creates a new path for prognosis, early diagnosis, prevention, and treatment customization. However, large-scale clinical implementation is difficult due to the lack of standardized assessments and the variation in reported performance. A systematic review of the most recent research on ML applications in oncology (1 January 2020–31 December 2025) was conducted. The databases employed are Web of Science, Scopus, and PubMed. Filters applied for open-access articles that were simultaneously indexed and had numerical data in the abstract. From an initial of 13,292 articles, successive selection according to the PRISMA diagram resulted in a final set of 1364 studies. These were analyzed from four perspectives: the types of cancer investigated, the characteristics of the datasets (reproducibility and generalizability), the ML models used, and the performance achieved (accuracy, precision, recall, F1-score, and AUC). There is high interest in breast cancer (350 articles), colorectal cancer (337 articles), and lung cancer (151 articles), with frequent use of the databases The Cancer Genome Atlas (133 studies), Gene Expression Omnibus (94 studies), and Surveillance, Epidemiology, and End

Results (72 studies). The Random Forest model proved to be predominant due to its tolerance for incomplete data. Reported performance varies considerably between cancer types and even within the same type. This analysis demonstrates the potential of ML methods for deciphering genomic alterations and supports the development of integrated personalized medicine approaches in oncology.",https://www.researchgate.net/profile/Adrian-Stancu-2/publication/401252841_Advances_in_Cancer_Through_Machine_Learning_Models/links/69a5c475c7bd2e79e78ac17f/Advances-in-Cancer-Through-Machine-Learning-Models.pdf
107,Predicting the critical temperature of superconductors and materials classification with a balanced dataset without prior knowledge,"P. A. H. Nawoda, Gayan P. Hettiarachchi, M. D. T. Attygalle",2026,"Abstract

The discovery of new superconductors through traditional trial-and-error experimental methods is both challenging and costly. A data-driven strategy can speed up the time-consuming exploration processes and also potentially reveal new insights into the complex correlations at play. Several material databases have been created for predicting the superconducting critical temperature (Tc), but they are confined solely to superconducting materials, limiting their prediction capabilities. In addressing this, we compiled a comprehensive open-source dataset encompassing both superconductors and non-superconductors. Our dataset contains 13 415 superconductors and 13 425 non-superconductors, each characterized by 212 features. Novel features, namely, CuO layers, ionic radius, heat of vaporization, cohesive energy, and thermal conductivity with respect to every element in the material were included. Another feature named “material type” was introduced to classify materials as low-temperature superconductors, high-temperature superconductors, and non-superconductors. Various machine learning techniques, including boosting and bagging methods, were employed to predict Tc. The light gradient boosting model emerged as the most effective, achieving a coefficient of determination of 93% and a mean absolute error of 2.93 K. While this novel, comprehensive material dataset is made available to enrich future research, a web application is also developed for predicting Tc of any material in relation to the material type based on the best of trained models.",https://pubs.aip.org/aip/jap/article/139/2/023903/3377287
108,Gradient Boosted Trees on Transcriptomics: Diagnosis of Acute Myeloid Leukaemia,I Soulioti,2021,"Abstract We define an iterative method for dimensionality reduction using categorical gradient boosted trees and Shapley values and created four machine learning models which potentially could be used as diagnostic tests for acute myeloid leukaemia (AML). For the final Catboost model we use a dataset of 2177 individuals using as features 16 probe sets and the age in order to classify if someone has AML or is healthy. The dataset is multicentric and consists of data from 27 organizations, 25 cities, 15 countries and 4 continents. The performance of our last model is specificity: 0.9909, sensitivity: 0.9985, F1-score: 0.9976 and its ROC-AUC: 0.9962 using ten fold cross validation. On an inference dataset the perormance is: specificity: 0.9909, sensitivity: 0.9969, F1-score: 0.9969 and its ROC-AUC: 0.9939. To the best of our knowledge the performance of our model is the best one in the literature, as regards the diagnosis of AML using similar or not data. Moreover, there has not been any bibliographic reference which associates AML or any other type of cancer with the 16 probe sets we used as features in our final model.",https://pergamos.lib.uoa.gr/uoa/dl/object/2963114/file.pdf
109,A review of AI and machine learning applications in manufacturing processes,"Mohamed El Amine Gorine, Lyes Nechak, Mohamed Ichchou, Yann Pichenot",23-Mar-26,"Abstract
This paper reviews the current applications of artificial intelligence (AI) and machine learning (ML) techniques in industrial manufacturing processes. It provides a comprehensive overview of the three main learning paradigms, supervised, unsupervised, and reinforcement learning and maps their algorithmic families to four major process domains: forming, machining, joining, and additive manufacturing. For each domain, sensor modalities, data characteristics, data acquisition feasibility, and control challenges are analyzed to assess the conditions influencing ML adoption. Differences in maturity levels are shown to arise primarily from variations in data availability, sensor integration complexity, and process automation readiness. The review offers an application-oriented synthesis covering predictive maintenance, real-time process optimization, and automated quality inspection. A publication-weighted maturity matrix demonstrates that supervised learning is well established in machining and additive manufacturing, where standardized sensors and abundant labeled data enable mature AI solutions. By contrast, unsupervised methods are commonly applied for anomaly detection in domains with limited labeled data, such as joining. Reinforcement learning is emerging as a viable approach for closed-loop control, particularly in contexts where reliable digital twins and robust simulation environments support model training. Cross-cutting techniques including physics-informed learning, explainable AI, multi-fidelity surrogate modeling, and edge-to-cloud computing architectures are also discussed. The paper concludes with a proposed future research agenda emphasizing the development of open benchmark datasets, improved simulator fidelity, and interpretable hybrid models, with the broader goal of bridging the gap between academic research and industrial deployment.",https://link.springer.com/article/10.1007/s10845-026-02826-2
110,A Review of Neuro-ML Breakthroughs in Addressing Neurological Disorders,"Cosmina-Mihaela Rosca, Adrian Stancu",13-May-25,"Abstract

This research aims to explore the interdisciplinary connection between the field of neurology and artificial intelligence (AI) through machine learning (ML) algorithms. The central objective is to evaluate the current state of research in the Neuro-ML field and identify gaps in the literature that require additional approaches. To achieve this objective, 10 analyses were introduced that analyze the distribution of articles based on keywords, countries, years, publishers, and ML algorithms used in the context of neurological diseases. Surveys were also conducted to identify the diseases most frequently studied through ML algorithms. Thus, it was found that Alzheimer’s disease (37 articles for Support Vector Regression—SVR; 31 for Random Forest—RF), Parkinson’s disease (46 articles for SVM and 48 for RF), and multiple sclerosis (9 articles for SVM) are the most studied diseases in the field of Neuro-ML. The study analyzes Alzheimer’s, Parkinson’s, and multiple sclerosis in detail by focusing on diagnosis. The overall results highlight an increase in researchers’ interest in applying ML in neurology, with models such as SVM (597 articles), Artificial Neural Network (525 articles), and RF (457 articles) being the most used. The results highlighted three major gaps: the underrepresentation of rare diseases, the lack of standardization in evaluating the performance of ML models, and the lack of exploration of algorithms with greater implementation difficulty, such as Extreme Gradient Boosting and Multilayer Perceptron. The value analysis of the performance metrics of ML models demonstrates the ability to correctly classify neuro-degenerative diseases, with high accuracy in some cases (for example, 97.46% accuracy in Alzheimer’s diagnosis), but there may still be improvements. Future directions include exploring rare diseases, investigating underutilized algorithms, and developing standardized protocols for evaluating the performance of ML models, which will facilitate the comparison of results across different studies.",https://www.mdpi.com/2076-3417/15/10/5442
111,Vertical stratification-enabled early monitoring of cotton Verticillium wilt using in-situ leaf spectroscopy via machine learning models,"Y Gao, C Huang, X Zhang, Z Zhang…",2025,"Abstract Early monitoring of cotton Verticillium wilt (VW) is crucial for preventing significant yield losses and quality deterioration. Current hyperspectral approaches often overlook the bottom-up disease progression and the impact of leaf stratification on VW detection. To address this, vertical spectral traits were examined to improve early diagnosis. A total of 551  in-situ  leaf spectra were averaged from thousands of measurements, alongside corresponding RGB images from top, middle, and bottom leaf layers. Five severity levels (SL=0-4) were classified based on lesion coverage. Various vegetation indices and signal features were extracted for VW identification. Three feature selection methods, Relief-F, Lasso, and Random Forest (RF), were integrated with five machine learning models, including LightGBM, ANN, XGBoost, RF, and SVM.

Results showed that spectral reflectance varied significantly by severity and layer, with the most pronounced variations in the bottom layer’s visible spectrum. LightGBM with RF-selected features achieved the best performance and fastest training, with accuracies of 0.82, 0.81, and 0.91 for the top, middle, and bottom leaf layers, respectively. Early-stage detection (SL=0-2) was most effective in the lowest layer, showing 38% and 34% higher precision (SL=1) than the upper two. Critical spectral features varied with vertical leaf layers and disease severity, with blue and red-edge bands identified as most important. For assessing five disease severity levels, the most informative features for the top, middle, and bottom layers were Ant Gitelson , Blue Index (B), and PRI 570 . For detecting early symptoms (SL=1), the blue band was particularly effective, followed by water-related bands. At the initial infection stage, the most significant indicators for top, middle, and bottom layers were Blue/red index (BRI), B, and WSCT, respectively. This study deepens understanding of vertical leaf spectral dynamics and enables rapid, non-destructive  in vivo  detection of cotton Verticillium wilt, enhancing the applicability of portable hyperspectral devices and informing leaf-layer-aware precision disease management strategies.",https://www.frontiersin.org/journals/plant-science/articles/10.3389/fpls.2025.1599877/full
112,Systematic review and topic classification of soft computing and machine learning in water resources management,"Maria Drogkoula, Nicholas Samaras, Omiros Iatrellis, Eftihia Nathanail, Konstantinos Kokkinos",25-Aug-25,"Abstract
This paper aims to explore trends in the application of big data and Machine Learning (ML) in Water Resources Management (WRM) by categorizing research studies into distinct scientific subfields. A comprehensive analysis was performed on articles published between 2018 and 2024. Leveraging a dataset of 6,430 collected papers, 173 articles were evaluated using bibliometric techniques to track the development of academic interest and recognize pivotal studies. Our suggested unsupervised classification model established categories and organized relevant articles according to their specific scientific focus, using keywords extracted from titles, abstracts, and author-defined keywords, with stop-words excluded. The model achieved a validation accuracy of 90.16% through the Multinomial Naïve Bayesian (MNB), 86.54% Random Forest (RF) and 84.61% Support Vector Machine (SVM) approaches. The analysis revealed 10 distinct research topics, emphasizing WRM and innovative city applications as leading categories. This study contributes to the literature by introducing a methodology for analyzing existing research, uncovering emerging scientific areas within WRM, and highlighting potential avenues for future investigation.",https://link.springer.com/article/10.1007/s43621-025-01832-3
113,BBDetector: Intelligent border binary detection in IoT device firmware based on a multidimensional feature model,"Shudan Yue, Guimin Zhang, Qingbao Li, Wenbo Zhang, Xiaonan Li, Weihua Jiao",2025,"Abstract
In the field of firmware security analysis for Internet of Things (IoT) devices, border binary detection has become an important research focus. However, the existing methods for border binary detection have problems such as insufficient feature characterization, high false-negative rates, and low intelligence levels. To mitigate these issues, we introduce BBDetector, a border binary detection method based on a multidimensional feature model. First, we constructed the first known set of border binaries at a certain scale by collecting and analyzing a diverse set of real-world firmware. To characterize the features of border binaries comprehensively, we proposed a multidimensional feature model (MDFM). Next, we extracted the feature vectors of binaries via the MDFM and designed a novel stacking method to achieve border binary detection. This method involves ensemble learning, combining extreme gradient boosting, light gradient boosting machine, and categorical boosting as base learners with random forest as the meta-learner. Finally, a border binary detection model (XLC-R) was obtained by training with feature vectors. We tested and evaluated BBDetector on two datasets. The experimental results showed that XLC-R achieved a precision of 94.98%, a recall of 91.02%, and an F1 score of 92.84% for the constructed representative Dataset I. Additionally, BBDetector detected 3.25 times and 2.23 times more border binaries in Dataset II than did the state-of-the-art tools Karonte and SaTC, respectively. BBDetector provides an accurate method for border binary detection in IoT firmware security analysis, significantly enhancing the pertinence of vulnerability detection, dramatically reducing the complexity of firmware security analysis, and providing essential technical support for improving IoT device security.",https://journals.plos.org/plosone/article?id=10.1371/journal.pone.0329469
114,Biological age threshold is associated with symptomatic knee osteoarthritis risk in chinese adults: Insights from machine learning analysis of a national cohort,"Fanyu Fu, Li Dong, Jiwei Lian, Chang Liu, Tingting Pang, Yunli Wang, Peng Liu, Yufeng Wang",2025,"Abstract

Background
Symptomatic knee osteoarthritis (KOA) imposes a substantial global health and economic burden. Although chronological age (CA) is a key risk factor, it poorly reflects interindividual aging heterogeneity. Biological age (BA), which is quantified using blood biomarkers that reflect systemic physiological integrity, is a superior measure of functional decline and molecular aging. Mechanistically, BA may be linked to KOA pathogenesis via cellular senescence and senescence-associated secretory phenotype (SASP).

Objective
This study aimed to explore the association between BA and symptomatic KOA in a nationally representative Chinese cohort and to evaluate BA’s utility of BA in enhancing KOA risk assessment.

Methods
We conducted a cross-sectional analysis using the 2011/2015 China Health and Retirement Longitudinal Study (CHARLS) data of 1,000 participants (≥45 years old) with complete BA and symptomatic KOA data (defined as self-reported physician-diagnosed osteoarthritis with concurrent knee pain). BA was calculated using the Klemera-Doubal method (KDM) and eight serum biomarkers. Associations were assessed using multivariable-adjusted logistic regression, restricted cubic splines (RCS), and subgroup analyses. Six machine learning models (including XGBoost and LightGBM) were used to distinguish cases of symptomatic KOA, with SHAP interpreting the optimal model.

Results
Participants with symptomatic KOA had a significantly higher mean BA than those without (59.97 vs. 58.76 years, p < 0.001). After multivariable adjustment, each 1-year BA increase was associated with 1.23% higher symptomatic KOA odds (OR=1.0123, 95% CI:1.0049–1.0197, p = 0.0010). Compared with the lowest BA quartile (Q1), the highest quartiles (Q3 and Q4) showed a significantly elevated symptomatic KOA risk (Q3: OR=1.4655, 95% CI:1.1989–1.7940, p = 0.0002; Q4: OR=1.4519, 95% CI:1.1755–1.7956, p = 0.0001). RCS analysis revealed a non-linear relationship, with symptomatic KOA risk accelerating beyond approximately 66.7 years (p for non-linearity = 0.013). Subgroup analyses demonstrated consistent results. The XGBoost model demonstrated the highest discriminative performance (AUROC = 0.9078), with SHAP identifying BA as the most influential feature.

Conclusion
BA is strongly and non-linearly associated with symptomatic KOA risk in Chinese adults, accelerating beyond a critical threshold. BA assessment may enhance KOA risk stratification and could inform future interventional studies. However, the cross-sectional design of this study precludes causal inferences. Longitudinal studies are required to establish temporal relationships and explore potential causal associations.",https://journals.plos.org/plosone/article?id=10.1371/journal.pone.0335250
115,Integration of Machine Learning and Remote Sensing for Water Quality Monitoring and Prediction: A Review,"Shashank Mohan, Brajesh Kumar, A. Pouyan Nejadhashemi",26-Jan-25,"Abstract

Aquatic ecosystems play a crucial role in sustaining life and supporting key green and blue economic sectors globally. However, the growing population and increasing anthropogenic pressures are significantly degrading terrestrial water resources, threatening their ability to provide essential socioeconomic services. To safeguard these ecosystems and their benefits, it is critical to continuously monitor changes in water quality. Remote sensing technologies, which offer high-resolution spatial and temporal data over large geographic areas, including surface water bodies, have become indispensable for these monitoring efforts. They enable the observation of various physical, chemical, and biological water quality indicators, which are essential for assessing ecosystem health. Machine learning algorithms are well suited to handle the complex and often non-linear relationships between remote sensing data and water quality parameters. By integrating remote sensing with machine learning techniques, it is possible to develop predictive models that enhance the accuracy and efficiency of water quality assessments. These models can identify and predict trends in water quality, supporting timely interventions to protect aquatic ecosystems. This paper provides a thorough review of the major remote sensing techniques for estimating water quality indicators (e.g., chlorophyll-a, turbidity, temperature, total nitrogen and total phosphorous, dissolved organic, total suspended solids, dissolved oxygen, and hydrogen power). It examines how machine learning can improve water quality assessments. Additionally, it identifies key research gaps in current methodologies and suggests future directions to address challenges in water quality monitoring, aiming to improve the precision and scope of these critical efforts.",https://www.mdpi.com/2071-1050/17/3/998
116,"Predictive analytics in heart failure risk, readmission, and mortality prediction: A review","QA Hidayaturrohman, E Hanada, E HANADA",2024,"Abstract

Heart failure is a leading cause of death among people worldwide. The cost of treatment can be prohibitive, and early prediction of heart failure would reduce treatment costs to patients and hospitals. Improved readmission prediction would also greatly help hospitals, allowing them to manage their treatment programs and budgets better. This literature review aims to summarize recent studies of predictive analytics models that have been constructed to predict heart failure risk, readmission, and mortality. Random forest, logistic regression, neural networks, and XGBoost were among the most common modeling techniques applied. Most selected studies leveraged structured electronic health record data, including demographics, clinical values, lifestyle, and comorbidities, with some incorporating unstructured clinical . Preprocessing through imputation and feature selection were frequently employed in building the predictive analytics models. The reviewed studies exhibit demonstrated promise for predictive analytics in improving early heart failure diagnosis, readmission risk stratification, and mortality prediction. This review study highlights rising research activities and the potential of predictive analytics, especially the implementation of machine learning, in advancing heart failure outcomes. Further rigorous, comprehensive syntheses and head-to-head benchmarking of predictive models are needed to derive robust evidence for clinical adoption. Categories: Cardiology, Healthcare Technology",https://www.cureus.com/articles/308264-predictive-analytics-in-heart-failure-risk-readmission-and-mortality-prediction-a-review.pdf
117,Artificial Intelligence and Machine Learning in the Diagnosis and Prognosis of Diseases Through Breath Analysis: A Scoping Review,"Christos Kokkotis, Serafeim Moustakidis, Stefan James Swift, Flora Kontopidou, Ioannis Kavouras, Anastasios Doulamis, Stamatios Giannoukos",10-Nov-25,"Abstract

Breath analysis is a non-invasive diagnostic method that offers insights into both physiological and pathological conditions. Exhaled breath contains volatile organic compounds, which act as biomarkers for disease detection, allowing for the monitoring of treatments and the tailoring of medicine to individuals. Recent advancements in chemical sensing, mass spectrometry, and spectroscopy have improved the ability to identify these biomarkers; however, traditional statistical approaches often struggle to handle the complexities of breath data. Artificial intelligence (AI) and machine learning (ML) have revolutionized breath analysis by uncovering intricate patterns among volatile breath markers, enhancing diagnostic precision, and facilitating real-time disease identification. Despite significant progress, challenges remain, including issues with data standardization, model interpretability, and the necessity for extensive and varied datasets. This study reviews the applications of ML in analyzing breath volatile organic compounds, highlighting methodological shortcomings and obstacles to clinical validation. A thorough literature review was performed using the PubMed and Scopus databases, which included studies that focused specifically on the role of machine learning in disease diagnosis and incidence prediction via breath analysis. Among the 524 articles reviewed, 97 satisfied the specified inclusion criteria. The selected studies applied ML techniques, fell within the scope of this review, and emphasize the potential of ML models for non-invasive diagnostics. The findings indicate that traditional ML methods dominate, while ensemble methods are on the rise, and deep learning (DL) techniques (especially CNNs and LSTMs) are increasingly used for classifying respiratory diseases. Techniques for feature selection (such as PCA and ML-based methods) were frequently implemented, though challenges related to explainability and data standardization persist. Future studies should focus on enhancing model transparency and developing methods to further integrate AI into the clinical setting to facilitate early disease detection and advance precision medicine.",https://www.mdpi.com/2078-2489/16/11/968
118,Machine learning to predict adverse drug reaction or event based on electronic health records: a systematic review and meta-analysis,"Q Hu, X Li",2024,"Abstract

Introduction Machine learning (ML) for adverse drug reaction or event (ADR/ADE) prediction is emerging as the promising method for improving medical quality. We aimed to conduct a systematic review to comprehensively summarize ML prediction for ADR/ADE based on electronic health record (EHR). Materials and methods We systematically searched the PubMed, Web of Science, Embase, and IEEE Xplore databases from database inception to 21 Nov. 2023, to identify eligible studies. Any study that developed ML model to predict multiple ADR/ADE based on EHR was included in the nal review. The pooled sensitivity, specicity and their 95% CI were calculated. Binary accuracy data were extracted for meta-analysis to derive area under the curve (AUC). 

Results 5704 studies were identied, of which 10 studies met the inclusion criteria. Among the 20 ML methods reported in the including studies, Random Forest (RF) was reported the most (n=9), followed by Adaboost (n=4), eXtreme Gradient Boosting (n=3) and support vector machine (n=3). The mean AUC for ML prediction was 75.71% (26.00-94.57). RF combined with resampling based approaches might get high AUC, the mean was 82.92% (94.48-94.57). The length of stay, number of drugs, admission type, age, and high-risk drug used, such as antiviral agents, rifamycin, were the common risk factors for ADR/ADE prediction. The pooled estimated AUC of summary receiver operator characteristics was 72.00% (68.00-75.00). 

Conclusions Acceptable prediction performance of ADR/ADE with ML algorithmwas highlighted. More rigorous reporting standards and the new ML methods that take into account the unique challenges of ML research could improve future studies and help the application of ML models in clinical practice.",https://assets-eu.researchsquare.com/files/rs-4081881/v1/15959d15-874f-4578-850a-1e24ecf11f91.pdf
119,SOD-FE: a supervised outlier detection and feature engineering approach for student dropout prediction,"Eissa Alzabidi, Önder Yakut, Sabah Saad, Oğuz Fındık",9-Jun-26,"Abstract
Student dropout in higher education creates academic and socio-economic challenges for institutions and students. Effective early prediction models are essential to identify at-risk students and implement timely interventions. This paper proposes SOD-FE, a supervised machine learning approach that combines label-aware outlier detection with feature engineering to enhance dropout prediction. The approach integrates interquartile range (IQR) based outlier detection with mutual information and Pearson correlation to identify and mitigate the impact of outliers before constructing the final model. Then, a feature selection strategy is applied to refine the dataset. The approach is evaluated through experiments on two real-world datasets (Portugal and Slovakia) utilizing five classification algorithms, including Random Forest (RF) and Extreme Gradient Boosting (XGB). Performance improved markedly with the RF classifier, achieving F1 scores of 98.09% and 98.33% on the Portugal and Slovakia benchmark datasets, respectively, under 5-fold cross-validation. Furthermore, the SOD-FE approach outperformed the baseline RF models by 7.46% and 3.37% in F1 score across the two datasets, demonstrating highly competitive results that align with or exceed the highest reported performances in recent literature by up to 7.33%. The proposed approach also incorporates explainable AI techniques (SHAP) to enhance model transparency and support data-driven educational policy. These findings show the significant potential of the SOD-FE method for improving student retention and early intervention systems in educational institutions.",https://www.nature.com/articles/s41598-026-56591-6
120,Identifying Key Clinical Indicators Associated with the Risk of Death in Hospitalized COVID-19 Patients,"QingLan Ma, Jingxin Ren, Lei Chen, Wei Guo, KaiYan Feng, Tao Huang, Yu-Dong Cai",2024,"Abstract

Background
Accurately predicting survival in hospitalized COVID-19 patients is crucial but challenging due to multiple risk factors. This study addresses the limitations of existing research by proposing a comprehensive machine-learning framework to identify key mortality risk factors and develop a robust predictive model.

Objective
This study proposes an analytical framework that leverages various machine learning techniques to predict the survival of hospitalized COVID-19 patients accurately. The framework comprehensively evaluates multiple clinical indicators and their associations with mortality risk.

Methods
Patient data, including gender, age, health condition, and smoking habits, was divided into discharged (n=507) and deceased (n=300) categories. Each patient was characterized by 92 clinical features. The framework incorporated seven feature ranking algorithms (LASSO, LightGBM, MCFS, mRMR, RF, CATBoost, and XGBoost), the IFS method, and four classification algorithms (DT, KNN, RF, and SVM).

Results
Age, diabetes, dyspnea, chronic kidney failure, and high blood pressure were identified as the most important risk factors. The best model achieved an F1-score of 0.857 using KNN with 34 selected features.

Conclusion
Our findings provide a comprehensive analysis of COVID-19 mortality risk factors and develops a robust predictive model. The findings highlight the increased risk in patients with comorbidities, consistent with existing literature. The proposed framework can aid in developing personalized treatment plans and allocating healthcare resources effectively.
© 2025 Bentham Science Publishers",https://www.benthamdirect.com/content/journals/cbio/10.2174/0115748936306893240720192301
121,"A Transparent House Price Prediction Framework Using Ensemble Learning, Genetic Algorithm-Based Tuning, and ANOVA-Based Feature Analysis","Mohammed Ibrahim Hussain, Arslan Munir, Mohammad Mamun, Safiul Haque Chowdhury, Nazim Uddin, Muhammad Minoar Hossain",18-Jul-25,"Abstract

House price prediction is crucial in real estate for informed decision-making. This paper presents an automated prediction system that combines genetic algorithms (GA) for feature optimization and Analysis of Variance (ANOVA) for statistical analysis. We apply and compare five ensemble machine learning (ML) models, namely Extreme Gradient Boosting Regression (XGBR), random forest regression (RFR), Categorical Boosting Regression (CBR), Adaptive Boosting Regression (ADBR), and Gradient Boosted Decision Trees Regression (GBDTR), on a comprehensive dataset. We used a dataset with 1000 samples with eight features and a secondary dataset for external validation with 3865 samples. Our integrated approach identifies Categorical Boosting with GA (CBRGA) as the best performer, achieving an R2 of 0.9973 and outperforming existing state-of-the-art methods. ANOVA-based analysis further enhances model interpretability and performance by isolating key factors such as square footage and lot size. To ensure robustness and transparency, we conduct 10-fold cross-validation and employ explainable AI techniques such as Shapley Additive Explanations (SHAP) and Local Interpretable Model-Agnostic Explanations (LIME), providing insights into model decision-making and feature importance.",https://www.mdpi.com/2674-1032/4/3/33
122,PREDICTING LOAN DEFAULT: A COMPARATIVE ANALYSIS OF FEATURE SELECTION,X HALILI,2025,"Abstract Financial decision-making, particularly in loan approval, requires precise risk prediction. To enhance the prediction accuracy, this study utilizes various machine learning models, namely Logistic Regression, XGBoost, an Artificial Neural Network (ANN), and a hybrid XGBoost + Logistic Regression (XGB+LR). These models were selected based on their unique capacities to capture complex patterns and relationships within the data, thereby potentially improving the loan default prediction task. The training and validation of these models were performed on a meticulously prepared dataset, following crucial preprocessing steps such as one-hot encoding, feature selection, and scaling. To ensure the models' optimal performance, intensive hyperparameter tuning was conducted. The application of these techniques resulted in a robust set of models. Each model's performance was rigorously evaluated through established metrics, including the Area Under the ROC Curve (AUC) and Accuracy (ACC). Among these models, the XGBoost model demonstrated superior predictive power, achieving an AUC of 0.798 and an ACC of 0.861 on the validation set. A detailed feature importance analysis using the XGBoost model further revealed that Credit_Score and Loan_Amount were the primary factors impacting loan approval decisions. Despite slight overfitting observed in the models, the results confirm the potential of machine learning in improving financial decision-making processes. This study sets the foundation for future advancements, which may include the application of advanced regularization techniques, further hyperparameter optimization, and the inclusion of a broader feature set.",http://arno.uvt.nl/show.cgi?fid=187994
123,Predicting the critical temperature of superconductors and materials classification with a balanced dataset without prior knowledge,"P. A. H. Nawoda, Gayan P. Hettiarachchi, M. D. T. Attygalle",2026,"Abstract

The discovery of new superconductors through traditional trial-and-error experimental methods is both challenging and costly. A data-driven strategy can speed up the time-consuming exploration processes and also potentially reveal new insights into the complex correlations at play. Several material databases have been created for predicting the superconducting critical temperature (Tc), but they are confined solely to superconducting materials, limiting their prediction capabilities. In addressing this, we compiled a comprehensive open-source dataset encompassing both superconductors and non-superconductors. Our dataset contains 13 415 superconductors and 13 425 non-superconductors, each characterized by 212 features. Novel features, namely, CuO layers, ionic radius, heat of vaporization, cohesive energy, and thermal conductivity with respect to every element in the material were included. Another feature named “material type” was introduced to classify materials as low-temperature superconductors, high-temperature superconductors, and non-superconductors. Various machine learning techniques, including boosting and bagging methods, were employed to predict Tc. The light gradient boosting model emerged as the most effective, achieving a coefficient of determination of 93% and a mean absolute error of 2.93 K. While this novel, comprehensive material dataset is made available to enrich future research, a web application is also developed for predicting Tc of any material in relation to the material type based on the best of trained models.",https://pubs.aip.org/aip/jap/article/139/2/023903/3377287
124,A review of AI and machine learning applications in manufacturing processes,"Mohamed El Amine Gorine, Lyes Nechak, Mohamed Ichchou, Yann Pichenot",23-Mar-26,"Abstract
This paper reviews the current applications of artificial intelligence (AI) and machine learning (ML) techniques in industrial manufacturing processes. It provides a comprehensive overview of the three main learning paradigms, supervised, unsupervised, and reinforcement learning and maps their algorithmic families to four major process domains: forming, machining, joining, and additive manufacturing. For each domain, sensor modalities, data characteristics, data acquisition feasibility, and control challenges are analyzed to assess the conditions influencing ML adoption. Differences in maturity levels are shown to arise primarily from variations in data availability, sensor integration complexity, and process automation readiness. The review offers an application-oriented synthesis covering predictive maintenance, real-time process optimization, and automated quality inspection. A publication-weighted maturity matrix demonstrates that supervised learning is well established in machining and additive manufacturing, where standardized sensors and abundant labeled data enable mature AI solutions. By contrast, unsupervised methods are commonly applied for anomaly detection in domains with limited labeled data, such as joining. Reinforcement learning is emerging as a viable approach for closed-loop control, particularly in contexts where reliable digital twins and robust simulation environments support model training. Cross-cutting techniques including physics-informed learning, explainable AI, multi-fidelity surrogate modeling, and edge-to-cloud computing architectures are also discussed. The paper concludes with a proposed future research agenda emphasizing the development of open benchmark datasets, improved simulator fidelity, and interpretable hybrid models, with the broader goal of bridging the gap between academic research and industrial deployment.",https://link.springer.com/article/10.1007/s10845-026-02826-2
125,Vertical stratification-enabled early monitoring of cotton Verticillium wilt using in-situ leaf spectroscopy via machine learning models,"Yi Gao, Changping Huang, Xia Zhang, Ze Zhang, Bing Chen",6/23/2025,"Abstract Early monitoring of cotton Verticillium wilt (VW) is crucial for preventing significant yield losses and quality deterioration. Current hyperspectral approaches often overlook the bottom-up disease progression and the impact of leaf stratification on VW detection. To address this, vertical spectral traits were examined to improve early diagnosis. A total of 551 in-situ leaf spectra were averaged from thousands of measurements, alongside corresponding RGB images from top, middle, and bottom leaf layers. Five severity levels (SL=0-4) were classified based on lesion coverage. Various vegetation indices and signal features were extracted for VW identification. Three feature selection methods, Relief-F, Lasso, and Random Forest (RF), were integrated with five machine learning models, including LightGBM, ANN, XGBoost, RF, and SVM. 

Results showed that spectral reflectance varied significantly by severity and layer, with the most pronounced variations in the bottom layer’s visible spectrum. LightGBM with RF-selected features achieved the best performance and fastest training, with accuracies of 0.82, 0.81, and 0.91 for the top, middle, and bottom leaf layers, respectively. Early-stage detection (SL=0-2) was most effective in the lowest layer, showing 38% and 34% higher precision (SL=1) than the upper two. Critical spectral features varied with vertical leaf layers and disease severity, with blue and red-edge bands identified as most important. For assessing five disease severity levels, the most informative features for the top, middle, and bottom layers were AntGitelson, Blue Index (B), and PRI570. For detecting early symptoms (SL=1), the blue band was particularly effective, followed by water-related bands. At the initial infection stage, the most significant indicators for top, middle, and bottom layers were Blue/red index (BRI), B, and WSCT, respectively. This study deepens understanding of vertical leaf spectral dynamics and enables rapid, non-destructive in vivo detection of cotton Verticillium wilt, enhancing the applicability of portable hyperspectral devices and informing leaf-layer-aware precision disease management strategies.",https://www.frontiersin.org/journals/plant-science/articles/10.3389/fpls.2025.1599877/full
126,BBDetector: Intelligent border binary detection in IoT device firmware based on a multidimensional feature model,"Shudan Yue, Guimin Zhang, Qingbao Li, Wenbo Zhang, Xiaonan Li, Weihua Jiao",2025,"Abstract
In the field of firmware security analysis for Internet of Things (IoT) devices, border binary detection has become an important research focus. However, the existing methods for border binary detection have problems such as insufficient feature characterization, high false-negative rates, and low intelligence levels. To mitigate these issues, we introduce BBDetector, a border binary detection method based on a multidimensional feature model. First, we constructed the first known set of border binaries at a certain scale by collecting and analyzing a diverse set of real-world firmware. To characterize the features of border binaries comprehensively, we proposed a multidimensional feature model (MDFM). Next, we extracted the feature vectors of binaries via the MDFM and designed a novel stacking method to achieve border binary detection. This method involves ensemble learning, combining extreme gradient boosting, light gradient boosting machine, and categorical boosting as base learners with random forest as the meta-learner. Finally, a border binary detection model (XLC-R) was obtained by training with feature vectors. We tested and evaluated BBDetector on two datasets. The experimental results showed that XLC-R achieved a precision of 94.98%, a recall of 91.02%, and an F1 score of 92.84% for the constructed representative Dataset I. Additionally, BBDetector detected 3.25 times and 2.23 times more border binaries in Dataset II than did the state-of-the-art tools Karonte and SaTC, respectively. BBDetector provides an accurate method for border binary detection in IoT firmware security analysis, significantly enhancing the pertinence of vulnerability detection, dramatically reducing the complexity of firmware security analysis, and providing essential technical support for improving IoT device security.",https://journals.plos.org/plosone/article?id=10.1371/journal.pone.0329469
127,www.tandfonline.com,I Soulioti,2026,"Abstract Coronary Artery Disease (CAD) remains one of the leading causes of mortality worldwide and accounts for a great number of prolonged hospital stays, which increase the cost of healthcare and its resource consumption. This research presents Graph Neuro Boost, a new method of predicting hospital LOS for CAD patients based on hybrid feature selection and classification, and characterized by high accuracy of prediction. Using the MIMIC-III dataset, the method involves complete data preparation, analysis, and preprocessing. A Graph Neuro Feature Selector was built by combining the autoencoder-based embedded method and the filter method using graph theory and Kruskal’s algorithm. The method efficiently identified 16 critical features in just 2.68 seconds, surpassing traditional hybrid feature selection approaches. Those features were then optimized using Bayesian optimization together with XGBoost, implementing a balanced Expected Improvement and Upper Confidence Bound technique to reduce log loss. Graph Neuro Boost resulted in an accuracy of 98.57%. In addition to superior accuracy, Graph Neuro Boost demonstrated outstanding performance relative to baseline models on multiple evaluation metrics. The SHAP analysis was also employed to interpret feature contributions, improving model transparency and supporting clinical decision-making, patient management, and efficient healthcare resource allocation.",https://www.tandfonline.com/doi/abs/10.1080/09540091.2026.2692841
128,A Comprehensive Review of Machine-Learning Approaches for Crystal Structure/Property Prediction,"Mostafa Sadeghian, Arvydas Palevicius, Giedrius Janusas",28-Oct-25,"Abstract

Crystal Property Prediction (CPP) and Crystal Structure Prediction (CSP) play an important role in accelerating the design and discovery of advanced materials across various scientific disciplines. Traditional computational approaches to CSP/CPP often face challenges such as high computational costs, limited scalability, and difficulties in exploring complex energy surfaces. In recent years, the combination of machine learning (ML) has emerged as a powerful approach to overcome these limitations, offering data-driven methods that enhance prediction accuracy while significantly reducing computational expenses. This review provides a comprehensive overview of the evolution of CSP and CPP methodologies, with particular emphasis on the transition from classical optimization algorithms to modern ML-based methods. Various supervised and unsupervised ML algorithms applied in this field are discussed in detail. Beyond structure and property prediction, recent advancements in ML-based modeling of crystal defects are also reviewed. Moreover, several recent case studies on CSP/CPP are presented to demonstrate the practical effectiveness of ML approaches. Finally, the review discusses current challenges and provides recommendations for future research in ML-based investigations of CSP/CPP.",https://www.mdpi.com/2073-4352/15/11/925
129,Comparing the artificial intelligence detection models to standard diagnostic methods and alternative models in identifying Alzheimer's disease in at-risk or early …,"B Babu, G Parvathy, FSM Bawa, GS Gill, J Patel…",2024,"Abstract

Alzheimer's disease (AD) and other neurodegenerative illnesses place a heavy strain on the world's healthcare systems, particularly among the aging population. With a focus on research from January 2022 to September 2023, this scoping review, which adheres to Preferred Reporting Items for Systematic Reviews and Meta-Analysis extension for Scoping Reviews (PRISMA-Scr) criteria, examines the changing landscape of artificial intelligence (AI) applications for early AD detection and diagnosis. Forty-four carefully chosen articles were selected from a pool of 2,966 articles for the qualitative synthesis. The research reveals impressive advancements in AI-driven approaches, including neuroimaging, genomics, cognitive tests, and blood-based biomarkers. Notably, AI models focusing on deep learning (DL) algorithms demonstrate outstanding accuracy in early AD identification, often even before the onset of clinical symptoms. Multimodal approaches, which combine information from various sources, including neuroimaging and clinical assessments, provide comprehensive insights into the complex nature of AD. The study also emphasizes the critical role that blood-based and genetic biomarkers play in strengthening AD diagnosis and risk assessment. When combined with clinical or imaging data, genetic variations and polygenic risk scores help to improve prediction models. In a similar vein, blood-based biomarkers provide non-invasive instruments for detecting metabolic changes linked to AD. Cognitive and functional evaluations, which include neuropsychological examinations and assessments of daily living activities, serve as essential benchmarks for monitoring the course of AD and directing treatment interventions. When these evaluations are included in machine learning models, the diagnosis accuracy is improved, and treatment monitoring is made more accessible. In addition, including methods that support model interpretability and explainability helps in the thorough understanding and valuable implementation of AI-driven insights in clinical contexts. This review further identifies several gaps in the research landscape, including the need for diverse, highquality datasets to address data heterogeneity and improve model generalizability. Practical implementation challenges, such as integrating AI systems into clinical workflows and clinician adoption, are highlighted as critical barriers to real-world application. Moreover, ethical considerations, particularly surrounding data privacy and informed consent, must be prioritized as AI adoption in healthcare accelerates. Performance metrics (e.g., sensitivity, specificity, and area under the curve (AUC)) for AI-based approaches are discussed, with a need for clearer reporting and comparative analyses. Addressing these limitations, alongside methodological clarity and critical evaluation of biases, would strengthen the credibility of AI applications in AD detection. By expanding its scope, this study highlights areas for improvement and future opportunities in early detection, aiming to bridge the gap between innovative AI technologies and practical clinical utility. Categories: Neurology, Geriatrics, Infectious Disease",https://www.cureus.com/articles/320264-comparing-the-artificial-intelligence-detection-models-to-standard-diagnostic-methods-and-alternative-models-in-identifying-alzheimers-disease-in-at-risk-or-early-symptomatic-individuals-a-scoping-review.pdf
130,Identifying Key Clinical Indicators Associated with the Risk of Death in Hospitalized COVID-19 Patients,"QingLan Ma, Jingxin Ren, Lei Chen, Wei Guo, KaiYan Feng, Tao Huang, Yu-Dong Cai",2024,"Abstract

Background
Accurately predicting survival in hospitalized COVID-19 patients is crucial but challenging due to multiple risk factors. This study addresses the limitations of existing research by proposing a comprehensive machine-learning framework to identify key mortality risk factors and develop a robust predictive model.

Objective
This study proposes an analytical framework that leverages various machine learning techniques to predict the survival of hospitalized COVID-19 patients accurately. The framework comprehensively evaluates multiple clinical indicators and their associations with mortality risk.

Methods
Patient data, including gender, age, health condition, and smoking habits, was divided into discharged (n=507) and deceased (n=300) categories. Each patient was characterized by 92 clinical features. The framework incorporated seven feature ranking algorithms (LASSO, LightGBM, MCFS, mRMR, RF, CATBoost, and XGBoost), the IFS method, and four classification algorithms (DT, KNN, RF, and SVM).

Results
Age, diabetes, dyspnea, chronic kidney failure, and high blood pressure were identified as the most important risk factors. The best model achieved an F1-score of 0.857 using KNN with 34 selected features.

Conclusion
Our findings provide a comprehensive analysis of COVID-19 mortality risk factors and develops a robust predictive model. The findings highlight the increased risk in patients with comorbidities, consistent with existing literature. The proposed framework can aid in developing personalized treatment plans and allocating healthcare resources effectively.
© 2025 Bentham Science Publishers",https://www.benthamdirect.com/content/journals/cbio/10.2174/0115748936306893240720192301
131,"A Transparent House Price Prediction Framework Using Ensemble Learning, Genetic Algorithm-Based Tuning, and ANOVA-Based Feature Analysis","Mohammed Ibrahim Hussain, Arslan Munir, Mohammad Mamun, Safiul Haque Chowdhury, Nazim Uddin, Muhammad Minoar Hossain",18-Jul-25,"Abstract

House price prediction is crucial in real estate for informed decision-making. This paper presents an automated prediction system that combines genetic algorithms (GA) for feature optimization and Analysis of Variance (ANOVA) for statistical analysis. We apply and compare five ensemble machine learning (ML) models, namely Extreme Gradient Boosting Regression (XGBR), random forest regression (RFR), Categorical Boosting Regression (CBR), Adaptive Boosting Regression (ADBR), and Gradient Boosted Decision Trees Regression (GBDTR), on a comprehensive dataset. We used a dataset with 1000 samples with eight features and a secondary dataset for external validation with 3865 samples. Our integrated approach identifies Categorical Boosting with GA (CBRGA) as the best performer, achieving an R2 of 0.9973 and outperforming existing state-of-the-art methods. ANOVA-based analysis further enhances model interpretability and performance by isolating key factors such as square footage and lot size. To ensure robustness and transparency, we conduct 10-fold cross-validation and employ explainable AI techniques such as Shapley Additive Explanations (SHAP) and Local Interpretable Model-Agnostic Explanations (LIME), providing insights into model decision-making and feature importance.",https://www.mdpi.com/2674-1032/4/3/33
132,PREDICTING LOAN DEFAULT: A COMPARATIVE ANALYSIS OF FEATURE SELECTION,Yuelin Jiang,2024,"Abstract

Financial decision-making, particularly in loan approval, requires precise risk prediction. To enhance the prediction accuracy, this study utilizes various machine learning models, namely Logistic Regression, XGBoost, an Artificial Neural Network (ANN), and a hybrid XGBoost + Logistic Regression (XGB+LR). These models were selected based on their unique capacities to capture complex patterns and relationships within the data, thereby potentially improving the loan default prediction task. The training and validation of these models were performed on a meticulously prepared dataset, following crucial preprocessing steps such as one-hot encoding, feature selection, and scaling. To ensure the models' optimal performance, intensive hyperparameter tuning was conducted. The application of these techniques resulted in a robust set of models. Each model's performance was rigorously evaluated through established metrics, including the Area Under the ROC Curve (AUC) and Accuracy (ACC). Among these models, the XGBoost model demonstrated superior predictive power, achieving an AUC of 0.798 and an ACC of 0.861 on the validation set. A detailed feature importance analysis using the XGBoost model further revealed that Credit_Score and Loan_Amount were the primary factors impacting loan approval decisions. Despite slight overfitting observed in the models, the results confirm the potential of machine learning in improving financial decision-making processes. This study sets the foundation for future advancements, which may include the application of advanced regularization techniques, further hyperparameter optimization, and the inclusion of a broader feature set.",http://arno.uvt.nl/show.cgi?fid=187994
133,"Machine Learning Techniques for Crop Yield Prediction: A Survey on Techniques, Applications, and Future Directions","NB Nimbal, V Mareeswari",2024,"Abstract Today Indian economy depends upon agriculture. More than 70% of the people in India have taken it as a main occupation, day by day for a particular crop; the formers are not getting proper yield as well as profit due to environmental conditions like soil quality, weather, heavy rainfall, drought, seed damages, fertilizers, pesticides. The farmers not able to produce high production, so taking the historical agricultural data records we can predict the crop yield using machine learning techniques like Linear regression, comparative analysis are done with decision tree, KNN algorithms, using these to achieve the high accuracy and model performance is computed.",https://twistjournal.net/twist/article/view/564
134,www.tandfonline.com,"Q Hu, X Li",2024,"Abstract Estimating the suspended sediment load (SSL) and understanding the impacted factors can aid in watershed management. This study evaluates the potential of ElasticNet linear regression (ENLR), random forest (RF), AdaBoost, CatBoost, and extreme gradient boosting (XGB) for SSL estimation at Ziway catchment (Ethiopia). The Shapley additive explanation method was used to determine the contribution of different driving factors for river SSL generation. Then, hybrid models, namely ENLR-XGB, ENLR-RF, ENLR-AdaBoost, and ENLR-CatBoost, were proposed by coupling ENLR model with ensemble tree models to capture both the linear and nonlinear patterns of SSL. The finding revealed that XGB outperformed other individual models. In addition, combining linear and nonlinear models produced better performance, i.e. ENLR-XGB demonstrated the highest accuracy Nash-Sutcliffe efficiency (NSE = 0.967), improving the base model’s NSE by 3.755%-21.33%. Overall, the result indicated the efficiency of hybrid models for estimating river SSL in the data-limited agricultural catchment.",https://www.tandfonline.com/doi/abs/10.1080/02626667.2026.2664061
135,Development and validation of a prediction model for VTE risk in gastric and esophageal cancer patients,"Xingyue Zheng, Liuyun Wu, Lian Li, Yin Wang, Qinan Yin, Lizhu Han, Xingwei Wu, Yuan Bian",2/28/2025,"Abstract

Objective: This study focuses on the risk of venous thromboembolism (VTE) in patients with gastric or esophageal cancer (GC/EC), investigating the risk factors for VTE in this population. Utilizing machine learning techniques, the research aims to develop an interpretable VTE risk prediction model. The goal is to identify patients with gastric or esophageal cancer who are at high risk of VTE at an early stage in clinical practice, thereby enabling precise anticoagulant prophylaxis and thrombus management.

Methods: This study is a real-world investigation aimed at predicting VTE in patients with GC/EC. Data were collected from inpatients diagnosed with GC/EC at Sichuan Provincial People’s Hospital between 1 January 2018, and 31 June 2023. Using nine supervised learning algorithms, 576 prediction models were developed based on 56 available variables. Subsequently, a simplified modeling approach was employed using the top 12 feature variables from the best-performing model. The primary metric for assessing the predictive performance of the models was the area under the ROC curve (AUC). Additionally, the training data used to construct the best model in this study were employed to externally validate several existing assessment models, including the Padua, Caprini, Khorana, and COMPASS-CAT scores.

Results: A total of 3,742 cases of GC/EC patients were collected after excluding duplicate visit information. The study included 861 (23.0%) patients, of which 124 (14.4%) developed VTE. The top five models based on AUC for full-variable modeling are as follows: GBoost (0.9646), Logic Regression (0.9443), AdaBoost (0.9382), CatBoost (0.9354), XGBoost (0.8097). For simplified modeling, the models are: Simp-CatBoost (0.8811), Simp-GBoost (0.8771), Simp-Random Forest (0.8736), Simp-AdaBoost (0.8263), Simp-Logistic Regression (0.8090). After evaluating predictive performance and practicality, the Simp-GBoost model was determined as the best model for this study. External validation of the Padua score, Caprini score, Khorana score, and COMPASS-CAT score based on the training set of the Simp-GBoost model yielded AUCs of 0.4367, 0.2900, 0.5000, and 0.3633, respectively.

Conclusion: In this study, we analyzed the risk factors of VTE in GC/EC patients, and constructed a well-performing VTE risk prediction model capable of accurately identifying the extent of VTE risk in patients. Four VTE prediction scoring systems were introduced to externally validate the dataset of this study. The results demonstrated that the VTE risk prediction model established in this study held greater clinical utility for patients with GC/EC. The Simp-GB model can provide intelligent assistance in the early clinical assessment of VTE risk in these patients.",https://www.frontiersin.org/journals/pharmacology/articles/10.3389/fphar.2025.1448879/full
136,A hybrid approach for pattern recognition and interpretation in age-related false memory,"Noorbakhsh Amiri Golilarz, Elias Hossain, Shahram Rahimi, Hossein Karimi",7/23/2025,"Abstract

Introduction: Aging is associated with a decline in essential cognitive functions such as language processing, memory, and attention, which significantly impacts the quality of life in later years. Despite the serious consequences of age-related cognitive decline, particularly in the formation of false memories, the underlying mechanisms remain poorly understood. This knowledge gap is partly due to limitations in current methodologies used to examine age-related cognitive changes and their origins.

Methods: In the present study, a hybrid approach was developed that combines optimized machine learning techniques with large-scale transformer-based language models to identify behavioral patterns distinguishing true from false memories in both younger and older adults. The best-performing model, a modified version of the Light Gradient Boosting Machine (LightGBM), identified nine key features using permutation importance. Feature interactions with age were further examined to understand their relationship with cognitive decline. Additionally, the modified LightGBM was integrated with a language model to enhance interpretability.

Results: The findings revealed that younger adults benefited from target encoding time during reading, which helped them correctly reject misleading information (lures), whereas older adults were more vulnerable to inference caused by semantic similarity.

Discussion: These results offer important insights into the mechanisms of false memory in aging populations and demonstrate the utility of hybrid computational methods in uncovering behavioral patterns related to memory decline. The modified LightGBM achieved the highest overall performance with an F1-score of 0.82 and recall of 0.88, outperforming all evaluated deep learning and transformer-based models.",https://www.frontiersin.org/journals/psychology/articles/10.3389/fpsyg.2025.1579259/full
137,"A review of AI and machine learning applications in manufacturing processes: M. El Amine Gorine, L. Nechak, M. Ichchou, Y. Pichenot","MEA Gorine, L Nechak, M Ichchou…",2026,"Abstract Artificial Intelligence (AI) and especially machine learning (ML) become increasingly more frequently applicable in factory operations. This paper presents a systematic review of today’s applications of ML techniques in the factory environment. The utilization of ML methods related to manufacturing process planning and control, predictive maintenance, quality control, in situ process control and optimization, logistics, robotics, assistance and learning systems for shopfloor employees are being analyzed. Moreover, an overview of ML training concepts in learning factories is given. Furthermore, these concepts will be analyzed regarding the implemented ML method. Finally, research gaps are identified.",https://assets-eu.researchsquare.com/files/rs-6889300/v1_covered_8aafe1ed-9e8f-4782-9d4a-571835950be4.pdf
138,www.tandfonline.com,"Y Gao, C Huang, X Zhang, Z Zhang…",2025,"Abstract Coronary Artery Disease (CAD) remains one of the leading causes of mortality worldwide and accounts for a great number of prolonged hospital stays, which increase the cost of healthcare and its resource consumption. This research presents Graph Neuro Boost, a new method of predicting hospital LOS for CAD patients based on hybrid feature selection and classification, and characterized by high accuracy of prediction. Using the MIMIC-III dataset, the method involves complete data preparation, analysis, and preprocessing. A Graph Neuro Feature Selector was built by combining the autoencoder-based embedded method and the filter method using graph theory and Kruskal’s algorithm. The method efficiently identified 16 critical features in just 2.68 seconds, surpassing traditional hybrid feature selection approaches. Those features were then optimized using Bayesian optimization together with XGBoost, implementing a balanced Expected Improvement and Upper Confidence Bound technique to reduce log loss. Graph Neuro Boost resulted in an accuracy of 98.57%. In addition to superior accuracy, Graph Neuro Boost demonstrated outstanding performance relative to baseline models on multiple evaluation metrics. The SHAP analysis was also employed to interpret feature contributions, improving model transparency and supporting clinical decision-making, patient management, and efficient healthcare resource allocation.",https://www.tandfonline.com/doi/abs/10.1080/09540091.2026.2692841
139,Advancing precision rheumatology: applications of machine learning for rheumatoid arthritis management,"Yiming Shi, Mi Zhou, Cen Chang, Ping Jiang, Kai Wei, Jianan Zhao, Yu Shan, Yixin Zheng, Fuyu Zhao, Xinliang Lv, Shicheng Guo, Fubo Wang, Dongyi He",6/10/2024,"Abstract Rheumatoid arthritis (RA) is an autoimmune disease causing progressive joint damage. Early diagnosis and treatment is critical, but remains challenging due to RA complexity and heterogeneity. Machine learning (ML) techniques may enhance RA management by identifying patterns within multidimensional biomedical data to improve classification, diagnosis, and treatment predictions. In this review, we summarize the applications of ML for RA management. Emerging studies or applications have developed diagnostic and predictive models for RA that utilize a variety of data modalities, including electronic health records, imaging, and multi-omics data. High-performance supervised learning models have demonstrated an Area Under the Curve (AUC) exceeding 0.85, which is used for identifying RA patients and predicting treatment responses. Unsupervised learning has revealed potential RA subtypes. Ongoing research is integrating multimodal data with deep learning to further improve performance. However, key challenges remain regarding model overfitting, generalizability, validation in clinical , and interpretability. Small sample sizes and lack of diverse population testing risks overestimating model performance. Prospective studies evaluating real-world clinical utility are lacking. Enhancing model interpretability is critical for clinician acceptance. In summary, while ML shows promise for transforming RA management through earlier diagnosis and optimized treatment, larger scale multisite data, prospective clinical validation of interpretable models, and testing across diverse populations is still needed. As these gaps are addressed, ML may pave the way towards precision medicine in RA.",https://www.frontiersin.org/journals/immunology/articles/10.3389/fimmu.2024.1409555/full
140,A Comprehensive Review of Machine-Learning Approaches for Crystal Structure/Property Prediction,"Mostafa Sadeghian, Arvydas Palevicius, Giedrius Janusas",28-Oct-25,"Abstract

Crystal Property Prediction (CPP) and Crystal Structure Prediction (CSP) play an important role in accelerating the design and discovery of advanced materials across various scientific disciplines. Traditional computational approaches to CSP/CPP often face challenges such as high computational costs, limited scalability, and difficulties in exploring complex energy surfaces. In recent years, the combination of machine learning (ML) has emerged as a powerful approach to overcome these limitations, offering data-driven methods that enhance prediction accuracy while significantly reducing computational expenses. This review provides a comprehensive overview of the evolution of CSP and CPP methodologies, with particular emphasis on the transition from classical optimization algorithms to modern ML-based methods. Various supervised and unsupervised ML algorithms applied in this field are discussed in detail. Beyond structure and property prediction, recent advancements in ML-based modeling of crystal defects are also reviewed. Moreover, several recent case studies on CSP/CPP are presented to demonstrate the practical effectiveness of ML approaches. Finally, the review discusses current challenges and provides recommendations for future research in ML-based investigations of CSP/CPP.",https://www.mdpi.com/2073-4352/15/11/925
141,Comparing the artificial intelligence detection models to standard diagnostic methods and alternative models in identifying Alzheimer's disease in at-risk or early …,"B Babu, G Parvathy, FSM Bawa, GS Gill, J Patel…",2024,"Abstract

Alzheimer's disease (AD) and other neurodegenerative illnesses place a heavy strain on the world's healthcare systems, particularly among the aging population. With a focus on research from January 2022 to September 2023, this scoping review, which adheres to Preferred Reporting Items for Systematic Reviews and Meta-Analysis extension for Scoping Reviews (PRISMA-Scr) criteria, examines the changing landscape of artificial intelligence (AI) applications for early AD detection and diagnosis. Forty-four carefully chosen articles were selected from a pool of 2,966 articles for the qualitative synthesis. The research reveals impressive advancements in AI-driven approaches, including neuroimaging, genomics, cognitive tests, and blood-based biomarkers. Notably, AI models focusing on deep learning (DL) algorithms demonstrate outstanding accuracy in early AD identification, often even before the onset of clinical symptoms. Multimodal approaches, which combine information from various sources, including neuroimaging and clinical assessments, provide comprehensive insights into the complex nature of AD. The study also emphasizes the critical role that blood-based and genetic biomarkers play in strengthening AD diagnosis and risk assessment. When combined with clinical or imaging data, genetic variations and polygenic risk scores help to improve prediction models. In a similar vein, blood-based biomarkers provide non-invasive instruments for detecting metabolic changes linked to AD. Cognitive and functional evaluations, which include neuropsychological examinations and assessments of daily living activities, serve as essential benchmarks for monitoring the course of AD and directing treatment interventions. When these evaluations are included in machine learning models, the diagnosis accuracy is improved, and treatment monitoring is made more accessible. In addition, including methods that support model interpretability and explainability helps in the thorough understanding and valuable implementation of AI-driven insights in clinical contexts. This review further identifies several gaps in the research landscape, including the need for diverse, highquality datasets to address data heterogeneity and improve model generalizability. Practical implementation challenges, such as integrating AI systems into clinical workflows and clinician adoption, are highlighted as critical barriers to real-world application. Moreover, ethical considerations, particularly surrounding data privacy and informed consent, must be prioritized as AI adoption in healthcare accelerates. Performance metrics (e.g., sensitivity, specificity, and area under the curve (AUC)) for AI-based approaches are discussed, with a need for clearer reporting and comparative analyses. Addressing these limitations, alongside methodological clarity and critical evaluation of biases, would strengthen the credibility of AI applications in AD detection. By expanding its scope, this study highlights areas for improvement and future opportunities in early detection, aiming to bridge the gap between innovative AI technologies and practical clinical utility. Categories: Neurology, Geriatrics, Infectious Disease",https://www.cureus.com/articles/320264-comparing-the-artificial-intelligence-detection-models-to-standard-diagnostic-methods-and-alternative-models-in-identifying-alzheimers-disease-in-at-risk-or-early-symptomatic-individuals-a-scoping-review.pdf
142,Machine Learning Techniques for Crop Yield Prediction,"Nagaveni B. Nimbal, V. Mareeswari",2024,"Abstract

Accurate crop yield prediction is crucial for global food security and effective agricultural management. This paper reviews the latest machine learning (ML) techniques used in crop yield prediction, focusing on applications, challenges, and future prospects. Traditional methods based on historical data often fail to capture the complexities of environmental and management factors. Recent ML advancements have improved accuracy by using high-dimensional data like satellite imagery and weather patterns. Key challenges include data quality, model interpretability, generalizability, and computational demands. Solutions such as data sharing, interpretable models, transfer learning, and hybrid approaches are proposed to advance crop yield prediction and promote sustainable agriculture.",https://twistjournal.net/twist/article/view/564
143,Are you a robot?,"MG Pratyusha, AK Sinha",2026,"Abstract Coronary Artery Disease (CAD) remains one of the leading causes of mortality worldwide and accounts for a great number of prolonged hospital stays, which increase the cost of healthcare and its resource consumption. This research presents Graph Neuro Boost, a new method of predicting hospital LOS for CAD patients based on hybrid feature selection and classification, and characterized by high accuracy of prediction. Using the MIMIC-III dataset, the method involves complete data preparation, analysis, and preprocessing. A Graph Neuro Feature Selector was built by combining the autoencoder-based embedded method and the filter method using graph theory and Kruskal’s algorithm. The method efficiently identified 16 critical features in just 2.68 seconds, surpassing traditional hybrid feature selection approaches. Those features were then optimized using Bayesian optimization together with XGBoost, implementing a balanced Expected Improvement and Upper Confidence Bound technique to reduce log loss. Graph Neuro Boost resulted in an accuracy of 98.57%. In addition to superior accuracy, Graph Neuro Boost demonstrated outstanding performance relative to baseline models on multiple evaluation metrics. The SHAP analysis was also employed to interpret feature contributions, improving model transparency and supporting clinical decision-making, patient management, and efficient healthcare resource allocation.",https://www.sciencedirect.com/science/article/pii/S0301479726013757
144,Identifying Contributing Factors to Injury Severity in Road Accidents During Dawn and Dusk Using Explainable Machine Learning,Ahmed Mohamed,2025,"Abstract

최근 정부는 국내 우회전 교통사고의 심각성을 인지하여 관련된 법제도를 정비하는 등 우회전 사고에 따른 피해저감을 위해 많은 노력을 기울이고 있다. 본 연구는 이와 같은 사회적 배경, 그리고 관련된 선행연구의 부재에 따라 우회전 사고심각도의 영향 요인들을 찾고자 하였다. 연구를 위해 보도자료에서 발표된 전국의 우회전 사고다발지 25개에 대한 최근 6년(2018-2023)간의 우회전 사고자료 253건이 수집되었다. 이를 토대로 총 23개의 변수를 개별 사고별로 구축하였다. 구축된 자료를 가지고 기계학습 분류모형에서 대표적으로 활용되는 랜덤포레스트 모형과 이항 로지스틱 회귀모형으로 사고심각도 요인을 분석하였다. 두가지 모델을 같이 사용하는 방법은 모델의 성능과 설명력을 모두 고려할 수 있다는 장점이 있다. 연구 결과, 총 7개의 요인(인적 측면에 해당되는 피해 보행자 연령층, 차량 측면에 해당되는 가해 차량의 차종, 도로교통 측면에 해당되는 접근로 제한속도, 우회전 전용차로 유무, 고원식 횡단보도 유무, 정지선-횡단보도 간격, 우회전 곡선반경)이 통계적으로 유의(p < 0.05)한 것으로 나타났다. 연구 결과는 정책 결정권자 및 실무자로 하여금 국내 우회전 사고에 대한 실질적 감소대책 마련에 도움이 될 것으로 기대된다. 향후에는 우회전 교통사고 다발교차로와 미발생 교차로간 비교 연구가 필요하며, 운전자 행태자료가 결합된 연구 또한 필요할 것으로 판단된다.",https://eprints.kfupm.edu.sa/id/eprint/143647/
145,www.tandfonline.com,"B Babu, G Parvathy, FSM Bawa, GS Gill, J Patel…",2024,"Abstract Estimating the suspended sediment load (SSL) and understanding the impacted factors can aid in watershed management. This study evaluates the potential of ElasticNet linear regression (ENLR), random forest (RF), AdaBoost, CatBoost, and extreme gradient boosting (XGB) for SSL estimation at Ziway catchment (Ethiopia). The Shapley additive explanation method was used to determine the contribution of different driving factors for river SSL generation. Then, hybrid models, namely ENLR-XGB, ENLR-RF, ENLR-AdaBoost, and ENLR-CatBoost, were proposed by coupling ENLR model with ensemble tree models to capture both the linear and nonlinear patterns of SSL. The finding revealed that XGB outperformed other individual models. In addition, combining linear and nonlinear models produced better performance, i.e. ENLR-XGB demonstrated the highest accuracy Nash-Sutcliffe efficiency (NSE = 0.967), improving the base model’s NSE by 3.755%-21.33%. Overall, the result indicated the efficiency of hybrid models for estimating river SSL in the data-limited agricultural catchment.",https://www.tandfonline.com/doi/abs/10.1080/02626667.2026.2664061
146,Development and validation of a prediction model for VTE risk in gastric and esophageal cancer patients,"Xingyue Zheng, Liuyun Wu, Lian Li, Yin Wang, Qinan Yin, Lizhu Han, Xingwei Wu, Yuan Bian",2/28/2025,"Abstract

Objective: This study focuses on the risk of venous thromboembolism (VTE) in patients with gastric or esophageal cancer (GC/EC), investigating the risk factors for VTE in this population. Utilizing machine learning techniques, the research aims to develop an interpretable VTE risk prediction model. The goal is to identify patients with gastric or esophageal cancer who are at high risk of VTE at an early stage in clinical practice, thereby enabling precise anticoagulant prophylaxis and thrombus management.

Methods: This study is a real-world investigation aimed at predicting VTE in patients with GC/EC. Data were collected from inpatients diagnosed with GC/EC at Sichuan Provincial People’s Hospital between 1 January 2018, and 31 June 2023. Using nine supervised learning algorithms, 576 prediction models were developed based on 56 available variables. Subsequently, a simplified modeling approach was employed using the top 12 feature variables from the best-performing model. The primary metric for assessing the predictive performance of the models was the area under the ROC curve (AUC). Additionally, the training data used to construct the best model in this study were employed to externally validate several existing assessment models, including the Padua, Caprini, Khorana, and COMPASS-CAT scores.

Results: A total of 3,742 cases of GC/EC patients were collected after excluding duplicate visit information. The study included 861 (23.0%) patients, of which 124 (14.4%) developed VTE. The top five models based on AUC for full-variable modeling are as follows: GBoost (0.9646), Logic Regression (0.9443), AdaBoost (0.9382), CatBoost (0.9354), XGBoost (0.8097). For simplified modeling, the models are: Simp-CatBoost (0.8811), Simp-GBoost (0.8771), Simp-Random Forest (0.8736), Simp-AdaBoost (0.8263), Simp-Logistic Regression (0.8090). After evaluating predictive performance and practicality, the Simp-GBoost model was determined as the best model for this study. External validation of the Padua score, Caprini score, Khorana score, and COMPASS-CAT score based on the training set of the Simp-GBoost model yielded AUCs of 0.4367, 0.2900, 0.5000, and 0.3633, respectively.

Conclusion: In this study, we analyzed the risk factors of VTE in GC/EC patients, and constructed a well-performing VTE risk prediction model capable of accurately identifying the extent of VTE risk in patients. Four VTE prediction scoring systems were introduced to externally validate the dataset of this study. The results demonstrated that the VTE risk prediction model established in this study held greater clinical utility for patients with GC/EC. The Simp-GB model can provide intelligent assistance in the early clinical assessment of VTE risk in these patients.",https://www.frontiersin.org/journals/pharmacology/articles/10.3389/fphar.2025.1448879/full
147,A hybrid approach for pattern recognition and interpretation in age-related false memory,"Noorbakhsh Amiri Golilarz, Elias Hossain, Shahram Rahimi, Hossein Karimi",7/23/2025,"Abstract

Introduction: Aging is associated with a decline in essential cognitive functions such as language processing, memory, and attention, which significantly impacts the quality of life in later years. Despite the serious consequences of age-related cognitive decline, particularly in the formation of false memories, the underlying mechanisms remain poorly understood. This knowledge gap is partly due to limitations in current methodologies used to examine age-related cognitive changes and their origins.

Methods: In the present study, a hybrid approach was developed that combines optimized machine learning techniques with large-scale transformer-based language models to identify behavioral patterns distinguishing true from false memories in both younger and older adults. The best-performing model, a modified version of the Light Gradient Boosting Machine (LightGBM), identified nine key features using permutation importance. Feature interactions with age were further examined to understand their relationship with cognitive decline. Additionally, the modified LightGBM was integrated with a language model to enhance interpretability.

Results: The findings revealed that younger adults benefited from target encoding time during reading, which helped them correctly reject misleading information (lures), whereas older adults were more vulnerable to inference caused by semantic similarity.

Discussion: These results offer important insights into the mechanisms of false memory in aging populations and demonstrate the utility of hybrid computational methods in uncovering behavioral patterns related to memory decline. The modified LightGBM achieved the highest overall performance with an F1-score of 0.82 and recall of 0.88, outperforming all evaluated deep learning and transformer-based models.",https://www.frontiersin.org/journals/psychology/articles/10.3389/fpsyg.2025.1579259/full
148,SOD-FE: A Supervised Outlier Detection and Feature Engineering Approach for Student Dropout Prediction,"S Saad, Ö Yakut, E Alzabidi, O Fındık",2025,"Abstract

Student dropout in higher education creates academic and socio-economic challenges for institutions and students. Effective early prediction models are essential to identify at-risk students and implement timely interventions. This paper proposes SOD-FE, a supervised machine learning approach that combines label-aware outlier detection with feature engineering to enhance dropout prediction. The approach integrates interquartile range (IQR) based outlier detection with mutual information and Pearson correlation to identify and mitigate the impact of outliers before constructing the ﬁnal model. Then, a feature selection strategy is applied to reﬁne the dataset. The approach is evaluated through experiments on two real-world datasets (Portugal and Slovakia) utilizing ﬁve classiﬁcation algorithms, including Random Forest (RF) and Extreme Gradient Boosting (XGB). Performance increased greatly with the RF classiﬁer, achieving F1 scores of 98.09% and 98.33% on two benchmark datasets, using 5-fold cross-validation. The proposed approach also incorporates explainable AI techniques (SHAP) to enhance model transparency and support data-driven educational policy . These ﬁndings show the signiﬁcant potential of the SOD-FE method for improving student retention and early intervention systems in educational institutions.",https://assets-eu.researchsquare.com/files/rs-6889300/v1_covered_8aafe1ed-9e8f-4782-9d4a-571835950be4.pdf
149,Advancing precision rheumatology: applications of machine learning for rheumatoid arthritis management,"Yiming Shi, Mi Zhou, Cen Chang, Ping Jiang, Kai Wei, Jianan Zhao, Yu Shan, Yixin Zheng, Fuyu Zhao, Xinliang Lv, Shicheng Guo, Fubo Wang, Dongyi He",6/10/2024,"Abstract Rheumatoid arthritis (RA) is an autoimmune disease causing progressive joint damage. Early diagnosis and treatment is critical, but remains challenging due to RA complexity and heterogeneity. Machine learning (ML) techniques may enhance RA management by identifying patterns within multidimensional biomedical data to improve classification, diagnosis, and treatment predictions. In this review, we summarize the applications of ML for RA management. Emerging studies or applications have developed diagnostic and predictive models for RA that utilize a variety of data modalities, including electronic health records, imaging, and multi-omics data. High-performance supervised learning models have demonstrated an Area Under the Curve (AUC) exceeding 0.85, which is used for identifying RA patients and predicting treatment responses. Unsupervised learning has revealed potential RA subtypes. Ongoing research is integrating multimodal data with deep learning to further improve performance. However, key challenges remain regarding model overfitting, generalizability, validation in clinical , and interpretability. Small sample sizes and lack of diverse population testing risks overestimating model performance. Prospective studies evaluating real-world clinical utility are lacking. Enhancing model interpretability is critical for clinician acceptance. In summary, while ML shows promise for transforming RA management through earlier diagnosis and optimized treatment, larger scale multisite data, prospective clinical validation of interpretable models, and testing across diverse populations is still needed. As these gaps are addressed, ML may pave the way towards precision medicine in RA.",https://www.frontiersin.org/journals/immunology/articles/10.3389/fimmu.2024.1409555/full
150,onlinelibrary.wiley.com,"S Saad, Ö Yakut, E Alzabidi, O Fındık",2025,"Abstract Shared micromobility services are experiencing rapid growth, particularly in addressing last‐mile transportation needs. The most crucial questions focus on identifying the determinants of user behavior and the factors driving demand for micromobility vehicles. Investigating this topic is thus essential for meeting the demand of micromobility vehicles, ensuring their dynamic and flexible deployment, and optimizing overall system planning. In this study, demand forecasting was performed using a shared electric scooter (e‐scooter) dataset and by comparing 19 distinct machine learning (ML) and deep learning (DL) algorithms, including traditional ML algorithms, neural network–based (NN) models , ANN and metaheuristic hybrid models, and ensemble models. Algorithm performance, evaluated using
R
2
and RMSE metrics, shows that boosting and hybrid models significantly outperform traditional algorithms. In this study, the algorithms were compared not only with RMSE and
R
2
but also with their running times. Our analysis reveals that GRU, ANN–Grid–Search, ANN–Bayesian, ANN–Randomize–Search, ANN‐PSO, and ANN‐GA models achieve the highest performance, though this performance is inversely related to their computational cost. When the running time is included in the analysis, the GRU algorithm ranks best (RMSE: 0.945248,
R
2
: 0.174226, runtime: 6.1), followed by ANN‐GA and ANN‐PSO models. These findings will help e‐scooter providers plan effectively and make informed investment decisions.",https://onlinelibrary.wiley.com/doi/abs/10.1155/atr/8794166
151,Are you a robot?,"Y Shi, M Zhou, C Chang, P Jiang, K Wei…",2024,"Abstract How do mistakes made by a robot affect its trustworthiness and acceptance in human-robot collaboration? We investigate how the perception of erroneous robot behavior may influence human interaction choices and the willingness to cooperate with the robot by following a number of its unusual requests. For this purpose, we conducted an experiment in which participants interacted with a home companion robot in one of two experimental conditions: (1) the correct mode or (2) the faulty mode. Our findings reveal that, while significantly affecting subjective perceptions of the robot and assessments of its reliability and trustworthiness, the robot's performance does not seem to substantially influence participants' decisions to (not) comply with its requests. However, our results further suggest that the nature of the task requested by the robot, e.g. whether its effects are revocable as opposed to irrevocable, has a significant impact on participants' willingness to follow its instructions.",https://www.sciencedirect.com/science/article/pii/S0301479726013757
152,www.tandfonline.com,"W Chen, S Li, L Wang",2026,"Abstract Previous studies indicate that applying solely financial ratios (FR) provides limited SME bankruptcy prediction performance. On the other hand, the application of non-financial features is cost-ineffective for SMEs. Intellectual capital (IC) features provide a meaningful alternative to analyse SMEs’ financial performance since companies with higher IC regularly achieve consistently higher sales growth. This paper aims to examine the possibilities of applying intellectual capital features in predicting SME bankruptcy. 14 IC features and 27 FR of 54,003 SMEs from 2016 to 2021 were collected from financial statements. Three groups of XGBoost and CatBoost models were developed – with only IC features, with only FR and combining FR and IC features. The results show that IC features are a practical addition to FR, with the best AUC equal to 89%, and their combination outperforms models using only FR by an average of 2.3%. Moreover, IC features such as capital employed efficiency and structural capital reduced the likelihood of SMEs’ bankruptcy. The implication of this study is that SME bankruptcy models perform better using IC features without significantly increasing financial cost or processing time, which can be helpful for financial institutions. Additionally, this can contribute to developing other methods of measuring IC.",https://www.tandfonline.com/doi/abs/10.1080/00036846.2023.2281291
153,Identifying Contributing Factors to Injury Severity in Road Accidents During Dawn and Dusk Using Explainable Machine Learning,Ahmed Mohamed,2025,"Abstract
Understanding road traffic accidents is essential for designing effective, targeted safety interventions, given their substantial role in fatalities and injuries. Nonetheless, previous studies have frequently neglected the unique transitional periods of dawn and dusk, constraining insights into the injury severity of crashes during these specific periods. To address this gap, a comprehensive analysis of the factors that influence the injury severity of crashes during dawn and dusk is essential. This study utilized an 11-year (2013-2023) dataset from Bahrain, employing a disaggregated analytical approach that focuses on the person level. This includes drivers, passengers, and pedestrians involved in the accidents. This study developed and evaluated six machine learning (ML) models for predicting crash injury severity. The ML models included two baseline models, logistic regression (LR) and decision tree (DT). In addition, four ensemble learning models based on bagging and boosting techniques were utilized, namely random forest (RF), adaptive boosting (AdaBoost), gradient boosting (GB), and extreme gradient boosting (XGBoost). Among the developed models, AdaBoost achieved the best overall performance on both dawn and dusk datasets based on different weighted average performance metrics, including accuracy, precision, recall (sensitivity), F1-score, and the area under the Receiver Operation Characteristic Curve (AUC-ROC). To address the challenges associated with interpretability inherent in machine learning (ML) models, the SHapley Additive exPlanations (SHAP) analysis was utilized as an explainable machine learning (XML) technique to interpret the AdaBoost model and assess the significance and contribution of features to injury severity using both global and local explanations. The analysis identified several contributing features that significantly influence injury severity, including passenger, dual carriageway 50-80 KPH, no off-road impact, winter, non-Bahraini, male, road section with streetlight, and pedestrian. These features exhibited differing risk patterns throughout dawn and dusk periods. To ensure the robustness of these findings, sensitivity and stability analyses were conducted using cosine similarity for SHAP value perturbations. The results validated the robustness of the key features (predictors). Overall, these findings underscore the key factors influencing injury severity during dawn and dusk periods and provide actionable practical for targeted interventions.",https://eprints.kfupm.edu.sa/id/eprint/143647/
154,onlinelibrary.wiley.com,"G Yurdakul, N Aydin, S Seker…",2025,"Abstract Shared micromobility services are experiencing rapid growth, particularly in addressing last‐mile transportation needs. The most crucial questions focus on identifying the determinants of user behavior and the factors driving demand for micromobility vehicles. Investigating this topic is thus essential for meeting the demand of micromobility vehicles, ensuring their dynamic and flexible deployment, and optimizing overall system planning. In this study, demand forecasting was performed using a shared electric scooter (e‐scooter) dataset and by comparing 19 distinct machine learning (ML) and deep learning (DL) algorithms, including traditional ML algorithms, neural network–based (NN) models , ANN and metaheuristic hybrid models, and ensemble models. Algorithm performance, evaluated using
R
2
and RMSE metrics, shows that boosting and hybrid models significantly outperform traditional algorithms. In this study, the algorithms were compared not only with RMSE and
R
2
but also with their running times. Our analysis reveals that GRU, ANN–Grid–Search, ANN–Bayesian, ANN–Randomize–Search, ANN‐PSO, and ANN‐GA models achieve the highest performance, though this performance is inversely related to their computational cost. When the running time is included in the analysis, the GRU algorithm ranks best (RMSE: 0.945248,
R
2
: 0.174226, runtime: 6.1), followed by ANN‐GA and ANN‐PSO models. These findings will help e‐scooter providers plan effectively and make informed investment decisions.",https://onlinelibrary.wiley.com/doi/abs/10.1155/atr/8794166
155,www.tandfonline.com,"L Papíková, M Papík",2024,"Abstract Previous studies indicate that applying solely financial ratios (FR) provides limited SME bankruptcy prediction performance. On the other hand, the application of non-financial features is cost-ineffective for SMEs. Intellectual capital (IC) features provide a meaningful alternative to analyse SMEs’ financial performance since companies with higher IC regularly achieve consistently higher sales growth. This paper aims to examine the possibilities of applying intellectual capital features in predicting SME bankruptcy. 14 IC features and 27 FR of 54,003 SMEs from 2016 to 2021 were collected from financial statements. Three groups of XGBoost and CatBoost models were developed – with only IC features, with only FR and combining FR and IC features. The results show that IC features are a practical addition to FR, with the best AUC equal to 89%, and their combination outperforms models using only FR by an average of 2.3%. Moreover, IC features such as capital employed efficiency and structural capital reduced the likelihood of SMEs’ bankruptcy. The implication of this study is that SME bankruptcy models perform better using IC features without significantly increasing financial cost or processing time, which can be helpful for financial institutions. Additionally, this can contribute to developing other methods of measuring IC.",https://www.tandfonline.com/doi/abs/10.1080/00036846.2023.2281291
156,Machine Learning in Materials Science: A Review,J Hägele,2025,"Abstract Materials science includes the design and discovery of new materials for manufacturing products with desired properties and functionality. The time frame for discovering new materials from initial research to first use is remarkably long. Materials design by using computer simulation and analysis leads to reduction in time and cost of materials development. One of the most exciting computational tools that has entered the materials science toolbox in recent years is machine learning, which is being applied to address various problems, such as new materials discovery, material property prediction, corrosion behavior prediction, etc. In this chapter, a review of applications of machine learning in materials science reported in the literature in recent years is presented.",https://mediatum.ub.tum.de/doc/1836241/document.pdf
157,"Recent Advances in Machine
Learning Models for Predicting
Toxicity of Inorganic Nanoparticles","Mingli Li, Qiao-Zhi Li, Yuliang Zhao, Xingfa Gao",2025,"Abstract

Nanoparticles (NPs) such as engineered inorganic NPs (metals, metal oxides, carbon materials, etc.) can induce cytotoxicity in normal biological systems when used for disease treatment or when exposed to the environment, which has raised widespread concerns about their safety in biomedicine, environmental chemistry, and other application fields. Therefore, developing efficient strategies for the hazard and risk assessment of NPs is extremely important to ensure their safety and sustainable development in above applications. Herein, we provide a systematic and comprehensive review that includes the following sections: (i) mechanisms and influencing factors of nanotoxicity, (ii) the classical statistical cytotoxicity prediction models such as nano-quantitative structure–activity relationship (nanoQSAR), physiologically based pharmacokinetic (PBPK), and meta-analysis (MA) models, (iii) the ML-accelerated development of the above three types of models, and (iv) some important nanotoxicity databases. The ML-accelerated nanoQSAR, PBPK, and MA models are mainly focused, in which the ML algorithms, advantages, and schemes for model development are described, and also the prediction performance and key features that influence the cytotoxicity for the developed models are discussed in detail. In addition, future opportunities and challenges in promoting the development of highly efficient, robust, and interpretable ML models for predicting the cytotoxicity of NPs are also highlighted.",https://pmc.ncbi.nlm.nih.gov/articles/PMC12670184/
158,Navigating the evolution of two-dimensional carbon nitride research: integrating machine learning into conventional approaches,"Deep Mondal, Sujoy Datta, Debnarayan Jana",2025,"Abstract

Carbon nitride research has reached a promising stage with diverse applications in photocatalysis, energy storage, and sensing, driven by its unique properties and significant contributions from cutting-edge machine learning approaches.",https://pubs.rsc.org/cp/article-abstract/27/9/4531/844415
159,The Development and Application of Machine Learning in Atmospheric Environment Studies,"Lianming Zheng, Rui Lin, Xuemei Wang, Weihua Chen",29-Nov-21,"Abstract

Machine learning (ML) plays an important role in atmospheric environment prediction, having been widely applied in atmospheric science with significant progress in algorithms and hardware. In this paper, we present a brief overview of the development of ML models as well as their application to atmospheric environment studies. ML model performance is then compared based on the main air pollutants (i.e., PM2.5, O3, and NO2) and model type. Moreover, we identify the key driving variables for ML models in predicting particulate matter (PM) pollutants by quantitative statistics. Additionally, a case study for wet nitrogen deposition estimation is carried out based on ML models. Finally, the prospects of ML for atmospheric prediction are discussed.",https://www.mdpi.com/2072-4292/13/23/4839
160,"Advanced applications in chronic disease monitoring using IoT mobile sensing device data, machine learning algorithms and frame theory: a systematic review","Yu Liu, Boyuan Wang",2/21/2025,"Abstract The escalating demand for chronic disease management has presented substantial challenges to traditional methods. However, the emergence of Internet of Things (IoT) and artificial intelligence (AI) technologies offers a potential resolution by facilitating more precise chronic disease management through data-driven strategies. This review concentrates on the utilization of IoT mobile sensing devices in managing major chronic diseases such as cardiovascular diseases, cancer, chronic respiratory diseases, and diabetes. It scrutinizes their efficacy in disease diagnosis and management when integrated with machine learning algorithms, such as ANN, SVM, RF, and deep learning models. Through an exhaustive literature review, this study dissects how these technologies aid in risk assessment, personalized treatment planning, and disease management. This research addresses a gap in the existing literature concerning the application of IoT and AI technologies in the management of specific chronic diseases. It particularly demonstrates methodological novelty by introducing advanced models based on deep learning, tight frame-based methodologies and real-time monitoring systems. This review employs a rigorous examination method, which includes systematically searching relevant databases, filtering literature that meets specific inclusion and exclusion criteria, and adopting quality assessment tools to ensure the rigor of selected studies. This study identifies potential biases and weaknesses related to data collection, algorithm selection, and user interaction. The research demonstrates that platforms integrating IoT and machine learning algorithms for chronic disease monitoring and management are not only technically viable but also yield substantial economic and social advantages in real-world applications. Future studies could investigate the use of quantum computing for processing vast medical datasets and novel techniques that merge biosensors with nanotechnology for drug delivery and disease surveillance. Furthermore, this paper examines recent progress in medical image reconstruction, emphasizing tight frame-based methodologies. We discuss the principles, benefits, and constraints of these methods, assessing their efficacy across diverse application contexts.",https://www.frontiersin.org/journals/public-health/articles/10.3389/fpubh.2025.1510456/full
161,"A molecular image-based novel quantitative structure-activity relationship approach, deepsnap-deep learning and machine learning","Y Matsuzaka, Y Uesawa",2021,"Abstract

The quantitative structure-activity relationship (QSAR) approach has been used in numerous chemical compounds as in silico computational assessment for a long time. Further, owing to the high-performance modeling of QSAR, machine learning methods have been developed and upgraded. Particularly, the threedimensional structure of chemical compounds has been gaining increasing attention owing to the representation of a large amount of information. However, only many of feature extraction is impossible to build models with the high-ability of the prediction. Thus, suitable extraction and effective selection of features are essential for models with excellent performance. Recently, the deep learning method has been employed to construct prediction models with very high performance using big data, especially, in the field of classification. Therefore, in this study, we developed a molecular image-based novel QSAR approach, called DeepSnap-Deep learning approach for designing high-performance models. In addition, this DeepSnap-Deep learning approach outperformed the conventional machine learnings when they are compared. Herein, we discuss the advantage and disadvantages of the machine learnings as well as the availability of the DeepSnap-Deep learning approach.",https://pdfs.semanticscholar.org/8ace/99e33e7dc1c05dab987b8a36ccec95599e24.pdf
162,Development and Validation of a Machine Learning Predictive Model for Cardiac Surgery-Associated Acute Kidney Injury,"Qian Li, Hong Lv, Yuye Chen, Jingjia Shen, Jia Shi, Chenghui Zhou",1-Feb-23,"Abstract

Objective: We aimed to develop and validate a predictive machine learning (ML) model for cardiac surgery associated with acute kidney injury (CSA-AKI) based on a multicenter randomized control trial (RCT) and a Medical Information Mart for Intensive Care-IV (MIMIC-IV) dataset. 

Methods: This was a subanalysis from a completed RCT approved by the Ethics Committee of Fuwai Hospital in Beijing, China (NCT03782350). Data from Fuwai Hospital were randomly assigned, with 80% for the training dataset and 20% for the testing dataset. The data from three other centers were used for the external validation dataset. Furthermore, the MIMIC-IV dataset was also utilized to validate the performance of the predictive model. The area under the receiver operating characteristic curve (ROC-AUC), the precision-recall curve (PR-AUC), and the calibration brier score were applied to evaluate the performance of the traditional logistic regression (LR) and eleven ML algorithms. Additionally, the Shapley Additive Explanations (SHAP) interpreter was used to explain the potential risk factors for CSA-AKI. Result: A total of 6495 eligible patients undergoing cardiopulmonary bypass (CPB) were eventually included in this study, 2416 of whom were from Fuwai Hospital (Beijing), for model development, 562 from three other cardiac centers in China, and 3517 from the MIMICIV dataset, were used, respectively, for external validation. The CatBoostClassifier algorithms outperformed other models, with excellent discrimination and calibration performance for the development, as well as the MIMIC-IV, datasets. In addition, the CatBoostClassifier achieved ROC-AUCs of 0.85, 0.67, and 0.77 and brier scores of 0.14, 0.19, and 0.16 in the testing, external, and MIMIC-IV datasets, respectively. Moreover, the utmost important risk factor, the N-terminal brain sodium peptide (NT-proBNP), was confirmed by the LASSO method in the feature section process. Notably, the SHAP explainer identified that the preoperative blood urea nitrogen level, prothrombin time, serum creatinine level, total bilirubin level, and age were positively correlated with CSA-AKI; preoperative platelets level, systolic and diastolic blood pressure, albumin level, and body weight were negatively associated with CSA-AKI. 

Conclusions: The CatBoostClassifier algorithms outperformed other ML models in the discrimination and calibration of CSA-AKI prediction cardiac surgery with CPB, based on a multicenter RCT and MIMIC-IV dataset. Moreover, the preoperative NT-proBNP level was confirmed to be strongly related to CSA-AKI.",https://www.mdpi.com/2077-0383/12/3/1166
163,Are you a robot?,"F Ding, R Zha, JF García-Martín, W Lan",2026,"The Folin-Ciocalteu method for total phenolic content (TPC) in juices is time- consuming and generates chemical waste. Against this context, this study developed an interpretable data-driven framework based on 6 routine physicochemical attributes (RPAs). To this end, color attributes (L⁎, a⁎, b⁎), soluble solids content (SSC), titratable acidity (TA), pH and TPC of 282 apple, mango, orange, and pear NFC compound juices were analyzed. Afterwards, six regression base-models were optimized using the Optuna platform and integrated through a stacking ensemble strategy to capture nonlinear dependencies and feature interactions among RPAs. The resulting stacking model achieved high accuracy, with Rp2 of 0.956, RMSEP of 0.058 mg GAE/mL, and RPD of 4.825. Shapley additive explanation (SHAP) analysis revealed b⁎, a⁎ and pH as dominant predictors. Overall, this study demonstrates that TPC of NFC juices can be accurately predicted using a small number of routine parameters, providing a cost-effective, sustainable, and industrially applicable solution.",https://www.sciencedirect.com/science/article/pii/S0308814626030645
164,Application of Machine Learning for Patients With Cardiac Arrest: Systematic Review and Meta-Analysis,Shengfeng Wei,2025,"Abstract

Background: Currently, there is a lack of effective early assessment tools for predicting the onset and development of cardiac arrest (CA). With the increasing attention of clinical researchers on machine learning (ML), some researchers have developed ML models for predicting the occurrence and prognosis of CA, with certain models appearing to outperform traditional scoring tools. However, these models still lack systematic evidence to substantiate their efficacy.

Objective: This systematic review and meta-analysis was conducted to evaluate the prediction value of ML in CA for occurrence, good neurological prognosis, mortality, and the return of spontaneous circulation (ROSC), thereby providing evidence-based support for the development and refinement of applicable clinical tools.

Methods: PubMed, Embase, the Cochrane Library, and Web of Science were systematically searched from their establishment until May 17, 2024. The risk of bias in all prediction models was assessed using the Prediction Model Risk of Bias Assessment Tool.

Results: In total, 93 studies were selected, encompassing 5,729,721 in-hospital and out-of-hospital patients. The meta-analysis revealed that, for predicting CA, the pooled C-index, sensitivity, and specificity derived from the imbalanced validation dataset were 0.90 (95% CI 0.87-0.93), 0.83 (95% CI 0.79-0.87), and 0.93 (95% CI 0.88-0.96), respectively. On the basis of the balanced validation dataset, the pooled C-index, sensitivity, and specificity were 0.88 (95% CI 0.86-0.90), 0.72 (95% CI 0.49-0.95), and 0.79 (95% CI 0.68-0.91), respectively. For predicting the good cerebral performance category score 1 to 2, the pooled C-index, sensitivity, and specificity based on the validation dataset were 0.86 (95% CI 0.85-0.87), 0.72 (95% CI 0.61-0.81), and 0.79 (95% CI 0.66-0.88), respectively. For predicting CA mortality, the pooled C-index, sensitivity, and specificity based on the validation dataset were 0.85 (95% CI 0.82-0.87), 0.83 (95% CI 0.79-0.87), and 0.79 (95% CI 0.74-0.83), respectively. For predicting ROSC, the pooled C-index, sensitivity, and specificity based on the validation dataset were 0.77 (95% CI 0.74-0.80), 0.53 (95% CI 0.31-0.74), and 0.88 (95% CI 0.71-0.96), respectively. In predicting CA, the most significant modeling variables were respiratory rate, blood pressure, age, and temperature. In predicting a good cerebral performance category score 1 to 2, the most significant modeling variables in the in-hospital CA group were rhythm (shockable or nonshockable), age, medication use, and gender; the most significant modeling variables in the out-of-hospital CA group were age, rhythm (shockable or nonshockable), medication use, and ROSC.

Conclusions: ML represents a currently promising approach for predicting the occurrence and outcomes of CA. Therefore, in future research on CA, we may attempt to systematically update traditional scoring tools based on the superior performance of ML in specific outcomes, achieving artificial intelligence–driven enhancements.",https://www.jmir.org/2025/1/e67871/
165,onlinelibrary.wiley.com,"L Papíková, M Papík",2022,"Abstract Summary
Small and medium‐sized enterprises are the pillars of an economy, and their poor performance has a negative impact on living standards of population and country development. This study analyzes real‐life data of 89,851 small and medium‐sized enterprises, out of which 295 have declared bankruptcy. The analysis is performed via 27 financial ratios. The study framework combines seven classifications and three resampling and seven feature selection methods. Out of all classification methods applied, CatBoost has achieved the best results for all combinations of resampling and feature selection methods. CatBoost surpassed the results of other classification methods for the area under curve parameter, achieving a value of 99.95%. The application of resampling methods on different classification models has not identified a statistically significant level of improvement in any of the resampling methods. This finding has also been observed for feature selection methods. Based on these findings, we assume that individual resampling and feature selection methods do not improve model performance compared with the original imbalanced sample's results. Our results suggest that, even though the data sample may be significantly imbalanced with a minority of bankrupt companies, most classification algorithms can handle this imbalance and achieve interesting results. Moreover, our findings provide broad practical application for all stakeholders who could need to detect bankrupting companies.",https://onlinelibrary.wiley.com/doi/abs/10.1002/isaf.1521
166,AI-enhanced bioprocess technologies: machine learning implementations from upstream to downstream operations,"Deepankar Sharma, Kavita Singh",28-Jul-25,"Abstract
Industrial bioprocesses have forged ahead in recent decades by harnessing the unmatched potential of microorganisms for bioenergy, biochemicals, pharmaceuticals, and food sectors. Any bioprocess technology involves complex upstream and downstream operations, which effectively generate large volumes of complex information across each stage of unit operation. The incorporation of machine learning practices in bioprocess technologies is one of the paradigm shifts that has led to recent advancements. The diverse ML algorithms possess the outstanding capabilities to harness the non-linear relationships and meaningful patterns that are incompletely interpreted using conventional methods. The present review is an up-to-date, in-depth approach that starts with the utilization of machine learning in upstream and downstream operations of bioprocesses. This is followed by describing the methodology of a typical ML workflow, various ML algorithms available and the real-world examples of ML applications that are reported for bioprocess technologies. The major areas covered include the utilization of ML for enhancing the biofuel and biorefinery bioprocesses, pharmaceutical bioprocesses, biochemicals production and optimization, fermented food and beverages bioprocess technologies and the use of ML for monitoring and control of bioprocesses. Moreover, the patents registered on the use of machine learning in bioprocess development are also discussed. The present review provides valuable suggestions for the deployment of diverse ML methodologies for enhancing the purity, yield and productivity of bioprocesses, soft sensors development and utilization of hybrid modeling approach for enhancing the ML- guided monitoring and control of bioprocesses.",https://link.springer.com/article/10.1007/s11274-025-04494-5
167,Machine-Learning Applications in Structural Response Prediction: A Review,"Aref Afshar, Gholamreza Nouri, Shahin Ghazvineh, Seyed Hossein Hosseini Lavassani",2024,"Abstract

Structural health monitoring (SHM) is an important and practical procedure for ensuring the structural integrity and serviceability of civil engineering structures such as bridges, buildings, and dams. Model-driven or data-driven strategies for structural response prediction are now widely combined with advances in engineering for use in SHM applications. Engineers have recently demonstrated increasing interest in using machine learning (ML) and artificial intelligence (AI) to achieve a variety of benefits and possibilities, notably for predicting structural reactions. This study serves as a comprehensive overview of the use of ML applications for structural response prediction in the context of SHM for civil engineering structures, with a particular focus on ML, deep learning (DL), and meta-heuristic algorithms. Accordingly, this study summarizes existing knowledge, presents concepts in a simple way, highlights trends, provides methodological insights, and provides a valuable resource for researchers, stakeholders, and decision-makers to benefit from. It is observed that the use of ML, DL, and meta-heuristic algorithms to predict the response of civil engineering structures within an acceptable accuracy range can be employed for SHM, resulting in improved speed, efficiency, and accuracy compared to conventional approaches.",https://ascelibrary.org/doi/abs/10.1061/PPSCFX.SCENG-1292
168,Enhancing student performance in African smart cities: a web-based approach through advanced ensemble modeling and genetic feature optimization,"Hayat Sahlaoui, El Arbi Abdellaoui Alaoui, Abdelaaziz Hessane, Said Agoujil, Stéphane Cédric Koumetio Tekouabou, Abdellah Barebzi",2024,"Abstract

In the burgeoning landscape of African smart cities, education stands as a cornerstone for sustainable development and unlocking future potential. Accurate student performance prediction holds immense social importance, enabling early intervention, improved learning outcomes, and equitable access to quality education, aligning with sustainable development goals. Traditional models often falter in Africa due to imbalanced datasets and irrelevant features. This research leverages machine learning in Nigerian classrooms to predict underperforming students. Techniques like synthetic minority oversampling, edited nearest neighbors, and the Boruta algorithm for feature selection, alongside genetic algorithms for efficiency, enhance model performance. The ensemble models achieve AUCs of 90–99.7%, effectively separating low-performing and high-performing students. Implemented via Streamlit and Heroku, these models support real-time, data-driven decisions, enhancing early intervention, personalized learning, and informing policy and public service design. This ensures equitable education and a brighter future across Africa. By leveraging ML, this research empowers universities to support struggling students, optimize educational costs, and promote inclusive development, fostering data-driven decision-making and resource allocation optimization. Ultimately, this research paves the way for a future where data empowers education within African smart cities, unlocking the full potential of data-driven solutions and ensuring equitable educational opportunities across the continent.",https://www.cambridge.org/core/journals/data-and-policy/article/enhancing-student-performance-in-african-smart-cities-a-webbased-approach-through-advanced-ensemble-modeling-and-genetic-feature-optimization/384C3986FEE465F7C87645CA87CB1DC7
169,"Advanced machine learning-based predictive tools for estimating petrophysical parameters: a case study from the Little Knife Field, North Dakota","Luc Yvan Nkok, Adesina S. Fadairo, Tomiwa Isaac Oguntade",4-Jun-25,"Abstract
Petrophysical parameters play an important role in characterizing geological formations. Water and oil saturation, permeability, effective porosity, and total porosity are among the parameters that are frequently evaluated during the field development planning using wireline measurements. It is generally acceptable that wireline measurement of these parameters may be subjected to various errors including human errors, hence compromising the accuracy of hydrocarbon reserves. In this study, machine learning has been employed due to its ability to identify and train on the controlling features that are strong for the petrophysical parameters. Well logs data with the data obtained from special core analysis in the little knife field are employed. 5 well log datasets were used as independent variables such as depth, resistivity, compressional slowness, neutron-porosity, gamma ray, and formation density. Grain density, permeability, water saturation, and porosity are obtained from core measurements. Water saturation, porosity, and permeability are the target variables. Preprocessing involves cleaning and ensuring the quality of the data, followed by subdividing the dataset into training and testing sets. Six machine learning techniques including decision tree regression, random forest regression, extreme gradient boost, extra-trees, light gradient boost machine and K-nearest neighbor were trained on the datasets. The models varied in their performance to predict water saturation, porosity, and permeability. Model effectiveness was evaluated, extra trees algorithm demonstrates superior performance in water saturation porosity and permeability predictions with R2 of 98%, 89% and 86% respectively with the lowest error metrics. This study is novel in its multi-model, multi-parameter evaluation approach within the Bakken interval, combining well log and core data for improved validation, applying hyperparameter tuning to enhance model accuracy, and benchmarking predictions against empirical methods. The results highlight the strength of ML models in capturing non-linear subsurface relationships critical to reservoir characterization.",https://link.springer.com/article/10.1007/s12145-025-01921-x
170,www.tandfonline.com,"ÖC Yelgel, C Yelgel",2025,"Abstract Thermoelectric (TE) materials have garnered significant interest due to their capacity to convert heat directly into electrical energy and vice versa, offering a sustainable route for energy harvesting and waste heat recovery. Nevertheless, many of the high-performance TE materials reported to date rely on elements that are scarce, costly, or environmentally hazardous, thereby limiting their large-scale deployment. To overcome these challenges, the development of efficient, earth-abundant, and environmentally benign alternatives is essential. Although first-principles methods provide valuable insights into the transport behavior of potential TE materials, their high computational cost restricts their utility in large-scale material screening. Recent progress in computational infrastructure, along with the advent of data-centric approaches such as machine learning (ML), has transformed the landscape of thermoelectric research. ML algorithms, trained on comprehensive datasets including experimental measurements, crystallographic data, and density functional theory (DFT) results can predict key TE metrics, such as the figure of merit (ZT), with remarkable speed and accuracy. This review explores the integration of ML into TE materials discovery, emphasizing its role in property prediction, descriptor engineering, and structural optimization. A systematic examination of ML-driven strategies promises to accelerate the discovery process and improve the efficiency of next-generation thermoelectric systems.",https://www.tandfonline.com/doi/abs/10.1080/23746149.2025.2536269
171,"Predictive modeling and benchmarking for diamond price estimation: integrating classification, regression, hyperparameter tuning and execution time analysis","Md Shaik Amzad Basha, Peerzadah Mohammad Oveis",2-Oct-24,"Abstract
The objective of this research is to provide a comprehensive analysis of diamond price prediction by evaluating a wide array of 23 machine learning models (ML), including both regression and classification techniques. This study aims to fill a gap in existing literature by applying hyperparameter tuning optimization across various models to enhance prediction accuracy, estimated values and Time execution efficiency, setting a new benchmark in the field. This approach involved a systematic assessment of multiple ML models on their base and tuned performance concerning accuracy, execution time, and predictive value alignment (under, accurate, over). The study utilized advanced hyperparameter tuning techniques to optimize each model’s performance, offering a comparative analysis that highlights the effectiveness of different models in predicting diamond prices. This research makes a distinct contribution through its extensive benchmarking of numerous ML models in the context of diamond price prediction, which is unprecedented in the literature. By applying hyperparameter tuning extensively to enhance model performance, its originality is derived from its comprehensive application of hyperparameter tuning to improve model performance by essentially tuning the model, this paper provides a novel contribution to the growing area of predictive analytics. By benchmarking an unprecedented amount of ML models for diamond price prediction and employing hyperparameter tuning, this paper moves the state of the art by noting the remarkable scope for accuracy improvements in tailored ML applications and demonstrates the extreme importance of model selection and optimization. The findings encompass that CatBoost Regressor, XGBoost Regressor still, kept high accuracy scores after tuning process and Random Forest Regressor accelerated much after tuning. Lastly, CatBoost Classifier, LightGBM Classifier existent achieving accuracies and efficiencies on the problem of diamond price classification tasks. Given its holistic nature, this study acknowledges the potential of overfitting in highly tuned models and their reliance on the specific dataset used for training. Future research might explore the generalisability of these techniques to other datasets and further investigate the trade-offs between model complexity and interpretability. The practical implications of this research are significant for stakeholders in the diamond industry such as retailers, appraisers, and investors. By identifying the most effective models for price prediction, we offer actionable insights that can improve decision-making processes, optimize inventory management, and enhance pricing policies.",https://link.springer.com/article/10.1007/s13198-024-02535-0
172,"Machine Learning for Individual Credit Risk Assessment: A Systematic Literature Review of State-of-the-Art Methods, Challenges and Perspectives","Bolun Zhang, Jun Luo, Ruobing Wu, Jie Wei, Zuzhuang Luo, Hongbo Shen",12-Aug-26,"Abstract

Credit risk assessment forms a cornerstone of banking risk management and the stability of the wider financial system. Over the past decade, the rapid development of machine learning (ML) techniques has substantially enhanced traditional credit risk assessment methodologies. ML has now emerged as a core technological pillar for the banking sector, strengthening risk identification capabilities, optimising credit decision-making, and advancing financial inclusion. Conventional credit scoring models, dominated by logistic regression (LR) and scorecard approaches, offer inherent strengths in interpretability and regulatory compliance. However, constrained by their linear assumptions, these methods struggle to capture complex non-linear relationships within credit data and deliver insufficient predictive accuracy for the “credit-invisible” population lacking formal credit histories. This paper presents a systematic literature review (SLR) of ML applications in credit risk assessment (CRA), covering publications from January 2016 to May 2026. A total of 894 papers were retrieved from five digital libraries, and following a rigorous multi-stage screening process, 129 studies were selected for final inclusion. Our analysis reveals that tree-based ensemble models and deep learning (DL) architectures predominate in contemporary research in this field. Meanwhile, post hoc explanation methods and machine learning operations (MLOps) are gaining significant traction as solutions to address fairness, transparency, and system maintenance challenges in real-world production environments. We synthesise prevailing methodologies into a unified end-to-end credit risk modelling framework spanning data preprocessing, feature engineering, model training, evaluation, and operational deployment. Through a critical assessment of the advantages, limitations, and inherent trade-offs of existing approaches, this SLR not only identifies current research gaps and future directions for the academic community, but also provides practical guidance for the banking sector to build compliant, fair, and efficient intelligent risk assessment systems.",https://www.mdpi.com/1911-8074/19/8/607
173,AI in Hepatology: Revolutionizing the Diagnosis and Management of Liver Disease,"Sheza Malik, Rishi Das, Thanita Thongtan, Kathryn Thompson, Nader Dbouk",22-Dec-24,"Abstract

The integration of artificial intelligence (AI) into hepatology is revolutionizing the diagnosis and management of liver diseases amidst a rising global burden of conditions like metabolic-associated steatotic liver disease (MASLD). AI harnesses vast datasets and complex algorithms to enhance clinical decision making and patient outcomes. AI’s applications in hepatology span a variety of conditions, including autoimmune hepatitis, primary biliary cholangitis, primary sclerosing cholangitis, MASLD, hepatitis B, and hepatocellular carcinoma. It enables early detection, predicts disease progression, and supports more precise treatment strategies. Despite its transformative potential, challenges remain, including data integration, algorithm transparency, and computational demands. This review examines the current state of AI in hepatology, exploring its applications, limitations, and the opportunities it presents to enhance liver health and care delivery.",https://www.mdpi.com/2077-0383/13/24/7833
174,Machine Learning with Applications,"TO Kehinde, AA Oyedele, MK Kareem, J Akpan…",2023,"Abstract Machine Learning Applications Practical resource on the importance of Machine Learning and Deep Learning applications in various technologies and real-world situations Machine Learning Applications discusses methodological advancements of machine learning and deep learning, presents applications in image processing, including face and vehicle detection, image classification, object detection, image segmentation, and delivers real-world applications in healthcare to identify diseases and diagnosis, such as creating smart health records and medical imaging diagnosis, and provides real-world examples, case studies, use cases, and techniques to enable the reader’s active learning. Composed of 13 chapters, this book also introduces real-world applications of machine and deep learning in blockchain technology, cyber security, and climate change. An explanation of AI and robotic applications in mechanical design is also discussed, including robot-assisted surgeries, security, and space exploration. The book describes the importance of each subject area and detail why they are so important to us from a societal and human perspective. Edited by two highly qualified academics and contributed to by established thought leaders in their respective fields, Machine Learning Applications includes information on: Content based medical image retrieval (CBMIR), covering face and vehicle detection, multi-resolution and multisource analysis, manifold and image processing, and morphological processing Smart medicine, including machine learning and artificial intelligence in medicine, risk identification, tailored interventions, and association rules AI and robotics application for transportation and infrastructure (e.g., autonomous cars and smart cities), along with global warming and climate change Identifying diseases and diagnosis, drug discovery and manufacturing, medical imaging diagnosis, personalized medicine, and smart health records With its practical approach to the subject, Machine Learning Applications is an ideal resource for professionals working with smart technologies such as machine and deep learning, AI, IoT, and other wireless communications; it is also highly suitable for professionals working in robotics, computer vision, cyber security and more.",https://www.researchgate.net/profile/Joseph-Akpan-5/publication/400906218_Three_decades_of_DEA-Machine_Learning_integration_1996-2025_A_bibliometric_analysis_science_mapping_and_state-of-the-art_review/links/69e57b8ad2ec9a706ec0ec22/Three-decades-of-DEA-Machine-Learning-integration-1996-2025-A-bibliometric-analysis-science-mapping-and-state-of-the-art-review.pdf
175,Machine Learning and Metaheuristics Approach for Individual Credit Risk Assessment: A Systematic Literature Review,"Álex Paz, Broderick Crawford, Eric Monfroy, José Barrera-García, Álvaro Peña Fritz, Ricardo Soto, Felipe Cisternas-Caneo, Andrés Yáñez",17-May-25,"Abstract

Credit risk assessment plays a critical role in financial risk management, focusing on predicting borrower default to minimize losses and ensure compliance. This study systematically reviews 23 empirical articles published between 2019 and 2023, highlighting the integration of machine learning and optimization techniques, particularly bio-inspired metaheuristics, for feature selection in individual credit risk assessment. These nature-inspired algorithms, derived from biological and ecological processes, align with bio-inspired principles by mimicking natural intelligence to solve complex problems in high-dimensional feature spaces. Unlike prior reviews that adopt broader scopes combining corporate, sovereign, and individual contexts, this work focuses exclusively on methodological strategies for individual credit risk. It categorizes the use of machine learning algorithms, feature selection methods, and metaheuristic optimization techniques, including genetic algorithms, particle swarm optimization, and biogeography-based optimization. To strengthen transparency and comparability, this review also synthesizes classification performance metrics—such as accuracy, AUC, F1-score, and recall—reported across benchmark datasets. Although no unified experimental comparison was conducted due to heterogeneity in study protocols, this structured summary reveals consistent trends in algorithm effectiveness and evaluation practices. The review concludes with practical recommendations and outlines future research directions to improve fairness, scalability, and real-time application in credit risk modeling.",https://www.mdpi.com/2313-7673/10/5/326
176,Credit risk prediction model for listed companies based on improved reinforcement learning and Bayesian optimization hyperband,"Cai Yuanqing, Zhenming Gao, Zhang Jian, Roohallah Alizadehsani, Paweł Pławiak",2025,"Abstract
The financial sector has experienced swift growth over recent years, leading to the escalating prominence of credit risk among publicly traded companies. Consequently, forecasting credit risk for these firms has emerged as a critical task for banks, regulatory bodies, and investors. Traditional models include the z-score, the logit (logistic regression model), the kernel-based virtual machine (KVM), and neural network approaches. Nevertheless, the outcomes from these methods have often fallen short of expectations. Three major challenges in previous works are feature selection, imbalanced classification, and hyperparameter optimization. This paper presents a method for credit risk prediction for listed companies that uses an off-policy proximal policy optimization (PPO) algorithm for feature selection and imbalanced classification. The off-policy PPO, a reinforcement learning (RL) approach, enhances sample efficiency by more effectively utilizing past experiences during policy updates. This approach improves feature selection and the management of imbalanced classification by optimizing data use, thereby enhancing model training outcomes. Moreover, we use the Bayesian optimization hyperband (BOHB) approach to refine the hyperparameters of the method. BOHB merges Bayesian optimization and Hyperband, significantly speeding up the optimization process. We assess our model using the China Stock Market and Accounting Research (CSMAR), MorningStar, KMV default, Give Me Some Credit (GMSC), and the University of California, Irvine Credit Card Default (UCICCD) datasets. Our experimental findings demonstrate the excellence of the model over existing state-of-the-art models, achieving F-measures of 90.763%, 86.358%, 87.047%, 90.576%, and 89.485% on these datasets. These findings validate the efficiency of the method in economic , signifying a major progression in systems for predicting credit risk and enhancing investigative approaches.",https://journals.plos.org/plosone/article?id=10.1371/journal.pone.0332150
177,Improving Sorption Capacity in Tight Reservoirs Through an Advanced Generalized Group Method of Data Handling (g-GMDH),"Elieneza Nicodemus Abelly, Feng Yang, Nafouant Mouigni Baraka, Irene Martin Ndunguru, Allou Koffi Franck Kouassi, Elizabeth Frederick Mumbuli",5-Jul-26,"Abstract
Natural gas from tight formations plays a critical role in global energy, while CO2 geo-storage offers a dual opportunity for climate mitigation and enhanced methane recovery. This paper proposes a novel generalized structure of group method of data handling (g-GMDH) to predict CO2 and CH4 sorption behavior using geological and operational inputs, including total organic carbon (TOC) content, pressure, temperature, and moisture. The g-GMDH demonstrates superior performance compared to other models, such as extreme gradient boosting (XGBoost), random forest (RF), light gradient boosting machine (LGBM), and multilayer perceptron (MLP), and show high coefficient of determination (R2) values and lower errors. During the training and testing phases, the models’ performance followed this order: g-GMDH > XGBoost > RF > LGBM > MLP. Using the g-GMDH model to predict CH4 excess sorption, the training dataset yielded R2 = 1, mean absolute error (MAE) = 0.01148, and relative root mean square error (RMSE) = 0.00193, while the testing dataset resulted in R2 = 0.998, MAE = 0.02383, and RMSE = 0.0312. Similarly, for modeling CO2 excess sorption using the g-GMDH model, the training data showed R2 = 1, MAE = 0.00283, and RMSE = 0.00126, while the testing data yielded R2 = 0.969, MAE = 0.0065, and RMSE = 0.0226. These findings highlight the substantial improvements using g-GMDH model to predict gas sorption, offering valuable insights for enhancing methane extraction efficiency and optimizing CO2 storage. This dual-purpose approach supports sustainable energy production and global climate mitigation goals.",https://link.springer.com/article/10.1007/s11053-026-10732-w
178,A Comprehensive Review of Machine-Learning Approaches for Crystal Structure/Property Prediction,"Sadeghian Mostafa, Palevicius Arvydas, Janusas Giedrius",2025,"Abstract

Explore millions of resources from scholarly journals, books, newspapers, videos and more, on the ProQuest Platform.",https://search.proquest.com/openview/15f65519228cc9867be4cc3c294c9f20/1?pq-origsite=gscholar&cbl=2032412
179,"Machine learning–driven biohydrogen production: a cross-pathway review of process performance, economics, and sustainability","Seyyed Alireza Ghafarian Nia, Wanxi Peng, Seyed Aryan Seyedalikhani, Ali Moadab, Sepehr Maghsoudlou, Maryam Ahmadi, Hesam Khadem Razavi, Sheida Hosseini, Reza Tashrifi, Seyed Mostafa Tabatabaie Kalejahi, Milad Golvirdizadeh, Seyyed Hassan Hosseini, Mortaza Aghbashlo",2026,"Abstract

Biohydrogen production offers a renewable route to convert biomass, organic residues, wastewater, and other biogenic carbon streams into a low-carbon energy carrier through biological, photochemical, electrochemical, and thermochemical pathways. Due to the complex, highly nonlinear nature of these conversion processes, conventional modeling approaches often struggle to capture system behavior across different operational scales and pathways. As a result, machine learning (ML) has emerged as a powerful tool for modeling and optimizing biohydrogen production systems. This review synthesizes ML-assisted biohydrogen production across feedstock–process–model relationships, algorithmic architectures, interpretability methods, optimization strategies, techno-economic performance, and environmental implications. The literature indicates that ML is primarily used as a surrogate modeling tool to predict hydrogen yield, production rate, syngas composition, electrochemical performance, and cost–emission trade-offs, with the greatest methodological focus on biomass gasification and fermentative systems. Across routes, influential descriptors cluster around feedstock chemistry, reaction environment, transport and electrochemical conditions, catalyst structure, irradiation regime, and residence-time effects. Despite their strong apparent predictive performance, current models remain limited by sparse and heterogeneous datasets, route-specific calibration, insufficient external validation, inadequate uncertainty quantification, and poor integration of mechanistic knowledge. Progress will require physics-informed and uncertainty-calibrated ML frameworks linked to active learning, external validation, techno-economic analysis, and life-cycle assessment. Such integration is essential for moving from local prediction toward transferable biohydrogen process design.",https://www.biofueljournal.com/&url=http:/www.biofueljournal.com/article_243626.html
180,Machine Learning Approaches for Bank Customer Churn Analysis,"Yasemin Bozkurt, Çiğdem Bakır",2024,"Abstract

With the development of technology, rapid developments are experienced in the banking sector, as in many other sectors. However, with these developments, many problems arise, especially customer losses. Customer losses are a common problem not only in banks but also in many institutions such as insurance, production and logistics, etc. Customer churn is when people performing banking activities begin to abandon these services. It also causes financial and prestige loss for banks. It is possible to minimize or eliminate this problem by providing good service to customers. However, in order to achieve this, it is necessary to accurately analyze the trends that customers care about when providing banking services and the characteristics that cause customer loss. For these reasons, this study aims to estimate the probability of a bank customer leaving the bank from which he receives service. In this study, a data set containing customer data of a bank was used. The data set has various features that include customers' demographic information, financial situations, and interactions with the bank. Using common machine learning algorithms such as Logistic Regression, Decision Trees, Support Vector Machines (SVM), Gradient Boosting, K-Nearest Neighbors (KNN) and Multi-Layer Perceptron (MLP), the reasons for bank customers leaving were determined and the results were evaluated. Cross-validation method was used to evaluate the performance of each proposed machine learning algorithm. Additionally, hyperparameter optimization was used to increase the classification accuracy of the proposed methods. The best parameters were determined with the GridSearchCV hyperparameter optimization method. The performances of the proposed machine learning algorithms are compared. When the findings were evaluated, it was observed that the Gradient Boosting method achieved the highest accuracy rate.",https://dergipark.org.tr/en/pub/epstem/article/1598444
181,Remote sensing of boreal forest biophysical and inventory parameters: a review,"David A Lutz, Robert A Washington-Allen, Herman H Shugart",2014,"Abstract

The growing need to manage vegetation resources at regional and global spatial scales has led to the increased use of remote sensing technologies among forestry scientists and managers for use in their investigation and supervision of forested landscapes. With an array of extant and developing airborne and satellite sensors, as well as multiple analysis techniques, there is a need to discern the most acceptable methods with which to examine remotely sensed imagery for forest ecosystem parameters. We have reviewed the literature on the remote sensing of boreal forests in order to determine if common frameworks for monitoring and assessing change in forest biophysical and inventory parameters could be developed. Other important remote sensing techniques such as those for change detection and land cover identification were also examined. Our review examined studies documented within the scientific literature that involved the extraction of information on forest parameters with remote sensing instruments. Primarily, we focused on studies within the boreal forest, which plays an important part in the Earth-atmosphere system and contributes significantly to the global economy through forest-derived products and resources. Additionally, the boreal forest has served as the primary investigation site for many important forest remote sensing discoveries. In this review, we considered the forest parameter that was examined, the remote sensing platform used, and the calibration and validation accuracies for the study. The most effective methodology for examining each parameter, considering spatial scale, is described. In general, a fusion of multiple sensors provided the most accurate approach for parameter extraction; however, this may not be the most appropriate methodology for all studies, due to spatial and temporal considerations. In each case, we attempted to consider which methodology works the best in a variety of scenarios.",https://lutpub.lut.fi/handle/10024/170740
182,Energy Forecasting: A Comprehensive Review of Techniques and Technologies,"Aristeidis Mystakidis, Paraskevas Koukaras, Nikolaos Tsalikidis, Dimosthenis Ioannidis, Christos Tjortjis",30-Mar-24,"Abstract

Distribution System Operators (DSOs) and Aggregators benefit from novel energy forecasting (EF) approaches. Improved forecasting accuracy may make it easier to deal with energy imbalances between generation and consumption. It also helps operations such as Demand Response Management (DRM) in Smart Grid (SG) architectures. For utilities, companies, and consumers to manage energy resources effectively and make educated decisions about energy generation and consumption, EF is essential. For many applications, such as Energy Load Forecasting (ELF), Energy Generation Forecasting (EGF), and grid stability, accurate EF is crucial. The state of the art in EF is examined in this literature review, emphasising cutting-edge forecasting techniques and technologies and their significance for the energy industry. It gives an overview of statistical, Machine Learning (ML)-based, and Deep Learning (DL)-based methods and their ensembles that form the basis of EF. Various time-series forecasting techniques are explored, including sequence-to-sequence, recursive, and direct forecasting. Furthermore, evaluation criteria are reported, namely, relative and absolute metrics such as Mean Absolute Error (MAE), Root Mean Square Error (RMSE), Mean Absolute Percentage Error (MAPE), Coefficient of Determination (
R
2
), and Coefficient of Variation of the Root Mean Square Error (CVRMSE), as well as the Execution Time (ET), which are used to gauge prediction accuracy. Finally, an overall step-by-step standard methodology often utilised in EF problems is presented.",https://www.mdpi.com/1996-1073/17/7/1662
183,Embedded System Application for Motion Prediction in Fluorescence Imaging of Live Cell Processes,J Paez Piñeros,2025,"Abstract Semiconductor quantum dots (QDs) have become important fluorescent probes for in vitro and in vivo bioimaging research. Their nanoparticle surfaces for versatile bioconjugation, their adaptable photophysical properties for multiplexed detection, and their superior stability for longer investigation times are the main advantages of QDs compared to other fluorescence imaging agents. Here, we review the recent literature dealing with the design and application of QD-bioconjugates for advanced in vitro and in vivo imaging. After a short summary of QD preparation and their most important properties, different QD-based imaging applications will be discussed from the technological and the biological point of view, ranging from super-resolution microscopy and single-particle tracking over in vitro cell and tissue imaging to in vivo investigations. A substantial part of the review will focus on multifunctional applications, in which the QD fluorescence is combined with drug or gene delivery towards theranostic approaches or with complementary technologies for multimodal imaging. We also briefly discuss QD toxicity issues and give a short outlook on future directions of QD-based bioimaging.",https://www.utupub.fi/bitstream/handle/10024/182213/Embedded%20System%20Application%20for%20Motion%20Prediction%20in%20Fluorescence%20Imaging%20of%20Live%20Cell%20Processes.pdf?sequence=1
184,"Machine learning-based comprehensive analysis of m6A RNA methylation regulators in colorectal cancer: implications for prognosis, immune microenvironment, and immunotherapy response","Feifei Kong, Jiawei Feng, Haixia Shan, Youlong Zhu, Ling-Jun Zhu",2026,"Abstract

N6-methyladenosine (m6A) RNA methylation regulators have been implicated in colorectal cancer (CRC) progression. However, systematic evaluation using multiple machine learning approaches for prognostic prediction remains limited. This study aimed to develop and validate machine learning models for CRC prognosis based on m6A regulators and assess their potential for immunotherapy response prediction. We analyzed 1,047 CRC patients from TCGA and GEO databases (70% training, 30% validation). Twenty machine learning algorithms were systematically evaluated, with LASSO regression selecting optimal features from 27 m6A regulators. SHAP analysis provided model interpretability. Immune microenvironment characterization and immunotherapy response prediction were performed using established computational methods. LASSO regression selected eight m6A regulators (IGF2BP2, METTL3, HNRNPA2B1, METTL14, YTHDF2, VIRMA, FTO, ALKBH5) for model construction. Among 20 algorithms tested, Random Forest achieved optimal performance (training AUC = 0.895, validation AUC = 0.847). SHAP analysis identified IGF2BP2 (mean |SHAP| = 0.42) and METTL3 (mean |SHAP| = 0.36) as primary contributors to risk prediction. Risk stratification showed significant survival differences (HR = 2.41, 95% CI: 1.73–3.36, p &lt; 0.001). Low-risk patients demonstrated enhanced immune infiltration with higher CD8 + T cells (17.8% vs. 10.2%, p &lt; 0.001) and better predicted immunotherapy response rates (36.5% vs. 20.3%, p = 0.006). Our systematic machine learning analysis demonstrates that m6A regulators can effectively predict CRC prognosis and immunotherapy response. The eight-gene signature provides a practical tool for clinical risk assessment and treatment decision-making.",https://pmc.ncbi.nlm.nih.gov/articles/PMC12847061/
185,Feature Selection in Corporate Bankruptcy Prediction Using ML Techniques: A Systematic Literature Review,"Mohd Raagib Shakeel, Taufeeque Ahmad Siddiqui, Shahzad Alam",24-May-23,"Abstract
Systematic literature reviews have long been acknowledged as an important tool for evaluating knowledge theoretically, bridging gaps, and establishing the groundwork for future endeavours. However, in the realm of corporate bankruptcy prediction, systematic literature reviews are few and far between, and none exist for key attributes such as feature selection. This study takes a holistic approach to systematically and qualitatively analyse the feature selection techniques employed by researchers, based on the protocol of the preferred reporting items for systematic reviews and meta-analyses (PRISMA). Furthermore, our goal is to bring together all of the key characteristics, such as feature selection techniques, different machine learning techniques, evaluation criteria, evaluation criteria outcomes, and the research end result, in one place for any interested researcher who wants to do an analysis or view a summary. For the period 2015–2021, the Scopus database and the reference lists of the selected research papers were used to extract a total of 36 articles. The result indicates the split of feature selection approaches under the heading “filter, wrapper, and embedded,” which were employed independently and in combination by various authors. The filter approach is clearly the most preferred amongst researchers due to its simple structure and superior results. Furthermore, we discovered that to acquire the most important variables, multiple feature selection methods were used within the feature selection techniques categories.",https://link.springer.com/chapter/10.1007/978-981-19-8865-3_32
186,A review of geological and triggering factors influencing landslide susceptibility: artificial intelligence-based trends in mapping and prediction,"M. Ehsan, M. T. Anees, A. F. B. A. Bakar, A. Ahmed",9-Sep-25,"Abstract
Landslides are one of the most devastating natural hazards in many regions of the globe and lead to thousands of deaths globally each year. Factors affecting landslides vary in different climates. The complex interaction of geological and triggering factors leads to slope failures and difficulty in landslide prediction. Therefore, this study aimed to do a bibliometric analysis and review of geological and triggering factors used in previous studies for landslide susceptibility mapping and prediction. This review includes 102 scientific articles from peer-reviewed Web of Science journals from 2020 to 2024. The review has four components such as (i) research publication trends and their geographic distribution; (ii) analysis of the role of prominent and triggering factors in recent landslides; (iii) integration of geological and triggering factors into the artificial intelligence algorithms; (iv) case studies analysis on the use of AI algorithms for landslide susceptibility mapping and prediction. The publication pattern reveals that most research outputs are from Asian countries like China and India, reflecting their vulnerability to such disasters. Most studies used slope angles as a geological factor, while rainfall is the most common triggering factor in landslide susceptibility and prediction. Additionally, with technological advancement, artificial intelligence is effective in landslide susceptibility mapping and prediction with increasing efficiency. Furthermore, this work provides valuable insights for developing region-specific landslide mitigation strategies and underscores the potential of interdisciplinary approaches combining geology, meteorology, anthropogenic, and artificial intelligence for effective disaster management.",https://link.springer.com/article/10.1007/s13762-025-06741-6
187,"A Review of OBD-II-Based Machine Learning Applications for Sustainable, Efficient, Secure, and Safe Vehicle Driving","Emmanouel T. Michailidis, Antigoni Panagiotopoulou, Andreas Papadakis",29-Jun-25,"Abstract

The On-Board Diagnostics II (OBD-II) system, driven by a wide range of embedded sensors, has revolutionized the automotive industry by enabling real-time monitoring of key vehicle parameters such as engine load, vehicle speed, throttle position, and diagnostic trouble codes. Concurrently, recent advancements in machine learning (ML) have further expanded the capabilities of OBD-II applications, unlocking advanced, intelligent, and data-centric functionalities that significantly surpass those of conventional methodologies. This paper presents a comprehensive investigation into ML-based applications that leverage OBD-II sensor data, aiming to enhance sustainability, operational efficiency, safety, and security in modern vehicular systems. To this end, a diverse set of ML approaches is examined, encompassing supervised, unsupervised, reinforcement learning (RL), deep learning (DL), and hybrid models intended to support advanced driving analytics tasks such as fuel optimization, emission control, driver behavior analysis, anomaly detection, cybersecurity, road perception, and driving support. Furthermore, this paper synthesizes recent research contributions and practical implementations, identifies prevailing challenges, and outlines prospective research directions.",https://www.mdpi.com/1424-8220/25/13/4057
188,Using machine learning methods to predict all-cause somatic hospitalizations in adults: A systematic review,"Mohsen Askar, Masoud Tafavvoghi, Lars Småbrekke, Lars Ailo Bongo, Kristian Svendsen",2024,"Abstract
Aim
In this review, we investigated how Machine Learning (ML) was utilized to predict all-cause somatic hospital admissions and readmissions in adults.

Methods
We searched eight databases (PubMed, Embase, Web of Science, CINAHL, ProQuest, OpenGrey, WorldCat, and MedNar) from their inception date to October 2023, and included records that predicted all-cause somatic hospital admissions and readmissions of adults using ML methodology. We used the CHARMS checklist for data extraction, PROBAST for bias and applicability assessment, and TRIPOD for reporting quality.

Results
We screened 7,543 studies of which 163 full-text records were read and 116 met the review inclusion criteria. Among these, 45 predicted admission, 70 predicted readmission, and one study predicted both. There was a substantial variety in the types of datasets, algorithms, features, data preprocessing steps, evaluation, and validation methods. The most used types of features were demographics, diagnoses, vital signs, and laboratory tests. Area Under the ROC curve (AUC) was the most used evaluation metric. Models trained using boosting tree-based algorithms often performed better compared to others. ML algorithms commonly outperformed traditional regression techniques. Sixteen studies used Natural language processing (NLP) of clinical  for prediction, all studies yielded good results. The overall adherence to reporting quality was poor in the review studies. Only five percent of models were implemented in clinical practice. The most frequently inadequately addressed methodological aspects were: providing model interpretations on the individual patient level, full code availability, performing external validation, calibrating models, and handling class imbalance.

Conclusion
This review has identified considerable concerns regarding methodological issues and reporting quality in studies investigating ML to predict hospitalizations. To ensure the acceptability of these models in clinical , it is crucial to improve the quality of future studies.",https://journals.plos.org/plosone/article?id=10.1371/journal.pone.0309175
189,Customer churn prediction from Internet banking transactions data using an ensemble meta-classifier algorithm,F Ehsani,2022,"Abstract With the advancement of electronic markets platforms, customers show different purchase behaviors. Since they have a wide range of choices and low exit barriers, customer movement from one digital store to another has become a natural problem for every business. Customers are the most valuable property of every enterprise. Thus, Suppliers have to tie a strong relationship with their customers to prevent their leaving by providing the most appropriate produces and services based on their desires and trying to satisfy them. Customer churn prediction (CCP) is one of the customer relationship management (CRM) strategies to estimate the probability of their abandonment. Marketers use CCP to attract visitors, engage them in websites activities, convert them into customers, and retain them for a long time. Internet banking transactions dataset is a dependable resource to analyze customer interactions and their churn behaviors. Transactions data scrutinizes the customer’s specifications and their payment details. In this paper, we introduced a meta-classifier algorithm to predict customer churn behavior according to the transactions data. We applied the four most used supervised classification algorithms. Then, we improved their performance by hyperparameters and tuning. We also performed RFECV feature selection to extract and rank the most critical variables. The experimental results represent that combining various machine learning developed algorithms in a funnel of meta-classifier can extract the highest prediction accuracy.",https://www.academia.edu/download/120482960/latest.pdf
190,A Review of Analysing Heavy Metal Pollution with Data Science Approaches,"Lina Gozali, Christyfianie Elva Angelica",17-Jan-26,"Abstract
The heavy metal pollution in water and soil has become a pressing environmental issue, posing risks to ecosystems and human health. Traditional monitoring methods are often costly and time-consuming, leading to the adopting of data science techniques for more efficient and accurate assessments. This review examines recent machine learning and predictive modelling studies to analyse heavy metal contamination. Machine learning models have been applied to predict contamination levels, assess environmental risk factors, and identify high-risk pollution zones. Additionally, remote sensing and probabilistic models have improved large-scale monitoring capabilities. While these advancements enhance contamination forecasting, challenges remain regarding model interpretability, computational efficiency, and data quality. Future research should focus on hybrid AI models, real-time monitoring systems, and standardised performance benchmarks to improve prediction accuracy and environmental decision-making. By integrating data science with environmental management, this study highlights the potential of predictive analytics in mitigating heavy metal pollution and fostering sustainable development.",https://link.springer.com/chapter/10.1007/978-3-032-13177-5_23
191,A quick appraisal of Machine learning techniques in different aspects of rice cultivation,"Abhishek Singh, Nikhil Kumar Singh",2026,"Abstract

Rice is the most important cereal crop in the world, consumed by more than half of the global population. With the projected world population reaching around 9&nbsp;billion by 2050, the cultivation of the rice crop becomes important for the food security of the world. Machine learning methods ...",https://www.researchsquare.com/article/rs-9948244/latest
192,Machine Learning Parameters of Optimally Tuned Range-Separated Hybrid Functionals for Transition Metal Complexes,"Xiang-Yang Liu, Qing-Xin Xiang, Sheng-Rui Wang, Dongyi Xiao, Wei-Hai Fang, Ganglong Cui",2025,"Abstract

In this work, we present a machine learning (ML) approach for predicting the optimal range separation parameters in transition metal complexes (TMCs), aiming to reduce the computational cost associated with optimally tuned range-separated hybrid (OT-RSH) functionals while preserving their accuracy. A data set containing 4380 TMCs was constructed by screening the tmQM database, with each TMC represented by a 62 087-dimensional multiple-fingerprint feature (MFF) vector and labeled with its optimally tuned range separation parameter. Multiple regression models were applied to train the prediction model, and the support vector machine (SVM) model yielded the best performance. The resulting machine-learned functional, ML-LC-PBE0*, achieves ionization potentials comparable to those obtained from fully tuned LC-PBE0* calculations but at a reduced computational cost. Furthermore, comparisons with DLPNO-CCSD(T) reference values confirm that ML-LC-PBE0* consistently outperforms conventional global and fixed parameter RSH functionals. This work provides an efficient and accurate framework for high-throughput screening and electronic structure prediction of TMCs, paving the way for the discovery of advanced TMC-based optoelectronic materials.",https://pubs.acs.org/doi/abs/10.1021/acs.jpclett.5c01940
193,UK Biobank-centric advances in brain age prediction: a comprehensive review,"Yanxue Li, Hongjian Gao, Lan Lin, Yutong Wu, Xinyu Zhu",29-Sep-25,"Abstract

With the accelerating global population aging, establishing effective brain health assessment systems has emerged as a critical challenge in public health. Neuroimaging-based brain age prediction, serving as a potential biomarker for evaluating individual brain aging, has achieved remarkable breakthroughs in recent years. However, the accuracy of current brain age prediction models remains substantially dependent on the quality and representativeness of their training datasets. Consequently, constructing larger-scale, population-representative, and high-quality datasets is essential for enhancing the reliability of brain age prediction. This systematic review synthesizes findings from 70 peer-reviewed studies (2014–2024) that utilized the UK Biobank (UKB) for brain age prediction, focusing on paradigm-shifting advancements in machine learning and deep learning algorithms. We comprehensively analyze influential factors associated with brain age and their clinical implications, while critically evaluating the unique advantages and inherent limitations of the UKB dataset in this research domain. Furthermore, this work proposes future research directions to address existing methodological gaps and enhance clinical applicability. This study systematically elucidates the advancements in brain age prediction research based on the UKB dataset, aiming to promote deeper exploration in this field and provide theoretical foundations and practical guidance for the precise diagnosis and treatment of neurodegenerative diseases, as well as the formulation of individualized intervention strategies.",https://www.degruyterbrill.com/document/doi/10.1515/revneuro-2025-0055/html
194,Bridging Pedology and Data Science: Machine Learning Applications for Soil Organic Matter and Carbon Analysis,"Aria Dolatabadian, Khalil Kariman",29-May-26,"Abstract

Accurate quantification of soil organic matter (SOM) and carbon content is critical for understanding climate change, evaluating soil health, supporting agricultural sustainability, and implementing carbon sequestration policies. For decades, classical analytical and statistical approaches have underpinned soil carbon assessment, but the emergence of machine learning (ML) techniques offers new opportunities to improve prediction accuracy, scalability, and efficiency. This review summarises the current knowledge on classical and ML-based approaches for analysing SOM and carbon content. We examine the strengths, limitations, and practical applications of conventional methods, including wet chemistry, dry combustion analysis, and geostatistical techniques, alongside modern ML approaches such as random forests (RFs), gradient boosting machines, neural networks, deep learning, and hybrid ML-geostatistical frameworks. Special emphasis is placed on comparative analysis across dimensions, including prediction accuracy, computational requirements, data availability needs, interpretability, uncertainty quantification, and scalability. Soil carbon stocks and dynamics are tightly regulated by indigenous soil microbial communities and their management-driven alterations, creating substantial biologically driven variation that remains difficult to capture with current modelling approaches. We therefore explore hybrid approaches that integrate classical pedological knowledge with ML capabilities. Finally, we discuss emerging challenges, future research directions, and the complementary role these approaches play in advancing soil carbon science. This review concludes that neither classical nor ML approaches alone are sufficient for accurate carbon assessment across diverse scales and environments. Instead, their strategic integration, combining classical mechanistic grounding alongside machine learning’s scalability, represents the most promising path toward realistic soil carbon evaluation for climate change mitigation and agricultural sustainability.",https://www.mdpi.com/2076-3417/16/11/5412
195,"Smart air quality assessment in Ghaziabad, India: machine learning approaches for AQI forecasting and classification","I. Dawar, V. Singh, T. Singhal, M. Bhushan, K. Agarwal",21-Apr-26,"Abstract
Air pollution poses a significant threat to public health and environmental sustainability, particularly in urban areas with rapid industrialization and high vehicular emissions. This study focuses on Ghaziabad, one of India’s most polluted cities, to predict the Air Quality Index (AQI) using hourly environmental parameters such as pollutant concentrations, temperature, wind speed, and humidity, recorded from three monitoring stations. The primary objective is to evaluate AQI prediction models that can assist policymakers and urban planners in taking timely measures to improve air quality and public health. Several Machine Learning (ML) algorithms are used for AQI prediction, including Linear Regression (LR), Random Forest Regressor (RFR), Long Short-Term Memory (LSTM), and Extreme Gradient Boosting Regressor (XGBR). Among these, XGBR delivered the best performance, achieving a Mean Absolute Error of 2.536, a Mean Absolute Percentage Error of 1.62%, a Root Mean Square Error of 5.495, and an R2 score of 0.997, indicating highly accurate predictions. Furthermore, these AQI values were classified into various categories using different models, in which the XGB classifier performed the best, achieving an accuracy of 97.62%. The findings demonstrate the efficacy of ML models in forecasting AQI with high precision using environmental variables. This research contributes directly to the United Nations Sustainable Development Goal (SDG) 11: Sustainable Cities and Communities by promoting data-driven urban air quality management. Integrating such predictive models into smart city frameworks is recommended to facilitate real-time air quality monitoring and proactive environmental policymaking.",https://link.springer.com/article/10.1007/s13762-026-07174-5
196,onlinelibrary.wiley.com,BB Bilgilioğlu,2026,"Abstract ABSTRACT
Land subsidence is an increasing environmental hazard in semi‐arid agricultural basins where intensive groundwater abstraction, compressible geological units, and expanding land‐use pressures interact. This study presents a PS‐InSAR and machine‐learning‐based framework for land subsidence susceptibility mapping in the Çumra District of the Konya Closed Basin, Türkiye. A time‐series PS‐InSAR analysis was conducted using 172 Sentinel‐1A ascending images acquired between 2018 and 2023, and 11,718 high‐confidence subsidence points were extracted as the inventory dataset. Fourteen conditioning factors representing topographic, hydrogeological, lithological, environmental, and anthropogenic controls were integrated with eight tree‐based ensemble models optimized using Optuna. Random Forest achieved the highest overall performance, with an accuracy of 0.9745, precision of 0.9562, recall of 0.9945, F1 score of 0.9750, and Cohen's Kappa of 0.9490, followed by Extremely Randomized Trees and XGBoost. Class‐specific validation also confirmed the reliability of Random Forest in delineating the Very High Susceptibility class. Variable importance analysis identified land use, proximity to settlements, well density, and groundwater level change as the dominant predictors, emphasizing the role of groundwater‐related anthropogenic pressure in subsidence development. The resulting susceptibility maps provide a spatial decision‐support basis for groundwater management, land use planning, and subsidence risk mitigation.",https://onlinelibrary.wiley.com/doi/abs/10.1111/tgis.70317
197,Design of Threat Detection Model for IoT-Enabled Smart Environment,"Anchal Dahiya, Pooja Mittal",2023,"Abstract

In an era marked by the pervasive integration of Internet of Things (IoT) technology into diverse sectors, safeguarding the security of IoT-enabled smart environments has emerged as a paramount concern. This paper presents a threat detection model specifically designed for IoT-enabled smart environments. A “DS2OS” dataset is utilized for evaluation, and machine learning techniques, including SVM, DT, RFT, and XGBT, are employed. The results show high accuracy, precision, and recall for each technique. Furthermore, a proposed voting classifier achieves exceptional performance with a 99% accuracy rate, contributing to improved security and safety in IoT-enabled environments. By providing an advanced threat detection mechanism, this model contributes to enhancing the security and reliability, ultimately promoting the widespread adoption and utilization of IoT technology for societal benefit.",https://ieeexplore.ieee.org/abstract/document/10541469/
198,Advances in Traffic Congestion Prediction: An Overview of Emerging Techniques and Methods,"Aristeidis Mystakidis, Paraskevas Koukaras, Christos Tjortjis",7-Feb-25,"Abstract The ongoing increase in urban populations has resulted in the enduring issue of traffic congestion, adversely affecting the quality of life, including commute duration, road safety, and local air quality. Consequently, recognizing and forecasting underlying traffic congestion patterns have become essential, with Traffic Congestion Prediction (TCP) emerging as an increasingly significant area of study. Advancements in Machine Learning (ML) and Artificial Intelligence (AI), as well as improvements in Internet of Things (IoT) sensor technologies have made TCP research crucial to the development of Intelligent Transportation Systems (ITSs). This review examines advanced TCP, emphasizing innovative forecasting methods and technologies and their importance for the ITS sector. This paper provides an overview of statistical, ML, Deep Learning (DL) approaches, and their ensembles that compose TCP. We examine several forecasting methods and discuss relative and absolute evaluation metrics from regression and classification perspectives. Finally, we present an overall step-by-step standard methodology that is often utilized in TCP problems. By combining these elements, this review highlights critical advancements and ongoing challenges in TCP, providing robust and detailed information for state-of-the-art ITS solutions.",https://www.mdpi.com/2624-6511/8/1/25
199,Machine learning for applied economic analysis: Gaining practical insights,"M Smith, F Alvarez",2025,"Abstract

Machine learning (ML) is becoming an essential tool in economics, offering powerful methods for prediction, classification, and decision-making. This paper provides an intuitive introduction to two widely used families of ML models: tree-based methods (decision trees, Random Forests, boosting techniques) and neural networks. The goal is to equip practitioners with a clear understanding of how these models work, their strengths and limitations, and their applications in economics. Additionally, we briefly discuss some other methods, as support vector machines (SVMs) and Shapley values, highlighting their relevance in economic research. Rather than providing an exhaustive survey, this paper focuses on practical insights to help economists effectively apply ML in their work.",https://documentos.fedea.net/pubs/dt/2025/dt2025-03.pdf
200,Ensemble Machine Learning Approaches Based on Molecular Descriptors and Graph Convolutional Networks for Predicting the Efflux Activities of MDR1 and BCRP Transporters,"Asahi Adachi, Tomoki Yamashita, Shigehiko Kanaya, Yohei Kosugi",12-Sep-23,"Abstract
Multidrug resistance (MDR1) and breast cancer resistance protein (BCRP) play important roles in drug absorption and distribution. Computational prediction of substrates for both transporters can help reduce time in drug discovery. This study aimed to predict the efflux activity of MDR1 and BCRP using multiple machine learning approaches with molecular descriptors and graph convolutional networks (GCNs). In vitro efflux activity was determined using MDR1- and BCRP-expressing cells. Predictive performance was assessed using an in-house dataset with a chronological split and an external dataset. CatBoost and support vector regression showed the best predictive performance for MDR1 and BCRP efflux activities, respectively, of the 25 descriptor-based machine learning methods based on the coefficient of determination (R2). The single-task GCN showed a slightly lower performance than descriptor-based prediction in the in-house dataset. In both approaches, the percentage of compounds predicted within twofold of the observed values in the external dataset was lower than that in the in-house dataset. Multi-task GCN did not show any improvements, whereas multimodal GCN increased the predictive performance of BCRP efflux activity compared with single-task GCN. Furthermore, the ensemble approach of descriptor-based machine learning and GCN achieved the highest predictive performance with R2 values of 0.706 and 0.587 in MDR1 and BCRP, respectively, in time-split test sets. This result suggests that two different approaches to represent molecular structures complement each other in terms of molecular characteristics. Our study demonstrated that predictive models using advanced machine learning approaches are beneficial for identifying potential substrate liability of both MDR1 and BCRP.",https://link.springer.com/article/10.1208/s12248-023-00853-y
201,An Automated Framework for Interaction Analysis of Driving Factors on Soil Salinization in Central Asia and Western China,"Lingyue Wang, Ping Hu, Hongwei Zheng, Jie Bai, Ying Liu, Olaf Hellwich, Tie Liu, Xi Chen, Anming Bao",11-Mar-25,"Abstract

Soil salinization is a global ecological and environmental problem, which is particularly serious in arid areas. The formation process of soil salinity is complex, and the interactive effects of natural causes and anthropogenic activities on soil salinization are elusive. Therefore, we propose an automated machine learning framework for predicting soil salt content (SSC), which can search for the optimal model without human intervention. At the same time, post hoc interpretation methods and graph theory knowledge are introduced to visualize the nonlinear interactions of variables related to SSC. The proposed method shows robust and adaptive performance in two typical arid regions (Central Asia and Xinjiang Province in western China) under different environmental conditions. The optimal algorithms for the Central Asia and Xinjiang regions are Extremely Randomized Trees (ET) and eXtreme Gradient Boosting (XGBoost), respectively. Moreover, precipitation and minimum air temperature are important feature variables for salt-affected soils in Central Asia and Xinjiang, and their strongest interaction effects are latitude and normalized difference water index. In both study areas, meteorological factors exhibit the greatest effect on SSC, and demonstrate strong spatiotemporal interactions. Soil salinization intensifies with long-term climate warming. Regions with severe SSC variation are mainly distributed around the irrigation water source and in low-terrain basins. From 1950 to 2100, the regional mean SSC (g/kg) varies by +20.94% and +64.76% under extreme scenarios in Central Asia and Xinjiang, respectively. In conclusion, our study provides a novel automated approach for interaction analysis of driving factors on soil salinization in drylands.",https://www.mdpi.com/2072-4292/17/6/987
202,Intelligent Reserve Prediction via Semantically-Enhanced Foundation Models: Towards Automated Decision-Making in Energy Exploration,"Le Miao, Jiashi Liu, Le Yang, Binglu Wang",2026,"Abstract

In the field of industrial automation and intelligent decision support systems, accurate prediction from limited heterogeneous data remains a critical challenge. Oil and gas reserve prediction, a pivotal task in exploration automation, is often plagued by limited sample sizes and multi-modal data comprising numerical measurements and textual features. Traditional machine learning models struggle to automate the extraction of rich semantic information, while existing deep learning models often lack native support for multi-modal inputs. To address these limitations and advance intelligent data mining techniques, this paper proposes a Semantically-Enhanced Tabular Foundation Model (SE-TFM). Our approach automates feature fusion by integrating a pre-trained language model to extract high-dimensional semantic embeddings and fusing them with numerical features via a learnable linear projection. Leveraging a Transformer-based architecture pre-trained on extensive synthetic priors, this intelligent framework effectively captures non-linear relationships in small-sample scenarios without extensive hyperparameter tuning. Experiments on a real-world dataset demonstrate that the proposed SE-TFM achieves an $R^{2}$ of 0.8929, significantly outperforming traditional methods and reducing prediction error by 5.7%. This work contributes to the development of robust, automated prediction algorithms for complex industrial applications.",https://ieeexplore.ieee.org/abstract/document/11580246/
203,Prediction of Adherence to an Online Wellness Program for People with Mobility Limitations: A Machine Learning Approach,"Salma Aly, Hui-Ju Young, James H. Rimmer, Tapan Mehta",19-Mar-26,"Abstract

Background/

Objectives: People with mobility limitations face disproportionately high rates of chronic health conditions and demonstrate lower adherence to wellness interventions. Digital programs such as MENTOR offer accessible alternatives but often face high rates of attrition. This study applied machine learning (ML) methods to predict adherence to the eight-week MENTOR telewellness program and identify key predictors of participant attendance. 

Methods: Data were drawn from 1218 adults enrolled in MENTOR (2023–2024). Adherence was defined as the percentage of 40 sessions attended. Baseline demographic, socioeconomic, psychosocial, mindfulness, resilience, health status, and physical activity variables were included as predictors. Following preprocessing and imputation, 13 ML regression models were trained using an 80/20 train–test split. The best-performing model was identified using mean absolute error (MAE), followed by feature selection and SHAP interpretability analyses. Pairwise synergy analysis quantified interactions between top predictors. 

Results: Model performance was modest overall. Bayesian ridge regression achieved the best performance (MAE 20.98; RMSE 25.26; R2 = 0.12). SHAP analyses revealed that education, race, emotional support, Area Deprivation Index, household size, mindfulness, life satisfaction, and disability onset were the strongest predictors of adherence. Higher emotional support, mindfulness, and life satisfaction were associated with greater adherence, while socioeconomic disadvantage predicted lower adherence. Synergy analyses showed the strongest predictive interactions between low education and psychosocial resources (emotional support and life satisfaction). 

Conclusions: Baseline characteristics alone modestly predicted adherence to a digital wellness program. However, psychosocial and socioeconomic factors emerged as meaningful predictors, underscoring the need for personalized support strategies to reduce dropout among participants with mobility limitations.",https://www.mdpi.com/2227-9032/14/6/781
204,Predictive maintenance in Industry 4.0: a survey of planning models and machine learning techniques,"Ida Hector, Rukmani Panjanathan",14-May-24,"Abstract

Equipment downtime resulting from maintenance in various sectors around the globe has become a major concern. The effectiveness of conventional reactive maintenance methods in addressing interruptions and enhancing operational efficiency has become inadequate. Therefore, acknowledging the constraints associated with reactive maintenance and the growing need for proactive approaches to proactively detect possible breakdowns is necessary. The need for optimisation of asset management and reduction of costly downtime emerges from the demand for industries. The work highlights the use of Internet of Things (IoT)-enabled Predictive Maintenance (PdM) as a revolutionary strategy across many sectors. This article presents a picture of a future in which the use of IoT technology and sophisticated analytics will enable the prediction and proactive mitigation of probable equipment failures. This literature study has great importance as it thoroughly explores the complex steps and techniques necessary for the development and implementation of efficient PdM solutions. The study offers useful insights into the optimisation of maintenance methods and the enhancement of operational efficiency by analysing current information and approaches. The article outlines essential stages in the application of PdM, encompassing underlying design factors, data preparation, feature selection, and decision modelling. Additionally, the study discusses a range of ML models and methodologies for monitoring conditions. In order to enhance maintenance plans, it is necessary to prioritise ongoing study and improvement in the field of PdM. The potential for boosting PdM skills and guaranteeing the competitiveness of companies in the global economy is significant through the incorporation of IoT, Artificial Intelligence (AI), and advanced analytics.",https://peerj.com/articles/cs-2016/
205,A Review of Federated Machine Learning for Crop Yield Prediction: Sustainable Integration of IOT and Smart Agriculture,"J Jagadeesan, R Nagarajan",2026,"Abstract

Federated Machine Learning (FML) has become an increasingly common approach for addressing data security and privacy issues in fields such as the Internet of Things (IoT) and agriculture. The application of FML in crop yield prediction is the primary objective of this review paper. Decentralized data from agricultural systems and Internet of Things devices is used to train models cooperatively without compromising sensitive data. FML ensures that data remains local by enabling distributed learning across several edge devices, improving privacy, and enabling effective and precise agricultural output forecasting. IoT sensors gather a variety of data in smart agriculture, including plant health measurements, soil conditions, and weather patterns. These data may be easily included in federated learning frameworks to provide real-time insights and decision -making. This study examines recent developments in agriculture -specific federated learning approaches, emphasizing important issues including communication effectiveness, model personalization, and data heterogeneity. The study additionally examines new developments in federated learning and innovative machine learning approaches to increase prediction accuracy, lower computing costs, and offer dependable options for sustainable agriculture.",https://www.indjcst.com/archiver/archives/a_review_of_federated_machine_learning_for_crop_yield_prediction_sustainable_integration_of_iot_and_smart_agriculture.pdf
206,Machine learning-based risk predictive models for depression in patients with diabetes: a systematic review and meta-analysis,"Xingxin Cai, Guiying Guo, Jun Zhou, Mengqi Han, Yuanyuan Cui, Zhenglin Chen",4/15/2026,"Abstract

Background: Currently, numerous studies have employed machine learning (ML) methods to develop predictive models for depression risk in patients with diabetes mellitus (DM); however, the findings remain inconsistent. Therefore, this study aims to clarify the current state of research and emerging trends in this field by systematically evaluating the performance, strengths, and limitations of existing prediction models.

Objective: This systematic review evaluates the performance and clinical applicability of ML-based depression risk prediction models for patients with DM, providing reliable evidence to assist healthcare professionals in selecting and optimizing more appropriate prediction models.

Methods: We conducted a systematic search of clinical studies employing ML approaches to predict depression risk in patients with DM across the PubMed, Embase, Cochrane Library, and Web of Science databases, from their inception to January 2026. The primary performance metric for the models was the area under the receiver operating characteristic curve (AUC) along with its 95% confidence interval (95% CI). Two independent researchers screened the literature, extracted data, and used PROBAST-AI to assess the risk of bias and clinical applicability of the included studies. Pooled AUC was estimated using the Der Simonian and Laird random-effects model.

Results: A total of 14 studies comprising 64 distinct ML models were included. All included studies were assessed as high risk of bias and high clinical applicability. A pooled analysis of the best-performing ML prediction models reported in each study showed a pooled AUC of 0.822 (95% CI, 0.789-0.858), indicating relatively good overall predictive performance. However, there was substantial heterogeneity among the studies (I² = 97.4%; P < 0.001). Subgroup analysis based on ML model types revealed the following pooled AUC values: 0.765 (95% CI 0.706-0.829) for traditional regression models, 0.789 (95% CI 0.747-0.834) for general machine learning models, and 0.802 (95% CI 0.769-0.836) for deep learning models. Notably, logistic regression (LR) (n = 10) was the most frequently employed ML method for developing depression risk prediction models in patients with DM. To evaluate model generalizability and avoid overfitting, the included studies adopted three validation strategies: 5-fold cross-validation yielded a pooled AUC of 0.913 (95% CI 0.781-1.067), 10-fold cross-validation yielded 0.819 (95% CI 0.781-0.858), and random split validation yielded 0.747 (95% CI 0.648-0.862). The most commonly used predictors in the included models were age, sex, and body mass index (BMI), which are readily available in clinical  and strongly associated with depression risk.

Conclusions: ML-based depression risk prediction models for patients with DM demonstrate overall satisfactory predictive performance. However, most existing studies had relatively small sample sizes and lacked external validation. Future research should prioritize refining study design and optimizing clinical data processing to improve the generalizability and stability of these models in clinical practice.",https://www.frontiersin.org/journals/endocrinology/articles/10.3389/fendo.2026.1816661/full
207,Artificial intelligence for early prediction of gestational diabetes mellitus and preeclampsia: a systematic review of machine learning models and clinical decision support systems,"Subhashree Barada, Ramani Selvanambi",7/30/2026,"Abstract Gestational diabetes mellitus (GDM) and preeclampsia are among the most significant pregnancy complications, affecting approximately 5–15% and 2–8% of pregnancies worldwide, respectively. These disorders share overlapping metabolic, vascular, inflammatory, and placental mechanisms, highlighting the need for integrated approaches to early prediction and risk assessment. However, existing artificial intelligence (AI)-based prediction models generally address GDM and preeclampsia independently and are often limited by inadequate multimodal data integration, insufficient external validation, and limited model interpretability. This systematic review synthesizes recent advances (2020–2026) in AI-based prediction of GDM and preeclampsia, with emphasis on predictive methodologies, data modalities, validation strategies, and potential clinical applications. The review was conducted in accordance with the PRISMA 2020 guidelines, and 120 studies employing machine learning (ML), deep learning (DL), and hybrid AI approaches using clinical, biochemical, electronic health record (EHR), and multimodal data were included. Across the reviewed studies, AI-based models demonstrated promising predictive performance, with reported area under the receiver operating characteristic curve (AUC) values ranging from 0.70 to 0.95. Ensemble and deep learning approaches generally outperformed conventional statistical methods, particularly when multimodal data were integrated. Frequently identified predictive variables included maternal clinical characteristics, metabolic biomarkers, inflammatory biomarkers, and angiogenic markers such as soluble fms-like tyrosine kinase-1 (sFlt-1) and placental growth factor (PlGF). Nevertheless, important methodological challenges remain, including limited external validation, substantial data heterogeneity, insufficient model interpretability, inconsistent reporting practices, and limited integration into routine clinical workflows. Furthermore, most existing AI models predict GDM or preeclampsia independently despite their shared pathophysiological mechanisms, highlighting an important gap in current prediction research. This review provides a comprehensive synthesis of epidemiological, clinical, mechanistic, and AI-based evidence and proposes an evidence-informed conceptual framework that integrates multimodal data, mechanism-aware modeling, explainable AI, standardized validation, and clinical decision-support considerations. Rather than representing a validated predictive system, the proposed framework provides a conceptual foundation to guide future AI model development, prospective validation, and clinical evaluation. Overall, the findings highlight key opportunities and remaining challenges for developing robust, interpretable, and generalizable AI-based prediction models to support future precision maternal healthcare and improve maternal and neonatal outcomes.",https://www.frontiersin.org/journals/artificial-intelligence/articles/10.3389/frai.2026.1890320/full
208,Introduction and Applications of Machine Learning in Geotechnics,"ZW Geem, G Bekdaş, SM Nigdeli, Y Aydın, Ü Işıkdağ…",2026,"Abstract

Introduction and Applications of Machine Learning in Geotechnics offers a comprehensive exploration of machine learning methodologies and their diverse applications in geotechnical engineering. The book begins with a detailed review of machine learning methods tailored for geotechnical applications, setting the foundation for subsequent chapters. Regression models are utilized to predict shear wave velocities while optimization-based approaches are employed to determine the optimal dimensions of reinforced concrete (RC) retaining walls. The book further explores the identification of gravelly soil through optimized machine learning models and predicts stress-strain responses using data from simple shear tests.Additionally, it outlines the forecasting of liquefaction events triggered by seismic activities and estimates the uniaxial compressive strength of soil using machine learning techniques. The prediction of vertical effective stress and specific penetration resistance is examined to enhance soil characterization and geotechnical analyses. The book's authors provide valuable insights for geotechnical engineers and researchers seeking to leverage advanced computational tools for enhanced geotechnical assessments and design processes. - Provides a systematic overview of machine learning and optimization applications in geotechnical engineering - Demonstrates real-world implementations for soil classification, seismic response, and structural–geotechnical interaction - Introduces interpretable and explainable AI methods for transparent engineering decision-making - Emphasizes sustainable and data-driven solutions through hybrid modeling and metaheuristic optimization",https://books.google.com/books?hl=en&lr=&id=l2mdEQAAQBAJ&oi=fnd&pg=PP1&dq=(%22machine+learning%22%5Btiab%5D+OR+%22AI%22+OR+%22artificial+intelligence%22+OR+%22random+forest%22%5Btiab%5D+OR+%22gradient+boosting%22%5Btiab%5D+OR+%22XGBoost%22%5Btiab%5D+OR+%22LightGBM%22%5Btiab%5D+OR+%22CatBoost%22%5Btiab%5D+OR+%22support+vector+machine%22%5Btiab%5D+OR+%22SVM%22%5Btiab%5D+OR+%22weighted+SVM%22+OR+%22LASSO%22%5Btiab%5D+OR+%22Ridge%22+OR+%22decision+tree%22%5Btiab%5D+OR+%22bagging%22+OR+%22boosting%22+OR+%22deep+learning%22%5Btiab%5D+OR+%22neural+network*%22%5Btiab%5D+OR+%22support+vector%22%5Btiab%5D+OR+%22artificial+intelligence%22%5Btiab%5D+OR+%22ensemble+method*%22%5Btiab%5D+OR+%22super+learner%22%5Btiab%5D+OR+%22naive+bayes%22+OR+%22k-Nearest+Neighbors%22+OR+%22k-NN%22+OR+%22K-Means+clustering%22+OR+%22hierarchical+clustering%22+OR+%22Jackknife+repeated+replication%22+OR+%22JRR%22+OR+%22Balanced+repeated+replication%22+OR+%22BRR%22+OR+%22bootstrap%22+OR+%22missing+value%22+OR+%22artificial+neural+networks%22+OR+%22ANN%22+OR+%22convolutional+neural+networks%22+OR+%22CNN%22+OR+%22recurrent+neural+networks%22+OR+%22RNN%22+OR+%22generative+adversarial+networks%22+OR+%22GANs%22)+OR+(%22complex+survey%22+OR+%22complex+survey+data%22+OR+%22complex+survey+design%22+OR+%22complex+survey+analysis%22+OR+%22survey+analysis%22+OR+%22survey+design%22+OR+%22population-based+survey%22+OR+%22probability+survey%22+OR+%22multistage+sampling%22+OR+%22stratified+sampling%22+OR+%22cluster+sampling%22+OR+%22stratified+cluster+sampling%22+OR+%22probability+sampling%22+OR+%22multi-stage+probability+sampling%22)+OR+(%22sampling+weights%22+OR+%22survey+weights%22+OR+%22probability+weights%22+OR+%22weighted+analysis%22+OR+%22inverse+probability+weighting%22+OR+%22design+weights%22+OR+%22post-stratification+weights%22+OR+%22calibration+weights%22+OR+%22final+weights%22+OR+%22sample+weights%22)&ots=Hqqu-wySzM&sig=72qM6N4VBqTfN6y3NVVTaGUlG34
209,"Bridging the Gap in Recycled Aggregate Concrete (RAC) Prediction: State-of-the-Art Data-Driven Framework, Model Benchmarking, and Future AI Integration","Haoyun Fan, Soon Poh Yap, Shengkang Zhang, Ahmed El-Shafie",2025,"Abstract

<p>Data-driven research on recycled aggregate concrete (RAC) has long faced the challenge of lacking a unified testing standard dataset, hindering accurate model evaluation and trust in predictive outcomes. This paper reviews critical parameters influencing mechanical properties in 35 RAC studies, compiles four datasets encompassing these parameters, and compiles the performance and key findings of 77 published data-driven models. Baseline capability tests are conducted on the nine most used models. The paper also outlines advanced methodological frameworks for future RAC research, examining the principles and challenges of physics-informed neural networks (PINNs) and generative adversarial networks (GANs), and employs SHAP and PDP tools to interpret model behaviour and enhance transparency. Findings indicate a clear trend toward integrated systems, hybrid models, and advanced optimization strategies, with integrated tree-based models showing superior performance across various prediction tasks. Based on this comprehensive review, we offer a recommendation for future research on how AI can be effectively oriented in RAC studies to support practical deployment and build confidence in data-driven approaches.</p>",https://www.sciopen.com/article/10.32604/cmes.2025.070880
210,Predicting corporate bankruptcy through a scalable and interpretable knowledge distillation framework,"MAK Azad, AKM Masum, MA Rahman…",2026,"Abstract Corporate bankruptcies trigger severe systemic market disruptions. Accurate risk identification remains a critical economic priority. However, existing prediction models struggle with extreme class imbalance. They also face structural noise and high computational costs. This research presents a knowledge distillation framework for bankruptcy prediction. The scope of the present study is strictly limited to structured, tabular financial ratios; integration of unstructured textual data, such as management discussion and analysis and earnings call transcripts, falls outside the purview of this framework and is deferred to future multimodal extensions. The architecture compresses a high-capacity teacher model into a lightweight student network. The methodology utilizes Taiwanese and Polish multivariate datasets. A hybrid mechanism combining LASSO and Mutual Information extracts optimal features. Advanced resampling strategies resolve severe topological class imbalance. These include SMOTE, SMOTEENN, and ADASYN. A blended distillation objective transfers the predictive patterns. This loss formulation mathematically combines temperature-scaled soft probabilities with ground-truth hard labels. The student then employs Histogram Gradient Boosting for rapid inference. Empirical results demonstrate superior predictive fidelity and efficiency against seventeen baselines. On the Taiwanese dataset using SMOTE, the student model achieves 93.77% Accuracy, 69.05% F1, and 93.17% AUC. On the Polish dataset with SMOTE, it delivers 86.79% Accuracy, 63.05% F1, and 88.74% AUC. Across these evaluations, the student model yields merely 0.67% to 1.51% less in F1 score than the teacher model. Crucially, the student model reduces overall computational training time by over 80%. Training consistently completes in under just four seconds. SHAP and LIME algorithms provide essential global and local interpretability. The distilled framework successfully balances predictive accuracy with significantly reduced algorithmic complexity. Ultimately, it offers a scalable, transparent, and highly efficient solution for real-world corporate financial risk assessment.",https://link.springer.com/content/pdf/10.1007/s44163-026-01708-z_reference.pdf
211,Optimized Stacking Ensemble Framework with Feature Selection for Cardiovascular Disease Prediction,"Vidushi Mittal, Shivangi, Aaradhya Verma, Subit Kumar Jain",29-Aug-25,"Abstract
This study aims to enhance the accuracy and reliability of cardiovascular disease (CVD) prediction by integrating advanced feature selection techniques within a stacking ensemble framework. By utilizing clinical and demographic data from multiple sources, including the Hungarian, Switzerland, Statlog, Cleveland, and Long Beach VA datasets, the proposed method focuses on identifying the most relevant features to reduce noise and computational complexity while leveraging the strengths of diverse predictive models. The methodology involves constructing a stacking ensemble of various machine learning algorithms, including Extra Trees, Support Vector Machine, K-Nearest Neighbors, Decision Tree, Random Forest, Multi-Layer Perceptron, and Gradient Boosting, each trained using varied hyperparameters to capture different data patterns. To refine feature relevance and minimize overfitting three feature selection methods, Permutation Feature Importance (PFI), Pearson’s correlation coefficient (PCC), and Mutual Information-based Constructive Criterion (MICC) were applied, resulting in the identification of nine key attributes (cp, slope, fbs, chol, sex, age, exang, oldpeak, and mhr). These features yielded superior predictive performance compared to the top five features used in isolation, which led to reduced accuracy. The optimal model configuration used Random Forest, Extra Trees, MLP, and Gradient Boosting as the base classifiers, with Logistic Regression as the final classifier for the nine key attributes and achieved a mean ROC score of 0.92546 and an accuracy of 0.82563, validating the robustness of the model. Even when tested with reduced feature sets and different classifier combinations, the ensemble approach maintained strong performance. Additionally, to address data incompleteness, four datasets with varying levels of missingness were created, imputed, and evaluated for predictive consistency. Overall, this integrated strategy significantly improves CVD prediction by enhancing generalization, maintaining high accuracy, and reducing computational load, demonstrating its potential as a reliable tool for clinical decision support.",https://link.springer.com/article/10.1007/s42979-025-04325-2
212,"Emerging artificial intelligence-driven precision therapies in tumor drug resistance: recent advances, opportunities, and challenges","Yuan Mao, Dangang Shangguan, Qi Huang, Ling Xiao, Dongsheng Cao, Hui Zhou, Yi-Kun Wang",23-Apr-25,"Abstract
Drug resistance is one of the main reasons for cancer treatment failure, leading to a rapid recurrence/disease progression of the cancer. Recently, artificial intelligence (AI) has empowered physicians to use its powerful data processing and pattern recognition capabilities to extract and mine valuable drug resistance information from large amounts of clinical or omics data, to study drug resistance mechanisms, to evaluate and predict drug resistance, and to develop innovative therapeutic strategies to reduce drug resistance. In this review, we proposed a feasible workflow for incorporating AI into tumor drug resistance research, highlighted current AI-driven tumor drug resistance applications, and discussed the opportunities and challenges encountered in the process. Based on a comprehensive literature analysis, we systematically summarized the role of AI in tumor drug resistance research, including drug development, resistance mechanism elucidation, drug sensitivity prediction, combination therapy optimization, resistance phenotype identification, and clinical biomarker discovery. With the continuous advancement of AI technology and rigorous validation of clinical data, AI models are expected to fuel the development of precision oncology by improving efficacy, guiding therapeutic decisions, and optimizing patient prognosis. In summary, by leveraging clinical and omics data, AI models are expected to pioneer new therapy strategies to mitigate tumor drug resistance, improve efficacy and patient survival, and provide novel perspectives and tools for oncology treatment.",https://link.springer.com/article/10.1186/s12943-025-02321-x
213,Estimation of Fv/Fm in Spring Wheat Using UAV-Based Multispectral and RGB Imagery with Multiple Machine Learning Methods,"Qiang Wu, Yongping Zhang, Min Xie, Zhiwei Zhao, Lei Yang, Jie Liu, Dingyi Hou",29-Mar-23,"Abstract

The maximum quantum efficiency of photosystem II (Fv/Fm) is a widely used indicator of photosynthetic health in plants. Remote sensing of Fv/Fm using MS (multispectral) and RGB imagery has the potential to enable high-throughput screening of plant health in agricultural and ecological applications. This study aimed to estimate Fv/Fm in spring wheat at an experimental base in Hanghou County, Inner Mongolia, from 2020 to 2021. RGB and MS images were obtained at the wheat flowering stage using a Da-Jiang Phantom 4 multispectral drone. A total of 51 vegetation indices were constructed, and the measured Fv/Fm of wheat on the ground was obtained simultaneously using a Handy PEA plant efficiency analyzer. The performance of 26 machine learning algorithms for estimating Fv/Fm using RGB and multispectral imagery was compared. The findings revealed that a majority of the multispectral vegetation indices and approximately half of the RGB vegetation indices demonstrated a strong correlation with Fv/Fm, as evidenced by an absolute correlation coefficient greater than 0.75. The Gradient Boosting Regressor (GBR) was the optimal estimation model for RGB, with the important features being RGBVI and ExR. The Huber model was the optimal estimation model for MS, with the important feature being MSAVI2. The Automatic Relevance Determination (ARD) was the optimal estimation model for the combination (RGB + MS), with the important features being SIPI, ExR, and VEG. The highest accuracy was achieved using the ARD model for estimating Fv/Fm with RGB + MS vegetation indices on the test sets (Test set MAE = 0.019, MSE = 0.001, RMSE = 0.024, R2 = 0.925, RMSLE = 0.014, MAPE = 0.026). The combined analysis suggests that extracting vegetation indices (SIPI, ExR, and VEG) from RGB and MS remote images by UAV as input variables of the model and using the ARD model can significantly improve the accuracy of Fv/Fm estimation at flowering stage. This approach provides new technical support for rapid and accurate monitoring of Fv/Fm in spring wheat in the Hetao Irrigation District.",https://www.mdpi.com/2073-4395/13/4/1003
214,"Informed Random Forest to Model Associations of Epidemiological Priors, Government Policies, and Public Mobility","Tsaone Swaabow Thapelo, Dimane Mpoeleng, Gregory Hillhouse",2023,"Abstract

Background. Infectious diseases constitute a significant concern worldwide due to their increasing prevalence, associated health risks, and the socioeconomic costs. Machine learning (ML) models and epidemic models formulated using deterministic differential equations are the most dominant tools for analyzing and modeling the transmission of infectious diseases. However, ML models can be inconsistent in extracting the dynamics of a disease in the presence of data drifts. Likewise, the capability of epidemic models is constrained to parameter dimensions and estimation. We aimed at creating a framework of informed ML that integrates a random forest (RF) with an adapted susceptible infectious recovered (SIR) model to account for accuracy and consistency in stochasticity within the dynamics of coronavirus disease 2019 (COVID-19). 

Methods. An adapted SIR model was used to inform a default RF on predicting new COVID-19 cases (NCCs) at given intervals. We validated the performance of the informed RF (IRF) using real data. We used Botswana’s pharmaceutical interventions (PIs) and non-PIs (NPIs) adopted between February 2020 and August 2022. The discrepancy between predictions and observations is modeled using loss functions, which are minimized, interpreted, and used to assess the IRF. 

Results. The findings on the real data have revealed the effectiveness of the default RF in modeling and predicting NCCs. The use of the effective reproductive rate to inform the RF yielded an excellent predictive power (84%) compared with 75% by the default RF. 

Conclusion. This research has potential to inform policy and decision makers in developing systems to evaluate interventions for infectious diseases. Highlights This framework is initiated by incorporating model outputs from an epidemic model to a machine learning model. An informed random forest (RF) is instantiated to model government and public responses to the COVID-19 pandemic. This framework does not require data transformations, and the epidemic model is shown to boost the RF’s performance. This is a baseline knowledge-informed learning framework for assessing public health interventions in Botswana.",https://journals.sagepub.com/doi/abs/10.1177/23814683231218716
215,ietresearch.onlinelibrary.wiley.com,"Z Fan, Z Yu, K Yang, W Chen, X Liu, G Li…",2025,"Abstract ABSTRACT
Ensemble learning, a pivotal branch of machine learning, amalgamates multiple base models to enhance the overarching performance of predictive models, capitalising on the diversity and collective wisdom of the ensemble to surpass individual models and mitigate overfitting. In this review, a four‐layer research framework is established for the research of ensemble learning, which can offer a comprehensive and structured review of ensemble learning from bottom to top. Firstly, this survey commences by introducing fundamental ensemble learning techniques, including bagging, boosting, and stacking, while also exploring the ensemble's diversity. Then, deep ensemble learning and semi‐supervised ensemble learning are studied in detail. Furthermore, the utilisation of ensemble learning techniques to navigate challenging datasets, such as imbalanced and high‐dimensional data, is discussed. The application of ensemble learning techniques across various research domains, including healthcare, transportation, finance, manufacturing, and the Internet, is also examined. The survey concludes by discussing challenges intrinsic to ensemble learning.",https://ietresearch.onlinelibrary.wiley.com/doi/abs/10.1049/cit2.70030
216,"Applications of Machine Learning in Seismic Performance Assessment: Trends, Challenges, and Future Directions","Aftab Ahmad, Asif Husain",2025,"Abstract

The rapid seismic performance assessment of large structural inventories has become a necessity. This is essential for regional seismic risk assessment and management. However, traditional approaches for estimating the seismic response of structures are either computationally demanding or insufficiently accurate, highlighting the need for new techniques such as data-driven approaches. This paper thus aims to provide a systematic review of machine learning applications in seismic performance assess-ment. By synthesizing trends, key challenges, and future opportunities. A systematic review of 150 peer-reviewed articles published in scopus indexed journals between 2016 and 2025 was conducted using a targeted search string, followed by bibliometric analysis to highlight the research landscape. A classification of ML techniques is pre-sented, followed by a brief overview of the commonly used ML models in seismic per-formance assessment applications. Overall, the analysis of the reviewed papers re-vealed three primary applications: (i) failure mode identification and capacity predic-tion, (ii) seismic demand and damage state prediction, and (iii) seismic response time series prediction. While the findings underscore the potential of ML in advancing seismic performance assessment, several challenges persist, including data scarcity, the black-box nature of ML models, limited generalization capabilities, and high com-putational costs. Potential pathways forward include integrating physics into ML model training, expanding annotated datasets, adapting state of-the-art algorithms for structural engineering applications.",https://www.preprints.org/frontend/manuscript/279d106592ecd16fe9b10317bd838de9/download_pub
217,Recent Advances of Machine Learning in Fracture Mechanics of Quasi-Brittle Materials: A Review,"Saeed H. Moghtaderi, Prakash Thamburaja, Muhammad Alias Md Jedi, Michael Beer, Shahrum Abdullah, Ahmad Kamal Ariffin",2025,"Abstract

The fracture mechanics of quasi-brittle materials, such as concrete, ceramics, and rocks, pose significant challenges due to their nonlinear stress-strain response, microstructural heterogeneity, and complex failure mechanisms. Traditional numerical and analytical methods often fall short in capturing the full intricacies of fracture propagation and damage evolution in such materials. However, recent advances in machine learning (ML) offer promising solutions to these limitations by enabling data-driven insights and enhanced computational performance. In this review paper, we explore the growing role of ML techniques in the fracture analysis of quasi-brittle materials. By leveraging large and diverse datasets from experiments and numerical simulations, ML models not only complement traditional fracture mechanics approaches but also introduce novel capabilities such as real-time damage prediction, adaptive modelling, and improved generalization across varying material conditions. The integration of data-driven models with physics-based frameworks, especially through hybrid techniques like physics-informed neural networks (PINNs), marks a significant shift in how fracture phenomena are modelled and understood. Key ML methods discussed include artificial neural networks (ANNs), convolutional neural networks (CNNs), and PINNs, with a focus on their respective advantages and implementation strategies. The review highlights how these approaches can enhance safety, efficiency, and predictive accuracy in engineering applications, ultimately making machine learning a transformative tool in the study of quasi-brittle fracture behaviour.",https://livrepository.liverpool.ac.uk/3196546/
218,onlinelibrary.wiley.com,"I Petrović, S Njegovan, O Tomašević…",2025,"Abstract Introduction:
While the machine learning (ML) model’s black‐box nature presents a significant barrier to effective clinical application, the dynamic nature of stroke patients’ recovery further undermines the reliability of established predictive scores and models, making them less suitable for accurate prediction and appropriate patient care. This research is aimed at building and evaluating an interpretable ML‐based model, which would perform outcome prediction at different time points of patients’ recovery, giving more secure and understandable output through interpretable packages.

Materials and

Methods: A retrospective analysis was conducted on acute ischemic stroke (AIS) patients treated with alteplase at the Neurology Clinic of the University Clinical Center of Vojvodina (Novi Sad, Serbia), for 14 years. Clinical data were grouped into four categories based on collection time—baseline, 2‐h, 24‐h, and discharge features—serving as inputs for three different classifiers—support vector machine (SVM), logistic regression (LR), and random forest (RF). The 90‐day modified Rankin scale (mRS) was used as the outcome measure, distinguishing between favorable (mRS ≤ 2) and unfavorable outcomes (mRS ≥ 3).

Results: The sample was described with 49 features and included 355 patients, with a median age of 67 years (interquartile range (IQR) 60–74 years), 66% being male. The models achieved strong discrimination in the testing set, with area under the curve (AUC) values ranging from 0.80 to 0.96. Additionally, they were compared with a model based on the DRAGON score, which showed an AUC of 0.760 (95% confidence interval (CI), 0.640–0.862). The decision‐making process was more thoroughly understood using interpretable packages: Shapley additive explanation (SHAP) and local interpretable model–agnostic explanation (LIME). They revealed the most significant features at both the group and individual patient levels.

Conclusions and Clinical Implications:
This study demonstrated the moderate to strong efficacy of interpretable ML‐based models in predicting the functional outcomes of alteplase‐treated AIS patients. In all constructed models, age, onset‐to‐treatment time, and platelet count were recognized as the important predictors, followed by clinical parameters measured at different time points, such as the National Institutes of Health Stroke Scale (NIHSS) and systolic and diastolic blood pressure values. The dynamic approach, coupled with interpretable models, can aid in providing insights into the potential factors that could be modified and thus contribute to a better outcome.",https://onlinelibrary.wiley.com/doi/abs/10.1155/srat/3561616
219,Artificial Intelligence in Gas Sensing: A Review,"M. A. Z. Chowdhury, M. A. Oehlschlaeger",2025,"Abstract

The role of artificial intelligence (AI), machine learning (ML), and deep learning (DL) in enhancing and automating gas sensing methods and the implications of these technologies for emergent gas sensor systems is reviewed. Applications of AI-based intelligent gas sensors include environmental monitoring, industrial safety, remote sensing, and medical diagnostics. AI, ML, and DL methods can process and interpret complex sensor data, allowing for improved accuracy, sensitivity, and selectivity, enabling rapid gas detection and quantitative concentration measurements based on sophisticated multiband, multispecies sensor systems. These methods can discern subtle patterns in sensor signals, allowing sensors to readily distinguish between gases with similar sensor signatures, enabling adaptable, cross-sensitive sensor systems for multigas detection under various environmental conditions. Integrating AI in gas sensor technology represents a paradigm shift, enabling sensors to achieve unprecedented performance, selectivity, and adaptability. This review describes gas sensor technologies and AI while highlighting approaches to AI-sensor integration.",https://pubs.acs.org/doi/abs/10.1021/acssensors.4c02272
220,Hazard Susceptibility Mapping with Machine and Deep Learning: A Literature Review,"Angelly de Jesus Pugliese Viloria, Andrea Folini, Daniela Carrion, Maria Antonia Brovelli",11-Sep-24,"Abstract

With the increase in climate-change-related hazardous events alongside population concentration in urban centres, it is important to provide resilient cities with tools for understanding and eventually preparing for such events. Machine learning (ML) and deep learning (DL) techniques have increasingly been employed to model susceptibility of hazardous events. This study consists of a systematic review of the ML/DL techniques applied to model the susceptibility of air pollution, urban heat islands, floods, and landslides, with the aim of providing a comprehensive source of reference both for techniques and modelling approaches. A total of 1454 articles published between 2020 and 2023 were systematically selected from the Scopus and Web of Science search engines based on search queries and selection criteria. ML/DL techniques were extracted from the selected articles and categorised using ad hoc classification. Consequently, a general approach for modelling the susceptibility of hazardous events was consolidated, covering the data preprocessing, feature selection, modelling, model interpretation, and susceptibility map validation, along with examples of related global/continental data. The most frequently employed techniques across various hazards include random forest, artificial neural networks, and support vector machines. This review also provides, per hazard, the definition, data requirements, and insights into the ML/DL techniques used, including examples of both state-of-the-art and novel modelling approaches.",https://www.mdpi.com/2072-4292/16/18/3374
221,"Crop recommendation in precision agriculture: a systematic literature review of methods, trends, and challenges","Ebenezer O. Oladipe, Sunday E. Adewumi, Taiwo Kolajo, Joshua B. Agbogun",2026,"Abstract

Crop recommendation methods have become an essential component of modern agriculture, helping farmers identify the most suitable crops based on soil, climatic, and environmental conditions. As key applications of precision agriculture, these methods increasingly employ artificial intelligence (AI), particularly machine learning (ML) and deep learning (DL), to improve crop prediction, recommendations, productivity, and farming decision-making. This study presents a systematic literature review (SLR) of ML and DL techniques applied to crop recommendation and related agricultural applications. From 183 identified studies, 129 articles published between 2020 and 2026 were carefully selected through a structured screening process for comprehensive analysis. Relevant studies were retrieved from major academic literature databases and publishing platforms, including ScienceDirect, Scopus, SpringerLink, MDPI, Nature, Frontiers, IEEE, Wiley, and Google Scholar. The review used the PRISMA protocol and showed that ensemble learning-based approaches, particularly Random Forest and Extreme Gradient Boosting (XGBoost), are powerful for predictive performance on various agricultural datasets. Traditional ML approaches such as Support Vector Machines, Decision Trees, and k-Nearest Neighbors are still commonly used. At the same time, Convolutional Neural Networks (CNNs) and Long Short-Term Memory (LSTM) networks are used for remote sensing and time-dependent agricultural analysis. The most frequently used dataset source is Kaggle, and typical inputs include soil nutrients (NPK), soil pH, weather conditions, and satellite indices such as NDVI and EVI. Many studies have achieved high accuracy, but most are based on static datasets, which reduces their reliability in real-world scenarios. The main research gaps are limited real-time deployment, low integration of multiple data sources, low cross-regional validation, and low model interpretability. The review shows the importance of scalable and explainable AI systems for real applications in agriculture.",https://asr.nsps.org.ng/index.php/asr/article/view/590
222,Novel research and future prospects of artificial intelligence in cancer diagnosis and treatment,"Chaoyi Zhang, Jin Xu, Rong Tang, Jianhui Yang, Wei Wang, Xianjun Yu, Si Shi",27-Nov-23,"Abstract
Research into the potential benefits of artificial intelligence for comprehending the intricate biology of cancer has grown as a result of the widespread use of deep learning and machine learning in the healthcare sector and the availability of highly specialized cancer datasets. Here, we review new artificial intelligence approaches and how they are being used in oncology. We describe how artificial intelligence might be used in the detection, prognosis, and administration of cancer treatments and introduce the use of the latest large language models such as ChatGPT in oncology clinics. We highlight artificial intelligence applications for omics data types, and we offer perspectives on how the various data types might be combined to create decision-support tools. We also evaluate the present constraints and challenges to applying artificial intelligence in precision oncology. Finally, we discuss how current challenges may be surmounted to make artificial intelligence useful in clinical  in the future.",https://link.springer.com/article/10.1186/s13045-023-01514-5
223,CNN-Based Approaches for Various Types of Tabular Data,"Vu Tuan Anh, Il Do Ha, Kevin Burke",2025,"Abstract

Deep learning (DL) includes various architectures, such as deep neural networks (DNNs) and convolutional neural networks (CNNs). DL is very powerful and flexible for non-tabular (non-structured) data (e.g. image, text). However, in tabular data, standard DNNs often do not outperform traditional machine learning (ML) methods such as tree-based models (e.g. random forest, XGBoost). CNNs carry out dimensionality reduction for non-tabular (especially image) data, but may be useful in tabular data too. In this paper, we present a unified framework of one-dimensional CNN (1D-CNN)-based approaches for various types of tabular data, which provides an end-to-end learning framework. We also propose two novel 1D-CNN-based models, i.e. a negative binomial CNN (NB-CNN) model for over-dispersed count data and a Cox-based CNN Self-Attention model for high-dimensional survival data. The predictive performance of the proposed method is evaluated by comparing it with existing ML/DL methods using four types of real tabular data, i.e. a binary response data with high dimensional features, over-dispersed count data, high-dimension survival data, and time-series data with substantial variability. The experimental results show that the proposed methods overall outperform existing ML/DL models. In particular, the NB-CNN achieves lower root mean squared error (RMSE) and higher coefficient of determination (R2) on over-dispersed count data than tree-based methods. Similarly, the Cox-based CNN Self-Attention model yields higher C-index values for high-dimensional survival tasks relative to state-of-the-art approaches.",https://ieeexplore.ieee.org/abstract/document/11263778/
224,Machine Learning for Risk Stratification in Acute Pancreatitis: Current Evidence and Future Perspectives,"Martyna Szczerbakow, Adam Filip Płoński, Piotr Górski, Agnieszka Świdnicka-Siergiejko, Jarosław Daniluk",2026,"Abstract

Acute pancreatitis (AP) is one of the most common gastrointestinal diseases and is characterized by a highly variable clinical course ranging from mild self-limiting inflammation to severe disease associated with persistent organ failure and high mortality. Early risk stratification is essential for timely therapeutic decision-making and improved patient outcomes. Although conventional prognostic scoring systems remain widely used, their predictive performance is limited by moderate accuracy, delayed applicability and the requirement for numerous clinical or imaging parameters. Recent advances in artificial intelligence (AI) and machine learning (ML) have enabled the development of predictive models capable of integrating demographic, clinical, laboratory and imaging data to improve early outcome prediction. This review summarizes current evidence on the application of AI and ML in AP, focusing on the prediction of disease severity, organ failure, intensive care unit admission and mortality. We also discuss explainable AI approaches and the methodological strengths and limitations of existing models, including validation, calibration, overfitting and reproducibility. Finally, we highlight future perspectives, including multimodal AI, prospective clinical validation and regulatory considerations that should facilitate the safe integration of AI-based decision-support tools into routine clinical practice.",https://pmc.ncbi.nlm.nih.gov/articles/PMC13467293/
225,A systematic literature review on the application of artificial intelligence techniques for rock strength estimation,"Stephen Akosah, Ivan Gratchev, Solomon S. R. Gidigasu",31-Jul-25,"Abstract
This paper presents a systematic literature review on the prediction of unconfined compressive strength (UCS) and elastic modulus (E) with artificial intelligence (AI) models. The study categorises three essential parts: (1) a combination of physical and mechanical properties, (2) mechanical properties, and (3) physical properties as input parameters for AI models in estimating UCS and E. The review selection was based on search keywords using title-abstract, full-text, and keywords from Scopus and Web of Science online database libraries. A total of 131 peer-reviewed research articles published from 2014 to 2024 were critically reviewed to provide answers to research-related questions related to current advancements in the prediction of UCS and E with AI models. Among the AI technologies analysed, artificial neural networks (ANN) and ANN-based models stand out as the most used AI algorithms; other algorithms, including ANFIS, RF, SVM, and XGBoost model, have been used at significant levels in predicting UCS and E with high prediction accuracy of R2 greater 0.90 with minimum mean error margins. The ANN (24.7%), ANFIS (11.7%), and RF (7.6%) have been essentially employed in many research studies to predict rock strength. The study combined mechanical and physical properties with AI models at approximately 59%, and after that, mechanical properties at 23.6%. The efficiency of AI algorithms and their application is associated with the usage of data and input parameters. This review recommends future study gaps and places emphasis on integrating rock mechanics, physical laws (Mohr–Coulomb and Hoek–Brown failure criteria) and adaptive AI techniques to advance the adaptability and reliability in predicting rock strength and deformation characteristics.",https://link.springer.com/article/10.1007/s00521-025-11517-7
226,Liver Disease Prediction Using Hybrid Feature Selection: A Comparative Analysis of Machine Learning Models,Osman Eray,5-Jul-26,"Abstract

Liver disease represents a major global health burden, and early diagnosis is essential for reducing mortality. Machine learning (ML) approaches offer non-invasive alternatives to conventional diagnostics, yet existing studies on liver disease prediction often lack systematic feature selection, apply resampling before data splitting (introducing leakage), and report results from single train-test splits without statistical testing. This study proposes a Hybrid Feature Selection (HFS) framework combining Pearson-correlation-based redundancy elimination with a weighted Information Gain–Gain Ratio scoring function, integrated with SMOTE within a leakage-free pipeline. The framework is evaluated on two benchmarks—the Indian Liver Patient Dataset (ILPD, n = 583) and the BUPA Liver Disorders Dataset (n = 345)—across ten classifiers and ten independent train-test splits, with significance assessed via paired Wilcoxon signed-rank tests. On ILPD, the HFS + SMOTE pipeline produced statistically significant ROC-AUC improvements (p < 0.05) in five of ten classifiers and resolved majority-class collapse, raising mean Specificity from 0.00–0.33 to 0.61–0.92. A 2 × 2 ablation study confirmed that HFS and SMOTE contribute independently, with SMOTE driving the Specificity transformation and HFS reducing feature-space noise. Sensitivity analyses demonstrated robustness to the weighting parameter w and confirmed k = 6 as the optimal feature count. Replication on BUPA—which exhibits near-perfect class balance and no feature redundancy—produced a principled null result, confirming that the pipeline’s effectiveness is mechanistically linked to dataset characteristics. The HFS algorithm consistently identified four clinically meaningful core features (AST, ALT, Total Bilirubin, Age) across all runs, validated by SHAP and Permutation Importance stability analysis.",https://www.mdpi.com/2076-3417/16/13/6726
227,Ensemble Methods in Customer Churn Prediction: A Comparative Analysis of the State-of-the-Art,"Matthias Bogaert, Lex Delaere",24-Feb-23,"Abstract

In the past several single classifiers, homogeneous and heterogeneous ensembles have been proposed to detect the customers who are most likely to churn. Despite the popularity and accuracy of heterogeneous ensembles in various domains, customer churn prediction models have not yet been picked up. Moreover, there are other developments in the performance evaluation and model comparison level that have not been introduced in a systematic way. Therefore, the aim of this study is to perform a large scale benchmark study in customer churn prediction implementing these novel methods. To do so, we benchmark 33 classifiers, including 6 single classifiers, 14 homogeneous, and 13 heterogeneous ensembles across 11 datasets. Our findings indicate that heterogeneous ensembles are consistently ranked higher than homogeneous ensembles and single classifiers. It is observed that a heterogeneous ensemble with simulated annealing classifier selection is ranked the highest in terms of AUC and expected maximum profits. For accuracy, F1 measure and top-decile lift, a heterogenous ensemble optimized by non-negative binomial likelihood, and a stacked heterogeneous ensemble are, respectively, the top ranked classifiers. Our study contributes to the literature by being the first to include such an extensive set of classifiers, performance metrics, and statistical tests in a benchmark study of customer churn.",https://www.mdpi.com/2227-7390/11/5/1137
228,Unveiling Disparities in Beer Consumer Behavior and Key Drivers Across Regions in China,"Jiang Xie, Yiyuan Chen, Ruiyang Yin, Xin Yuan, Liyun Guo, Dongrui Zhao, Jinyuan Sun, Jinchen Li, Mengyao Liu, Baoguo Sun",6-Nov-25,"Abstract

Beer consumption behaviors within China exhibited significant regional heterogeneity. To elucidate the specific differences in beer consumer behaviors across different regions and their influencing factors, this study systematically analyzed the sensory preference characteristics of consumers in the Chinese beer market based on machine learning methods, and further revealed the core driving mechanisms influencing their consumption behaviors. By integrating consumer data from different regions, a comprehensive dataset was constructed encompassing sensory attribute evaluations (bitterness, malt flavor, hop aroma, smoothness of mouthfeel, foam characteristics, etc.) and other dimensional consumption behavior variables (brand, beer packaging, etc.). Utilizing an ensemble learning framework (LightGBM), Support Vector Machine (SVM), and decision tree models for feature mining, the study identified important factors influencing the consumption behaviors of Chinese beer consumers. Specifically, consumers in mature and upgrading markets placed greater emphasis on the overall drinking experience and drinkability when purchasing beer, whereas consumers in scale-dominant and mainstream competitive markets considered foam persistence, fineness, and light brown color as core quality indicators. Conversely, consumers in potential growth and emerging cultivation markets demonstrated strong brand orientation. This indicated that the factors influencing beer consumption behaviors varied significantly across regions. Through a data-driven paradigm, this study revealed the underlying regional mechanisms behind consumption decisions in different regional beer markets in China, providing a theoretical foundation and empirical support for cross-regional product customization, precision marketing, and resource optimization.",https://www.mdpi.com/2304-8158/14/21/3799
229,chemistry-europe.onlinelibrary.wiley.com,"H Yoon, JH Cho, WJ Ong, SY Kim",2026,"Abstract Photocatalytic water splitting has garnered immense interest as a sustainable pathway for clean hydrogen production by directly converting solar energy into chemical fuel. However, challenges related to intricate charge carrier dynamics, surface redox kinetics, and the vast search space for multicomponent catalysts continue to constrain the systematic development of efficient systems. Machine learning (ML) has emerged as a transformative tool to address these bottlenecks by enabling the accurate prediction of electronic properties, the identification of promising heterostructures, and the optimization of reaction conditions while reducing reliance on traditional trial‐and‐error methods. By capturing complex nonlinear correlations among structural descriptors and catalytic performance, ML facilitates the exploration of high‐dimensional design spaces that are essential for advancing solar‐to‐fuel conversion research. This review provides a comprehensive overview of how ML supports systematic materials innovation to realize stable and high‐efficiency systems for sustainable hydrogen evolution. As such, the integration of ML with experimental and theoretical methodologies is expected to establish a predictive and systematic framework for photocatalyst development, thereby accelerating progress toward scalable solar‐to‐hydrogen energy conversion.",https://chemistry-europe.onlinelibrary.wiley.com/doi/abs/10.1002/cptc.70239
230,Investigating U.S. Consumer Demand for Food Products with Innovative Transportation Certificates Based on Stated Preferences and Machine Learning Approaches,"Jingchen Bi, Rodrigo Mesa-Arango",2025,"Abstract

This paper utilizes a machine learning model to estimate the consumer's behavior for food products with innovative transportation certificates in the U.S. Building on previous research that examined demand for food products with supply chain traceability using stated preference analysis, transportation factors were identified as significant in consumer food purchasing choices. Consequently, a second experiment was conducted to pinpoint the specific transportation attributes valued by consumers. A machine learning model was applied, and five innovative certificates related to transportation were proposed: Transportation Mode, Internet of Things (IoT), Safety measures, Energy Source, and Must Arrive By Dates (MABDs). The preference experiment also incorporated product-specific and decision-maker factors for control purposes. The findings reveal a notable inclination toward safety and energy certificates within the transportation domain of the U.S. food supply chain. Additionally, the study examined the influence of price, product type, certificates, and decision-maker factors on purchasing choices. Ultimately, the study offers data-driven recommendations for improving food supply chain systems.",https://arxiv.org/abs/2511.04845
231,Are you a robot?,"P Naeiji, A Naeimi-Sadigh, K Peyvandi",2027,https://www.sciencedirect.com/science/article/pii/S0016236126028887,https://www.sciencedirect.com/science/article/pii/S0016236126028887
232,Machine learning analysis of carbon rebound effect dynamics and drivers in Chinese prefecture-level cities,"Shunyi Li, Xingxing Li",27-Oct-25,"Abstract
As global attention to climate change intensifies, China, as the world’s largest energy consumer and carbon emitter, faces the dual challenge of improving energy efficiency while the carbon rebound effect (CRE) counteracts efforts to reduce emissions. Based on panel data from Chinese prefecture-level cities from 2010 to 2021. It combines multiple linear regression with machine learning (ensemble and deep learning) to uncover the nonlinear drivers of CRE. Machine learning models capture high-dimensional interactions and threshold effects. SHAP values and ALE plots are employed to quantify the impact pathways of key variables, overcoming the limitations of traditional models. This study employs multiple linear regression, ensemble learning, and deep learning methods, combined with interpretable SHAP values and ALE charts, to systematically identify the core driving mechanisms behind the carbon rebound effect. The main conclusions of this paper are as follows: (1) The CRE exhibits an overall “M”-shaped fluctuation trend, with a spatial pattern of “East > Central > West” and “North > South”; (2) Machine learning models accurately identify DEI, HTD, ER, Water, and UIS2 as the key drivers of CRE. These factors also exhibit significant and consistent threshold effects. This study provides a scientific basis for the formulation of differentiated ecological policies.",https://www.nature.com/articles/s41598-025-21245-6
233,Advances in the Application of Machine Learning in Composite Materials,"Jinrong Shi, Yantao Gao, Zan Lu, Wenfeng Hu",8-Jan-26,"Abstract
Machine learning (ML) is revolutionizing the development and optimization of composite materials by enabling data-driven approaches for material design, manufacturing processes, and performance prediction. Widely applied in aerospace, automotive, defense, and biomedical engineering, composite materials require precise engineering to achieve targeted mechanical, thermal, and structural properties. Traditional methods, which rely heavily on extensive experimentation and expert knowledge, are often costly, time-consuming, and limited in simulating extreme conditions. ML techniques—including supervised, unsupervised, semi-supervised, and reinforcement learning—allow efficient analysis of complex datasets, pattern recognition, and accurate prediction of material behavior. This review summarizes recent advances in ML applications for composites, covering material design, process optimization, multiscale property prediction, and structural health monitoring. Case studies demonstrate significant improvements in property estimation, defect reduction, and manufacturing efficiency. Challenges such as high-dimensional data, overfitting, and model interpretability are discussed. Addressing these issues is critical for enabling AI-driven development of next-generation composites with enhanced performance, reliability, and sustainability.",https://link.springer.com/article/10.1007/s10443-025-10415-4
234,DASMcC: Data Augmented SMOTE Multi-Class Classifier for Prediction of Cardiovascular Diseases Using Time Series Features,"Nidhi Sinha, M. A. Ganesh Kumar, Amit M. Joshi, Linga Reddy Cenkeramaddi",2023,"Abstract

One of the leading causes of mortality worldwide is cardiovascular disease (CVD). Electrocardiography (ECG) is a noninvasive and cost-effective tool to diagnose the heart’s health. This study presents a multi-class classifier for the prediction of four different types of Cardiovascular Diseases, i.e., Myocardial Infarction, Hypertrophy, Conduction Disturbances, and ST-T abnormality using 12-lead ECG. There are four key steps involved in the presented work: data preprocessing, feature extraction, data preparation, and augmentation, and modelling for multi-class CVD classification. The sixteen-time domain augmented features are used to train the classifier. The work is divided into three parts: extracting the features from raw 12-lead ECG signals, data preparation and augmentation, and training, testing, and validating the classifier. A comparative study of the performance of five different classifiers (i.e., Random Forest (RF), K Nearest Neighbors (KNN), Gradient Boost, Adda Boost, and XG Boost has also been presented. Accuracy, precision, recall, and F1 scores are used for performance evaluation. Further, the Receiver Operating Curve (ROC) is traced, and the Area Under the Curve (AUC) is calculated to ensure the unbiased performance of the classifier. The application of the proposed classifier in the Smart Healthcare framework has also been discussed.",https://ieeexplore.ieee.org/abstract/document/10287352/
235,Machine learning in ARDS: an intensivist’s guide to artificial intelligence applications,"Romain Lombardi, Mihir Chaturvedi, Mathieu Jozwiak, Mayank Garg",13-Mar-26,"Abstract

Background
Acute Respiratory Distress Syndrome (ARDS) is a heterogeneous, life-threatening condition with persistent diagnostic uncertainty, limited causal treatments, and high mortality in intensive care. ARDS management remains largely supportive, and conventional scores and trial designs have struggled to account for its biological and clinical heterogeneity.

Objective
This narrative review summarizes current and emerging applications of Artificial Intelligence (AI) in ARDS and mechanical ventilation. It focuses on how Machine Learning (ML) can refine early risk prediction, diagnosis, phenotyping, management and outcome prediction, while outlining the strengths, weaknesses and nuances of these applications.
Findings
ML models using electronic health records, imaging, physiological waveforms and omics data show strong performance for predicting ARDS onset, enabling early diagnosis, optimising management and forecasting outcomes. These models show performance equivalent to and often outperform traditional guidelines and scores. However, most of these models remain limited to the research setting and show limited clinical adoption.
Challenges
Most studies are retrospective, single-center and lack rigorous external validation, limiting generalizability and real-world impact. Additional challenges include data quality and bias, poor calibration and scarce decision-curve analyses, limited interpretability, and the absence of prospective trials demonstrating that AI-guided strategies improve patient-centered outcomes.

Conclusion
ML has substantial potential to advance precision medicine in ARDS by enabling predictive and prognostic enrichment and supporting personalized ventilatory care. Its safe and equitable deployment, however, requires standardized methodology, transparent reporting, multicenter prospective validation, and clinician-led governance to ensure that AI augments rather than replaces expert clinical judgment.",https://link.springer.com/article/10.1186/s13054-026-05928-8
236,MAKİNE ÖĞRENMESİ YÖNTEMLERİYLE KALP HASTALARININ SAĞKALIM TAHMİNİ,"F AZİZOĞLU, H TAKCI",2023,https://dataiml.com.tr/web/documents/fatmaazizogluTez.pdf,https://dataiml.com.tr/web/documents/fatmaazizogluTez.pdf
237,Artificial intelligence for the understanding of electrolyte chemistry and electrode interface in lithium battery,"Y Chen, Y Liu, Z He, L Xu, P Yu, Q Sun, W Li…",2023,"Abstract Recognizing the critical role of electrolyte chemistry and electrode interfaces in the performance and safety of lithium batteries, along with the urgent need for more sophisticated methods of analysis, this comprehensive review underscores the promise of machine learning models in this research field. It explores the application of these innovative methods to studying battery interfaces, particularly focusing on lithium metal anodes. Amid the limitations of traditional experimental techniques, the review supports a hybrid approach that couples experimental and simulation methods, enabling granular insights into the formation process and characteristics of battery interfaces at the molecular level and harnessing AI to extract patterns from voluminous data sets. It showcases the utility of such techniques in electrolyte design and battery life prediction and introduces a novel perspective on battery interface mechanisms. The review concludes by asserting the potential of artificial intelligence (AI) or machine learning models as invaluable tools in the future of battery research and highlights the importance of fostering confidence in these technologies within the scientific community.",https://www.sciengine.com/parse/pdf/2097-1168/312190E277F24511A17C7DEF261B872E.pdf
238,Machine learning in ARDS: an intensivist’s guide to artificial intelligence applications,"Romain Lombardi, Mihir Chaturvedi, Mathieu Jozwiak, Mayank Garg",13-Mar-26,"Abstract

Background
Acute Respiratory Distress Syndrome (ARDS) is a heterogeneous, life-threatening condition with persistent diagnostic uncertainty, limited causal treatments, and high mortality in intensive care. ARDS management remains largely supportive, and conventional scores and trial designs have struggled to account for its biological and clinical heterogeneity.

Objective
This narrative review summarizes current and emerging applications of Artificial Intelligence (AI) in ARDS and mechanical ventilation. It focuses on how Machine Learning (ML) can refine early risk prediction, diagnosis, phenotyping, management and outcome prediction, while outlining the strengths, weaknesses and nuances of these applications.
Findings
ML models using electronic health records, imaging, physiological waveforms and omics data show strong performance for predicting ARDS onset, enabling early diagnosis, optimising management and forecasting outcomes. These models show performance equivalent to and often outperform traditional guidelines and scores. However, most of these models remain limited to the research setting and show limited clinical adoption.
Challenges
Most studies are retrospective, single-center and lack rigorous external validation, limiting generalizability and real-world impact. Additional challenges include data quality and bias, poor calibration and scarce decision-curve analyses, limited interpretability, and the absence of prospective trials demonstrating that AI-guided strategies improve patient-centered outcomes.

Conclusion
ML has substantial potential to advance precision medicine in ARDS by enabling predictive and prognostic enrichment and supporting personalized ventilatory care. Its safe and equitable deployment, however, requires standardized methodology, transparent reporting, multicenter prospective validation, and clinician-led governance to ensure that AI augments rather than replaces expert clinical judgment.",https://scholarlypublications.universiteitleiden.nl/access/item%3A4307189/download
239,Are you a robot?,"A Ramos-Casallas, A Cardona-Mendoza…",2025,https://www.sciencedirect.com/science/article/pii/S0959804925005544,https://www.sciencedirect.com/science/article/pii/S0959804925005544
240,Machine Learning Approach for Predicting Systemic Lupus Erythematosus in Oman-based Cohort,"Al-Shareedah, Al-Hassan Satii Mustafa",2023,"Abstract

Explore millions of resources from scholarly journals, books, newspapers, videos and more, on the ProQuest Platform.",https://search.proquest.com/openview/649c1da87abc5ad7a3151fda234720d0/1?pq-origsite=gscholar&cbl=2026366&diss=y
241,Progress and perspectives on genomic selection models for crop breeding,"Dongfeng Zhang, Feng Yang, Jinlong Li, Zhongqiang Liu, Yanyun Han, Qiusi Zhang, Shouhui Pan, Xiangyu Zhao, Kaiyi Wang",2025,"Abstract

Genomic selection, a molecular breeding technique, is playing an increasingly important role in improving the efficiency of artificial selection and genetic gain in modern crop breeding programs. A series of algorithms have been proposed to improve the prediction accuracy of genomic selection. In this review, we describe emerging genomic selection techniques and summarize methods for best linear unbiased prediction and Bayesian estimation of the traditional statistics used for prediction during genomic selection. Moreover, with the rapid development of artificial intelligence, several machine learning algorithms are increasingly being employed to capture the effects of more genes to further improve prediction accuracy, which we describe in this review. We also describe the advantages and disadvantages of traditional models and machine learning models and discuss several crucial factors that could affect prediction accuracy. We propose that additional artificial intelligence techniques will be required for big data management, feature processing, and model innovation to generate a comprehensive model to optimize the prediction accuracy of genomic selection. We believe that improvements in artificial intelligence could accelerate the arrival of Breeding 4.0, in which combining any known alleles into optimal combinations in crops will be fully customizable.",https://www.maxapress.com/article/doi/10.48130/tia-0025-0002?viewType=HTML
242,A Survey of Machine Learning Methodologies for Loan Evaluation in Peer-to-Peer (P2P) Lending,"Yan Wang, Xuelei Sherry Ni",5-Jun-23,"Abstract
In the peer-to-peer (P2P) lending market, borrowers apply for a loan through a virtual platform and get money from investors if they meet certain criteria. Meanwhile, investors lend money to certain borrowers and possibly earn the profit generated by the interest rate. Compared with the traditional banking system, P2P lending has a lower operating cost and a faster approval process, which makes it a major competitor to the traditional banking system.
However, P2P loans are not insured so investors need to tolerate the risk of a financial loss if the borrower defaults on the loan. Over the last decade, numerous studies have been carried out to investigate how machine learning techniques can be utilized to help investors evaluate P2P loans, thereby guiding them to make low-risky and highly profitable investment decisions.
This chapter intends to first review the development, business model, and various platforms of P2P lending. Then we provide a comprehensive overview of various loan evaluation approaches, with a focus on the application of machine learning methodologies in P2P lending. At the end of the chapter, we discuss the potential challenges that the P2P market may confront in the future to provide research directions for future researchers.",https://link.springer.com/chapter/10.1007/978-3-031-36570-6_1
243,Machine Learning-Driven Non-Invasive Prediction of Liver Fibrosis in Unclassified Liver Disease,"Ye Yang, Yirui Hu, Yue Chen, Huikuan Chu, See PDF",2025,https://papers.ssrn.com/sol3/papers.cfm?abstract_id=5852117,https://papers.ssrn.com/sol3/papers.cfm?abstract_id=5852117
244,Geospatial XAI: A Review,"Cédric Roussel, Klaus Böhm",31-Aug-23,"Abstract

Explainable Artificial Intelligence (XAI) has the potential to open up black-box machine learning models. XAI can be used to optimize machine learning models, to search for scientific findings, or to improve the understandability of the AI system for the end users. Geospatial XAI refers to AI systems that apply XAI techniques to geospatial data. Geospatial data are associated with geographical locations or areas and can be displayed on maps. This paper provides an overview of the state-of-the-art in the field of geospatial XAI. A structured literature review is used to present and discuss the findings on the main objectives, the implemented machine learning models, and the used XAI techniques. The results show that research has focused either on using XAI in geospatial use cases to improve model quality or on scientific discovery. Geospatial XAI has been used less for improving understandability for end users. The used techniques to communicate the AI analysis results or AI findings to users show that there is still a gap between the used XAI technique and the appropriate visualization method in the case of geospatial data.",https://www.mdpi.com/2220-9964/12/9/355
245,Exploring data augmentation techniques for advancing emotion recognition in text - An ANOVA-RFE fusion approach with emotion fusion ensemble,"Nirmal Varghese Babu, E. Grace Mary Kanaga",2025,"Abstract

Emotion recognition in text is a complex challenge essential for enhancing human-computer interaction. This study introduces an advanced system utilizing the EmoBank dataset, which contains text annotated with six basic emotions from diverse sources like social media, narratives, news articles, and movie scripts, ensuring accurate labeling through automated algorithms and manual annotation. Extensive preprocessing techniques, including tokenization, lowercasing, stop words removal, stemming, lemmatization, punctuation removal, handling special characters and numbers, text normalization, and encoding, prepare the text for analysis. Data augmentation methods such as random insertion, deletion, swapping, synonym replacement, and leveraging Large Language Models (LLMs) like GPT-3, BERT, and RoBERTa enrich the dataset. Feature extraction combines word embeddings with self-attention mechanisms to capture contextual and semantic information. The ANOVA-RFE Fusion technique is applied for feature selection, while the Emotion Fusion Ensemble (EFE) method enhances classification by combining Random Forest, Gradient Boosting, AdaBoost, XGBoost, Extra Trees, SVM, and K-NN. Systematic experimentation and hyperparameter tuning using grid search validate the system's performance. Notably, the combination of GPT-3+WE+ANOVA-RFE+EFE achieved 89% accuracy before tuning and 94% after tuning. This research underscores the critical role of integrated processing, augmentation, and ensemble learning in advancing emotion recognition, suggesting future exploration of emerging language models, novel augmentation techniques, and domain specific adaptations for developing more accurate and robust systems.",https://journals.sagepub.com/doi/abs/10.1177/1088467X251325354
246,Analysis of the shale gas production prediction model based on machine learning using productivity factors,"DY Lee, HJ Shin, JS Lim",2024,"Abstract

Owing to the uncertainties caused by complex flow mechanisms in shale gas reservoirs, production prediction using machine learning has recently been performed. However, efficiently collecting and analyzing production-related factors is difficult. In this study, the productivity factors of different criteria were identified using feature selection, and gas production was predicted using the selected factors in various machine learning models. The error rate improved when productivity factors such as total fluid, measured depth, and lower perforation based on the filter method were applied to the random forest model. In addition, the potential for extending the proposed feature selection process and machine learning algorithms in Marcellus Shale was identified, and a reliable production prediction was expected to be possible by utilizing limited variables even at the sites where production information was difficult to obtain.",https://www.jksmer.or.kr/articles/pdf/J2WK/ksmer-2024-061-02-3.pdf
247,Comparing the Artificial Intelligence Detection Models to Standard Diagnostic Methods and Alternative Models in Identifying Alzheimer’s Disease in At-Risk or Early Symptomatic Individuals: A Scoping Review,"Babu Britty, Parvathy Gauri, Mohideen Bawa Fathima S, Gill, Gurnoor S, Patel Jeeya",2024,"Abstract

Explore millions of resources from scholarly journals, books, newspapers, videos and more, on the ProQuest Platform.",https://search.proquest.com/openview/c18c9a695e16e0ccdaeba865bb869b2c/1?pq-origsite=gscholar&cbl=2045583
248,www.cell.com,"I Essamlali, H Nhaila, M El Khaili",2024,https://www.cell.com/heliyon/fulltext/S2405-8440(24)03951-3,https://www.cell.com/heliyon/fulltext/S2405-8440(24)03951-3
249,The association between social risk profile and self-reported severe headache or migraine with all-cause mortality risk: A machine learning-based prediction model and interpretability analysis,"Mengjie Zhao, Jing Cao, Zirong Li, Fang Lu, Qiuyan Li",2026,"Abstract

Objective
                    Social risk factors are key determinants of migraine occurrence and progression. This study assessed the association between the social risk profile (SRP) and the prevalence of self-reported severe headache or migraine and all-cause mortality in US adults, and developed machine learning prediction models to explore feature contributions to internal risk stratification.
                  
                  
                    

Methods
                    Using data from the National Health and Nutrition Examination Survey (NHANES) 1999–2004, weighted multivariate logistic regression evaluated the SRP–migraine association, and a weighted Cox proportional hazards model assessed the influence of SRP on all-cause mortality among migraine patients. The Boruta and Lasso algorithms selected predictive features for nine machine learning classifiers to predict migraine risk and four survival models to assess mortality risk. SMOTE was applied within cross-validation folds to address class imbalance. SHAP values were utilized to identify the most critical features.
                  
                  
                    

Results
                    Among 11,861 participants, 2,355 self-reported severe headache or migraine; 2,351 were included in the mortality analysis after excluding 4 individuals with missing survival status. Over a median follow-up of 206 months (IQR: 187–224), 471 deaths occurred. Higher SRP scores were associated with lower migraine prevalence (OR = 0.44, 95% CI: 0.34–0.57) and lower all-cause mortality (HR = 0.31, 95% CI: 0.19–0.50). XGBoost achieved the best performance for migraine prediction (AUC = 0.732, 95% CI: 0.712–0.753), while Random Survival Forest performed best for mortality prediction (AUC = 0.882). SHAP analysis identified age, SRP, and cotinine as key predictors. Decision curve and calibration analyses demonstrated acceptable internal performance, supported by ten-fold cross-validation.
                  
                  
                    

Conclusion
                    SRP is an independent predictor of migraine risk and long-term survival. The machine learning analysis provides exploratory insights into feature importance for risk stratification within the development sample, while the regression-based association estimates support the epidemiological significance of social determinants in migraine.",https://journals.sagepub.com/doi/abs/10.1177/20552076261465582
250,Machine learning based prediction of warfarin optimal dosing for African American patients,"Ashkan Sharabiani, Houshang Darabi, Adam Bress, Larisa Cavallari, Edith Nutescu, Katarzyna Drozda",2013,"Abstract

This paper proposes a new model for predicting the optimal warfarin dosing for African American patients. The prediction model is created using the multivariable regression method. The accuracy of dosing prediction is directly related to patient's safety. We show that the proposed model has better accuracy compare to all other available prediction methods for optimal dosing of warfarin.",https://open.uct.ac.za/items/289f5fa1-b4a0-4505-b2ce-0abe5d9a1f81
251,Enhancing cardiovascular disease prediction: a domain knowledge-based feature selection and stacked ensemble machine learning approach,"Z Rustamov, J Rustamov, N Zaki, S Turaev…",2023,"Abstract

Cardiovascular diseases (CVDs) are prevalent disorders affecting the heart or blood arteries. Early disease detection signicantly enhances survival prospects, thus emphasizing the necessity for accurate prediction methods. Emerging technologies, such as machine learning (ML), present promising avenues for more precise prediction of CVDs. However, a critical challenge lies in developing models that not only ensure optimal predictive performance but also conform to well-established domain knowledge, thereby enhancing their credibility. Single classiers often fall short due to issues like overtting and bias. In response, this study proposes a domain knowledge-based feature selection integrated with a stacking ensemble classier. The Framingham Heart Study, UCI Heart Disease and UAE retrospective cohort study datasets were utilized for training and evaluation of the ML algorithms. The results indicate that the proposed domain knowledge-based feature selection performs on par with frequently adopted feature selection techniques. Moreover, the proposed stacked ensemble, in conjunction with domain knowledgebased feature selection, achieved the highest metrics with 89.66% accuracy, and 89.16% F1-score on the Framingham dataset. Similarly, the proposed method achieved an F1-score of 85.26% and 96.23% on the UCI Heart Disease and UAE datasets. Furthermore, this study employs explainable AI techniques to illuminate the decision-making process of the predictive models. Thus, the study establishes that domain knowledge-based feature selection promotes the credibility of ML models without compromising predictive performance.",https://assets-eu.researchsquare.com/files/rs-3068941/v1/945cd2f8-fed8-4be2-858c-3f5fa056d105.pdf
252,Explainable AI for clinical and remote health applications: a survey on tabular and time series data,"Flavio Di Martino, Franca Delmastro",26-Oct-22,"Abstract
Nowadays Artificial Intelligence (AI) has become a fundamental component of healthcare applications, both clinical and remote, but the best performing AI systems are often too complex to be self-explaining. Explainable AI (XAI) techniques are defined to unveil the reasoning behind the system’s predictions and decisions, and they become even more critical when dealing with sensitive and personal health data. It is worth noting that XAI has not gathered the same attention across different research areas and data types, especially in healthcare. In particular, many clinical and remote health applications are based on tabular and time series data, respectively, and XAI is not commonly analysed on these data types, while computer vision and Natural Language Processing (NLP) are the reference applications. To provide an overview of XAI methods that are most suitable for tabular and time series data in the healthcare domain, this paper provides a review of the literature in the last 5 years, illustrating the type of generated explanations and the efforts provided to evaluate their relevance and quality. Specifically, we identify clinical validation, consistency assessment, objective and standardised quality evaluation, and human-centered quality assessment as key features to ensure effective explanations for the end users. Finally, we highlight the main research challenges in the field as well as the limitations of existing XAI methods.",https://link.springer.com/article/10.1007/s10462-022-10304-3
253,www.cell.com,"MN Asim, MA Ibrahim, T Asif, A Dengel",2025,https://www.cell.com/heliyon/fulltext/S2405-8440(24)17519-6,https://www.cell.com/heliyon/fulltext/S2405-8440(24)17519-6
254,onlinelibrary.wiley.com,"R GUDUR, M NIMBARTE",2026,https://onlinelibrary.wiley.com/doi/abs/10.1002/9781394452224.ch4,https://onlinelibrary.wiley.com/doi/abs/10.1002/9781394452224.ch4
255,Applying Artificial Intelligence to Childhood Obesity: T2DM and MASLD Risk Predictive Models,"Marianna Amitrano, Gianluca Mondillo, Mario Emiliano, Umberto Paolo Santoro",11-Aug-26,"Abstract

Pediatric obesity is a complex, multifactorial pandemic with serious early-onset comorbidities, including prediabetes, type 2 diabetes, metabolic dysfunction-associated steatotic liver disease (MASLD), and cardiovascular disorders. While lifestyle modifications and the Mediterranean diet remain primary interventions, artificial intelligence (AI) is emerging as a critical tool for early diagnosis and personalized management. This review evaluates the current role of AI in predicting and treating childhood obesity and its complications. A literature search was conducted on PubMed and Google Scholar for English-language articles published from 2015 onward. Search terms included combinations of keywords related to “obesity”, “pediatric”, “comorbidities” (e.g., MASLD, diabetes), and “artificial intelligence” (e.g., machine learning, deep learning, multi-omics). Eligible study types ranged from original articles to systematic reviews and clinical guidelines. By integrating multi-omic data (genome, epigenome, transcriptome, metabolome, microbiota) with socio-psychological metrics, AI can predict obesity risk and early complications. Machine learning (ML) and deep learning have successfully identified specific metabolites, gut flora alterations, neurological pathways, and metabolic SNPs linked to obesity susceptibility. Furthermore, ML-driven prognostic models enable risk assessment for MASLD or diabetes progression, while specialized software supports remote lifestyle monitoring and tailored dietary interventions. AI has the potential to revolutionize pediatric obesity management through precision medicine. However, challenges regarding data privacy, digital literacy, and equitable access persist. Because current evidence relies heavily on limited and heterogeneous pediatric datasets, large-scale, well-characterized, and externally validated cohorts are essential to establish the clinical applicability of AI models before routine implementation.",https://www.mdpi.com/2075-4418/16/16/2533
256,LncSL: A Novel Stacked Ensemble Computing Tool for Subcellular Localization of lncRNA by Amino Acid-Enhanced Features and Two-Stage Automated Selection Strategy,"Lun Zhu, Hong Chen, Sen Yang",23-Dec-24,"Abstract

Long non-coding RNA (lncRNA) is a non-coding RNA longer than 200 nucleotides, crucial for functions like cell cycle regulation and gene transcription. Accurate localization prediction from sequence information is vital for understanding lncRNA’s biological roles. Computational methods offer an effective alternative to traditional experimental methods for annotating lncRNA subcellular positions. Existing machine learning-based methods are limited and often overlook regions with coding potential that affect the function of lncRNA. Therefore, we propose a new model called LncSL. For feature encoding, both lncRNA sequences and amino acid sequences from open reading frames (ORFs) are employed. And we selected the most suitable features by CatBoost and integrated them into a new feature set. Additionally, a voting process with seven feature selection algorithms identified the higher contributive features for training our final stacked model. Additionally, an automatic model selection strategy is constructed to find a better performance meta-model for assembling LncSL. This study specifically focuses on predicting the subcellular localization of lncRNA in the nucleus and cytoplasm. On two benchmark datasets called S1 and S2 datasets, LncSL outperformed existing methods by 6.3% to 12.3% in the Matthew’s correlation coefficient on a balanced test dataset. On an unbalanced independent test dataset sourced from S1, LncSL improved by 4.7% to 18.6% in the Matthew’s correlation coefficient, which further demonstrates that LncSL is superior to other compared methods. In all, this study presents an effective method for predicting lncRNA subcellular localization through enhancing sequence information, which is always overlooked by traditional methods, and addressing contributive meta-model selection problems, which can offer new insights for other bioinformatics problems.",https://www.mdpi.com/1422-0067/25/24/13734
257,Comparative Analysis of Polygon-Based and Global Machine Learning Models for Bus Occupancy Prediction,"Daniel Azenkot, Michael Fire, Eran Ben Elia",2026,"Abstract

Accurate forecasting of bus ridership (passengers numbers) is crucial for efficient management and optimization of public transport systems. Traditional forecasting models often fail to capture the unique and localized dynamics of different urban areas by treating the entire city as a single, homogeneous region. This paper introduces a novel framework that enhances bus ridership prediction by integrating a spatial clustering methodology with multi-dimensional feature analysis. The proposed framework utilizes a diverse set of data, including bus ridership data (by route number, time, and bus stop) complemented by a variety of open source data, such as spatial features (e.g., attractive destinations), meteorological conditions (e.g., temperature, rainfall), and temporal patterns (e.g., time of day, day of week). By clustering the urban area into distinct regions, based on the principle that bus stops in close proximity share similar ridership characteristics, a separate local forecasting model is trained for each of these clusters. This localized approach demonstrates an accuracy comparable to that of global models. The findings suggest that a spatially-aware, localized modeling strategy is effective for public transport prediction, paving the way for more targeted and efficient service improvements.",https://arxiv.org/abs/2605.00083
258,Machine Learning Models for Cancer Research: A Narrative Review of Bulk RNA-Seq Applications,"Elena A. Pudova, Vladislav S. Pavlov, Zulfiya G. Guvatova, Maria S. Fedorova, Petr V. Shegai, Anna V. Kudryavtseva, Anastasiya V. Snezhkina",16-Dec-25,"Abstract

Integrating the advantages of machine learning with the rapidly accumulating high-throughput sequencing data facilitates our capacity for biological discovery and the advancement of molecular medicine. In recent years, bulk RNA-seq technology has established itself as a cost-effective and widely used method for obtaining complete transcriptome profiles of test samples, enabling the identification of key cancer-associated expression patterns. Various machine learning algorithms, in turn, enable the development of informative diagnostic and prognostic models, ensuring the efficient processing of high-dimensional RNA-Seq data. The convergence of these methods shows great promise for oncology. In this narrative review, we describe bulk RNA-Seq-based ML models in oncology as a complete workflow from data preprocessing to model validation. We provide practical recommendations for algorithm selection and study design, and discuss bulk RNA-Seq deconvolution as a cost-effective alternative to single-cell RNA-Seq for analyzing tumor cellular composition. These insights offer a practical guide for developing reproducible diagnostic and prognostic models with translational potential.",https://www.mdpi.com/1422-0067/26/24/12081
259,Machine learning model predicting new-onset acute kidney injury in fulminant myocarditis,"Yongsheng Qu#, Xin Zheng#, Jingjing Zhang",2026,"Abstract

Aim: To develop and validate a SHapley additive exPlanations (SHAP)-interpretable machine learning (ML) model for predicting new-onset Acute kidney injury (AKI) after coronary care unit (CCU) admission in patients with Fulminant myocarditis (FM).

Methods: This retrospective cohort study included 157 consecutive patients with FM admitted to the CCU of Fuwai Central China Cardiovascular Hospital between January 2018 and January 2026. Admission clinical data were used for model development and internal validation. ML models were constructed, with feature selection and model optimization performed within the mlr3 framework.

Results: New-onset AKI occurred in 36.9% of patients after CCU admission. Among the evaluated models, logistic regression showed the best overall performance, with an area under the receiver operating characteristic curve of 0.87 and good calibration. Internal validation using 1,000 bootstrap resampling iterations confirmed the robustness of model discrimination, calibration, and clinical utility. Sensitivity analyses further supported the stability of the findings. SHAP analysis identified mechanical ventilation as having the greatest relative impact on model predictions, followed by anion gap, chloride, total bilirubin, pulmonary infection, and urea. Based on these six predictors, a nomogram was developed for individualized estimation of AKI risk.

Conclusion: A six-variable bedside prediction model demonstrated good discrimination and calibration for predicting new-onset AKI after CCU admission in patients with FM. The model may assist early risk stratification and support renal-protective management. Given the retrospective observational design, the selected predictors should be interpreted as predictive markers rather than causal determinants of AKI.",https://www.oaepublish.com/articles/jca.2026.28
260,"Data mining, cleaning, feature extraction, and machine learning approaches for big data in electronic health records : liver cancer risk factor analysis and model explainability","Eleftheria Georgia Kouremenou, Ελευθερία Γεωργία Κουρεμένου",2023,"Abstract

The integration of machine learning (ML) and big data analytics into mining operations is transforming the industry by improving decision-making, optimizing resource management, and enhancing overall operational efficiency. Data-driven approaches enable mining companies to leverage vast amounts of operational data to predict failures, monitor equipment health, optimize mine planning, and reduce environmental impacts. This article explores the applications of machine learning and big data in mining, presenting various case studies and examining the future potential of these technologies in improving safety, productivity, and sustainability in the mining sector.",https://dione.lib.unipi.gr/xmlui/handle/unipi/15692
261,Machine Learning im Retourenmanagement,H Kahraman,2023,https://opus4.kobv.de/opus4-hs-duesseldorf/frontdoor/deliver/index/docId/4126/file/DBE-Arbeitspapier-23-02.pdf,https://opus4.kobv.de/opus4-hs-duesseldorf/frontdoor/deliver/index/docId/4126/file/DBE-Arbeitspapier-23-02.pdf
262,onlinelibrary.wiley.com,"Y Xian, C Li, Y Xu, Y Zhou, D Xue",2025,"Abstract ABSTRACT
Artificial intelligence (AI) is revolutionizing sustainable materials science, yet a comprehensive and timely evaluation of the rapidly evolving AI techniques applied across the entire materials lifecycle remains lacking. This work reviews AI‐driven advances in sustainable materials, specifically focusing on battery materials, thermal management materials, energy conversion materials, and catalysts. The key patterns, capabilities, and limitations of AI are identified across three interconnected phases: sustainable materials design (leveraging predictive and generative models for accelerated discovery), green processing (integrating adaptive synthesis optimization and autonomous experimentation), and extending to lifecycle management (encompassing real‐time monitoring, predictive maintenance, and intelligent recycling). Then, the persistent challenges, including data sparsity, domain‐specific knowledge integration, and limited model generalizability, are investigated, followed by an exploration of emerging solutions such as federated learning for privacy‐preserving data sharing, physics‐informed neural networks for knowledge integration, and multimodal AI for cross‐modal knowledge transfer. Finally, the computational sustainability challenges of AI methods themselves are also discussed. This review highlights key bottlenecks impeding scalable adoption and discuss pathways for realizing the full potential of AI in sustainable materials development.",https://onlinelibrary.wiley.com/doi/abs/10.1002/sus2.70030
263,"Artificial intelligence applications in delirium prediction, diagnosis, and management: a systematic review","Sirui Lv, Jianqiang Li, Hang He, Qing Zhao, Yinan Jiang",5-Jun-25,"Abstract
Delirium is a prevalent, acute, and reversible neuropsychiatric syndrome in elderly populations, notable for its high incidence and mortality rates, both of which impose a substantial burden on patient outcomes and healthcare systems. Currently, the detection of delirium primarily depends on clinical assessments performed by physicians, which poses challenges for less experienced clinicians in early identification of the condition. The application of artificial intelligence (AI) technologies to analyze large-scale data from delirium patients enables the identification and quantification of relevant delirium markers, thereby effectively assisting clinicians in the diagnosis, prediction, and monitoring of patient status. However, existing reviews on AI in the field of delirium exhibit several limitations, particularly regarding the comprehensive classification of existing studies. Current reviews often focus on a single type of data and often lack a systematic analysis of studies by data type. Most clinical models for delirium rely on electronic medical records, though physiological time-series data and imaging features also offer crucial biomarkers for the identification of delirium. This paper offers an overview of the medical foundation and recent technological advancements in delirium, aiming to establish a theoretical framework for novices. It systematically reviews the prediction, diagnosis, and management of delirium from a multi-source data perspective, enumerates relevant data sources and public databases, and examines various AI models used in this field, along with their advantages and limitations. Finally, this review addresses the challenges and emerging trends of AI in delirium, with the aim of elucidating key directions for future research and development.",https://link.springer.com/article/10.1007/s10462-025-11264-0
264,Prediction of the Behaviour from Discharge Points for Solid Waste Management,"Sergio De-la-Mata-Moratilla, Jose-Maria Gutierrez-Martinez, Ana Castillo-Martinez, Sergio Caro-Alvaro",24-Jun-24,"Abstract

This research investigates the behaviour of the Discharge Points in a Municipal Solid Waste Management System to evaluate the feasibility of making individual predictions of every Discharge Point. Such predictions could enhance system management through optimisation, improving their ecological and economic impact. The current approaches consider installations as a whole, but individual predictions may yield better results. This paper follows a methodology that includes analysing data from 200 different Discharge Points over a period of four years and applying twelve forecast algorithms found as more commonly used for these predictions in the literature, including Random Forest, Support Vector Machines, and Decision Tree, to identify predictive patterns. The results are compared and evaluated to determine the accuracy of individual predictions and their potential improvements. As the results show that the algorithms do not capture the individual Discharge Points behaviour, alternative approaches are suggested for further development.",https://www.mdpi.com/2504-4990/6/3/66
265,Materials Today Sustainability,"S Shafian, MN Husen, L Xie, K Kim",2026,"Abstract Searching the potential of promising double perovskite (DPs) hydride materials in the framework of efficient hydrogen storage solutions has, certainly, put into account a rational thought in the current scenario. The density functional theory (DFT) is employed to investigate structural, hydrogen storage, electronic, mechanical, optical, photocatalytic and thermoelectric characteristics of novel DPs hydride materials Li2YCuH6 and Na2YCuH6. The structural study predicts a cubic structure with the space group of 225 (Fm3m) along with optimized lattice parameters of 7.95 Å, 7.78 Å and 7.66 Å for Li2YCuH6 and 8.12 Å, 7.95 Å and 7.82 Å for Na2YCuH6 at 0,3,6 GPa. Both the materials are found to depict stability with negative formation energies. The quantified gravimetric ratio and desorption temperature are 3.51 wt% and 317.4 K for Li2YCuH6 while 2.96 wt% and 406.04 K for Na2YCuH6. The nature of indirect bandgap semiconductor is observed through band structure analysis with values of 1.12 eV, 1.03 eV and 0.91 eV for Li2YCuH6 whereas the values are 1.43 eV, 1.31 eV and 1.21 eV for Na2YCuH6 under varying pressure. The optical characteristics are also interrogated and show the appropriateness of the materials in UV range. On mechanical front, both the compounds depicted mechanical stability, and ductile character. Both compositions portrayed efficient thermoelectric characteristics with ZT value of approximately 0.74 at 800 K. For photocatalytic analysis, band alignment and pressure-dependent band gap behavior suggest that both Li2YCuH6 and Na2YCuH6 are more favorable for oxidation processes rather than hydrogen production. There are at least twofold advances in our outcomes, first to expand the scope to explore new avenues in other perovskite hydride materials especially in terms of enhanced hydrogen storage capacity second, it might be feasible to develop better design and experimental production of materials to be used in the utilization of hydrogen storage.",https://www.researchgate.net/profile/Norshafidah-Binti-Abu-Shafian/publication/393729180_Predicting_high-performance_perovskite_solar_cells_using_AI-based_machine_learning_models/links/687748890d8ed26a9d5b57d9/Predicting-high-performance-perovskite-solar-cells-using-AI-based-machine-learning-models.pdf
266,Machine Learning for Precipitation Forecasts Postprocessing: Multimodel Comparison and Experimental Investigation,"Yuhang Zhang, Aizhong Ye",2021,"Abstract Obtaining high-quality quantitative precipitation forecasts is a key precondition for hydrological forecast systems. Due to multisource uncertainties (e.g., initial conditions, model structures, and parameters), raw forecasts are subject to systematic biases; hence, statistical postprocessing is often required to reduce these errors before the forecasts can proceed to hydrological applications. Machine learning (ML) algorithms are canonical statistical models, and they are diverse in type and variation. It is important to verify and compare their performance in the same scenario (e.g., precipitation postprocessing). In this paper, we conduct a large-scale comparison study for the major ML models with diverse model structures and regularization strategies as postprocessors for improving the quality of precipitation forecasts. Specifically, we compare the efficiency and effectiveness of 21 ML algorithms on solving this task. Daily reforecast precipitation with lead times up to 8 days from the Global Ensemble Forecast System and corresponding observations are employed to determine the usability of different models in the Yalong River basin in China. The performance of each model is validated by a group of carefully designed experiments and statistical metrics. The results reveal that improvements in model structures are more effective than regularization strategies. Among these algorithms, the optimized extra-trees regressor exhibits the best performance, effectively reducing overestimation and achieving the best skill in forecasting precipitation. Eleven ensemble members and a 3-day forward-rolling time window can be used as predictors to obtain the best model performance. The systematic experiments and findings also offer useful guidelines for other related studies.",https://journals.ametsoc.org/view/journals/hydr/22/11/JHM-D-21-0096.1.xml
267,AI in Childbirth and Emerging Alternatives to Traditional Fertility Treatments,"Vandana Bhatia, Anjali Chandel, Yavnika Minhas, Aditya Rattan, Swati Rana",2-Mar-26,"Abstract
Artificial Intelligence (AI) is revolutionizing reproductive medicine by enhancing fertility treatments, childbirth monitoring, and postnatal care. AI-driven technologies, including machine learning (ML), natural language processing (NLP), and robotic-assisted surgery, improve diagnostic accuracy, optimize treatment plans, and support clinical decision-making in assisted reproductive technology (ART). While AI has demonstrated significant potential, challenges such as ethical concerns, data privacy risks, algorithmic biases, and regulatory uncertainties remain critical barriers to widespread adoption in reproductive healthcare. This chapter explores the role, advancements, and challenges of AI in reproductive medicine, highlighting its impact on fertility, pregnancy, and postnatal care. A comprehensive analysis of AI applications in reproductive healthcare, including embryo selection, sperm and oocyte quality assessment, ovulation tracking, prenatal diagnostics, labor monitoring, and postpartum depression detection. AI aids in early detection of obstetric complications, optimizes neonatal care in intensive care units (NICUs), and enhances fertility treatments through predictive analytics. AI-driven virtual assistants support maternal health, while machine learning-based tools improve diagnostic precision and clinical decision-making. Addressing ethical and regulatory concerns is essential for equitable AI integration in reproductive medicine. Future advancements require interdisciplinary collaboration, standardized validation through randomized controlled trials, and responsible AI deployment to enhance patient outcomes while maintaining clinical expertise and ethical integrity.",https://link.springer.com/article/10.1007/s43032-026-02052-4
268,Machine learning-driven cancer diagnostics with improved robustness and interpretability,"P Li, Z Liu",2026,Abstract This perspective introduces machine learning-driven approaches for cancer diagnostics and discusses how they enhance robustness and interpretability in assay optimization and multiscale data analysis.,https://pubs.rsc.org/sc/article-abstract/doi/10.1039/d6sc02368a/1261139
269,Using Machine Learning Techniques to Discover Novel Thermoelectric Materials,"Ebrar Yildirim, Övgü Ceyda Yelgel",2023,"Abstract

Thermoelectric materials can be utilized to build devices that convert waste heat to power or vice versa. In the literature, the best-known thermoelectrics, however, are based on rare, costly or even hazardous materials, limiting their general usage. New types of effective thermoelectric materials are thus required to enable worldwide deployment. Although theoretical models of transport characteristics can aid in the creation of novel thermoelectrics, they are currently too computationally costly to be used simply for high-throughput screening of all conceivable candidates in the wide chemical space. Machine learning (ML) has been viewed as a promising technique to aid materials design/discovery because of its quick inference time. In this book chapter, we provide the whole workflow for machine learning applications to the identification of novel thermoelectric materials, predicting electrical and thermal transport properties and optimizing processes for materials and structures using cutting-edge ML methods.",https://www.intechopen.com/chapters/1167790
270,Meta-2OM: A multi-classifier meta-model for the accurate prediction of RNA 2′-O-methylation sites in human RNA,"Md. Harun-Or-Roshid, Nhat Truong Pham, Balachandran Manavalan, Hiroyuki Kurata",2024,"Abstract
2′-O-methylation (2-OM or Nm) is a widespread RNA modification observed in various RNA types like tRNA, mRNA, rRNA, miRNA, piRNA, and snRNA, which plays a crucial role in several biological functional mechanisms and innate immunity. To comprehend its modification mechanisms and potential epigenetic regulation, it is necessary to accurately identify 2-OM sites. However, biological experiments can be tedious, time-consuming, and expensive. Furthermore, currently available computational methods face challenges due to inadequate datasets and limited classification capabilities. To address these challenges, we proposed Meta-2OM, a cutting-edge predictor that can accurately identify 2-OM sites in human RNA. In brief, we applied a meta-learning approach that considered eight conventional machine learning algorithms, including tree-based classifiers and decision boundary-based classifiers, and eighteen different feature encoding algorithms that cover physicochemical, compositional, position-specific and natural language processing information. The predicted probabilities of 2-OM sites from the baseline models are then combined and trained using logistic regression to generate the final prediction. Consequently, Meta-2OM achieved excellent performance in both 5-fold cross-validation training and independent testing, outperforming all existing state-of-the-art methods. Specifically, on the independent test set, Meta-2OM achieved an overall accuracy of 0.870, sensitivity of 0.836, specificity of 0.904, and Matthew’s correlation coefficient of 0.743. To facilitate its use, a user-friendly web server and standalone program have been developed and freely available at http://kurata35.bio.kyutech.ac.jp/Meta-2OM and https://github.com/kuratahiroyuki/Meta-2OM.",https://journals.plos.org/plosone/article?id=10.1371/journal.pone.0305406
271,إطار هجين GBDT-DNN لتعزيز اتخاذ القرار القائم على البيانات في التعليم العالي,1-أ.أمل محمد حسن نوري. 2-أ.م.د/ فخري الدين سعيد,2026,"Abstract

لمعالجة القيود المرتبطة بالمقاربات التنبؤية التقليدية أحادية النموذج في التعليم العالي-مثل انخفاض الدقة، وضعف التعامل مع مجموعات البيانات الكبيرة، وضعف التنبؤ بالفئات الأقل تمثيلًا- طوّرت هذه الدراسة إطارًا هجينًا للتعلم الآلي يجمع بين أشجار القرار المعززة تدريجيًا (GBDT) والشبكات العصبية العميقة (DNN). وباستخدام مجموعة بيانات عامة تضم 4,424 طالبًا من التعليم العالي في البرازيل لتصنيف المخرجات الأكاديمية (انسحاب، تخرج، أو استمرار في الدراسة)، يقوم مكوّن GBDT بتحسين اختيار الخصائص لضمان قابلية تفسير النموذج، بينما تلتقط الشبكة العصبية العميقة الأنماط المعقدة وغير الخطية في البيانات. وقد حقق الإطار الهجين GBDT-DNN دقة تنبؤية بلغت 95.8% ومتوسط F1-score كلي (macro-averaged) بلغ 0.95، متفوقًا بشكل ملحوظ على النماذج المرجعية بما في ذلك الانحدار اللوجستي، وآلة المتجهات الداعمة، والغابات العشوائية. وأظهرت اختبارات الصلابة الصارمة أن الإطار يحافظ على كفاءة تنبؤية عالية حتى في ظل البيانات المشوشة أو غير المكتملة، كما أظهر قدرة قوية على التوسع عند تقييمه مقابل زيادة عشرة أضعاف في حجم البيانات. علاوة على ذلك، أشار محاكاة سياسية عملية إلى أن استخدام هذا النموذج في التدخلات المستهدفة القائمة على البيانات يمكن أن يؤدي إلى تقليل معدل الانسحاب الطلابي بنسبة 3.9%. وبالتالي، يوفر هذا الإطار لصنّاع القرار في المؤسسات أداة دعم قرار موثوقة، قابلة للتوسع، وعملية، تساعد على تحسين تخصيص الموارد التعليمية، وتعزيز استراتيجيات الاحتفاظ بالطلاب، وتسهيل الحوكمة الاستباقية.",https://apcfra.com/detailspaper/203
272,Recent Advances in Polymer Design through Machine Learning: A Short,"Bita Yarahmadi, Seyed Majid Majid Hashemianzadeh",2025,"Abstract

Polymers are widely used across diverse industries, including medicine, energy storage, construction, aerospace, agriculture, transportation, and electronics. However, the complexity and variability of polymer chemical compositions and structures present significant challenges for their development. The integration of machine learning (ML) algorithms with large datasets has opened new avenues for advancements in polymer science. Polymer informatics focuses on predicting polymer performance and optimizing synthesis conditions using ML models. With the growing availability of comprehensive datasets and ongoing improvements in ML techniques, polymer informatics can now be applied more effectively and systematically. This study provides a concise overview of the application of various ML approaches, including supervised learning, unsupervised learning, and artificial neural networks (ANNs), for predicting and classifying the properties of different polymers.",https://www.preprints.org/frontend/manuscript/60bbf18521e9e6dca67ce69f5357a906/download_pub
273,onlinelibrary.wiley.com,"Z Zhang, Y Wang, L Zhang, D Chen, W Zhang…",2026,"Abstract ABSTRACT
Myopia is a major global public health challenge, characterized by excessive axial elongation and an increased risk of irreversible vision‐threatening complications. In clinical practice, management remains experience‐based and is constrained by a limited ability to integrate high‐dimensional non‐linear biometric information, creating an unmet need for more precise and individualized decision‐making. Although artificial intelligence (AI) has demonstrated strong performance in screening, diagnosis, and prediction of myopia onset and progression, most existing studies have focused on forecasting disease trajectories rather than generating actionable support for treatment selection and optimization. In this review, we summarize recent advances in AI applications across the continuum of myopia care, from prediction of onset and progression to early assessment of pathological evolution, and further examine emerging AI‐enabled strategies for intervention planning in orthokeratology, pharmacologic therapy, and refractive surgery, with particular emphasis on treatment responsiveness. Finally, we discuss the major barriers to clinical translation, including data heterogeneity, limited interpretability, and implementation costs, and outline a future framework for an integrated patient‐centered AI ecosystem to support precision management and reduce the global burden of myopia.",https://onlinelibrary.wiley.com/doi/abs/10.1002/mdr2.70088
274,Significant Applications of Machine Learning for COVID-19 Pandemic,"Shashi Kushwaha, Shashi Bahl, Ashok Kumar Bagha, Kulwinder Singh Parmar, Mohd Javaid, Abid Haleem, Ravi Pratap Singh",2020,"Abstract

Machine learning is an innovative approach that has extensive applications in prediction. This technique needs to be applied for the COVID-19 pandemic to identify patients at high risk, their death rate, and other abnormalities. It can be used to understand the nature of this virus and further predict the upcoming issues. This literature-based review is done by searching the relevant papers on machine learning for COVID-19 from the databases of SCOPUS, Academia, Google Scholar, PubMed, and ResearchGate. This research attempts to discuss the significance of machine learning in resolving the COVID-19 pandemic crisis. This paper studied how machine learning algorithms and methods can be employed to fight the COVID-19 virus and the pandemic. It further discusses the primary machine learning methods that are helpful during the COVID-19 pandemic. We further identified and discussed algorithms used in machine learning and their significant applications. Machine learning is a useful technique, and this can be witnessed in various areas to identify the existing drugs, which also seems advantageous for the treatment of COVID-19 patients. This learning algorithm creates interferences out of unlabeled input datasets, which can be applied to analyze the unlabeled data as an input resource for COVID-19. It provides accurate and useful features rather than a traditional explicitly calculation-based method. Further, this technique is beneficial to predict the risk in healthcare during this COVID-19 crisis. Machine learning also analyses the risk factors as per age, social habits, location, and climate.",https://www.researchgate.net/profile/Hakan-Basargan/publication/366835984_Performance_Evaluation_of_Energy-Efficient_Torque_Distribution_Method_for_the_Autonomous_Vehicle_with_Different_Road_Conditions/links/63b816df097c7832ca96743e/Performance-Evaluation-of-Energy-Efficient-Torque-Distribution-Method-for-the-Autonomous-Vehicle-with-Different-Road-Conditions.pdf#page=266
275,Artificial intelligence-enabled personalisation of oral drug delivery: From data-driven design to on-demand manufacturing,"Youssef Abdalla, Laxmi Prasanna Nandiraju, Haoran Yue, Conor Beaupres De Monsales, Charlotte Yeung, Abdul W. Basit",2026,"Abstract

Artificial intelligence (AI) is reshaping pharmaceutical research by enabling data-intensive tasks to be performed with unprecedented speed and accuracy. While oral delivery remains the most common route of administration, it is dominated by a ""one-size-fits-all"" paradigm that fails to accommodate inter-individual variability, often leading to suboptimal efficacy or adverse reactions. AI offers a path toward personalised delivery by integrating patient-specific data to predict dose requirements and guide the development of bespoke dosage forms. When coupled with three-dimensional printing (3DP), AI-driven workflows enable decentralised, on-demand production of personalised medicines. This review examines advances of machine learning (ML) in enabling dose prediction, formulation optimisation, and digital manufacturing. It highlights emerging opportunities alongside challenges in data quality, regulatory acceptance, and clinical implementation. We discuss the need for collaboration between academia, industry, and regulators to establish interoperable datasets and robust quality-by-design frameworks. Together, these developments point toward a future in which oral drug delivery is increasingly precise, adaptive, and patient-centred.",https://papers.ssrn.com/sol3/papers.cfm?abstract_id=7203642
276,A Literature Review on the Integration of System Dynamics and Machine Learning/Artificial Intelligence in Addressing Environmental Matters,"Mustafa Ozan Nesanır, Giovanni Zenezini, Ozlem Senvar, Filippo Maria Ottaviani",27-Aug-25,"Abstract
Environmental challenges, such as climate change, energy inefficiency, emissions, and waste, pose significant threats to global sustainability. These issues are critical due to their impact on ecosystems, economies, and human health, necessitating innovative solutions. Despite extensive research, there is a gap in integrating system dynamics (SD) and machine learning/artificial intelligence (ML/AI) for holistic environmental management. This study addresses this gap by reviewing literature from 2014–2024 that combines SD’s feedback-driven modeling with ML/AI’s predictive and optimization capabilities. The findings reveal that this hybrid approach enhances long-term planning and decision-making in areas like waste, water, and energy management, though its application remains limited, highlighting opportunities for broader adoption.",https://link.springer.com/chapter/10.1007/978-3-032-03515-8_26
277,onlinelibrary.wiley.com,"C Xie, H Qiu, L Liu, Y You, H Li, Y Li, Z Sun, J Lin…",2025,"Abstract ABSTRACT
Machine learning (ML), material genome, and big data approaches are highly overlapped in their strategies, algorithms, and models. They can target various definitions, distributions, and correlations of concerned physical parameters in given polymer systems, and have expanding applications as a new paradigm indispensable to conventional ones. Their inherent advantages in building quantitative multivariate correlations have largely enhanced the capability of scientific understanding and discoveries, thus facilitating mechanism exploration, target prediction, high‐throughput screening, optimization, and rational and inverse designs. This article summarizes representative progress in the recent two decades focusing on the design, preparation, application, and sustainable development of polymer materials based on the exploration of key physical parameters in the composition–process–structure–property–performance relationship. The integration of both data‐driven and physical insights through ML approaches to deepen fundamental understanding and discover novel polymer materials is categorically presented. Despite the construction and application of robust ML models, strategies and algorithms to deal with variant tasks in polymer science are still in rapid growth. The challenges and prospects are then presented. We believe that the innovation in polymer materials will thrive along the development of ML approaches, from efficient design to sustainable applications.",https://onlinelibrary.wiley.com/doi/abs/10.1002/smm2.1320
278,AI for Intelligent Transportation Systems: A Systematic Review of Applications in Demand-Responsive Transport,"Sarah Di Grande, Thamires de Souza Oliveira, David Pagano, Salvatore Cavalieri",5-Aug-26,"Abstract Demand-Responsive Transport (DRT) has emerged as a flexible public transport strategy to improve accessibility, service coverage, and operational efficiency in contexts where conventional fixed-route services are inefficient, insufficient, or difficult to operate. In parallel, Artificial Intelligence (AI), and particularly Machine Learning (ML), has increasingly been investigated for predictive tasks relevant to DRT planning and operations, including demand forecasting, travel-time estimation, service reliability assessment, and decision support. This study presents a systematic literature review of ML-based predictive analytics in public-transport-oriented DRT services. After the screening and eligibility process, the included studies were analyzed according to predictive task, data source, modelling technique, validation strategy, performance metrics, and implementation-related challenges; methodological quality, risk of bias (RoB), and applicability were assessed using a PROBAST+AI-based framework. The results show that research in this field has expanded rapidly in recent years and is moving from isolated demand prediction models towards more integrated frameworks linking prediction, optimization, and service planning. However, the evidence remains fragmented, with substantial heterogeneity in data sources, spatial and temporal scales, modelling approaches, and evaluation procedures. The quality assessment showed generally favorable predictor quality and low outcome-related RoB, but analysis-related RoB was high in just over half of the studies, mainly because independent evaluation and validation accounting for temporal, spatial, or simulation-induced dependence were often lacking. Most studies provided retrospective, offline, simulation-based, or conceptual decision-support evidence, whereas prospective field deployment, external validation, and post-implementation monitoring were rarely or insufficiently documented. This review therefore provides a structured synthesis of current ML research in DRT and identifies priorities for future work, including improved reproducibility, stronger validation, robust baseline comparisons, multiple evaluation metrics, greater interpretability, and prospective assessment under real-world operational conditions.",https://www.mdpi.com/1424-8220/26/15/4945
279,FPGA Implementation of Regression Algorithms for Real-Time Applications: A Comprehensive Survey,"Velayutham Sudharsan, Shirshendu Roy",2026,"Abstract

Real-time inference at the edge demands bounded worst-case latency, sustained throughput and a tight power envelope under single-sample workloads, constraints CPUs and GPUs cannot satisfy simultaneously. Field-Programmable Gate Arrays (FPGAs) close this gap: their spatial execution model computes every data path operator in parallel, timing is deterministic by construction, and for single-sample inference the energy advantage over GPUs reaches three to four orders of magnitude. Although FPGA-based regression now spans biomedical engineering, industrial automation, wireless communications, automotive systems, scientific instrumentation, smart grids and Internet-of-Things (IoT) edge nodes, the literature remains fragmented and no prior review treats the full regression spectrum under a single analytical frame. This survey provides six contributions: a two-dimensional taxonomy classifying implementations by algorithmic family and implementation dimension; a hardware-aware analysis of twenty-one regression variants; a systematic mapping across nine real-time application domains; standardized latency-accuracy and energy-accuracy Pareto comparisons; a focused 2022-2025 review covering hls4ml, FINN, AI-engine integration, online learning and posit arithmetic; and fifteen prioritized open re-search challenges. Consistent findings emerge: linear and regularized methods dominate the latency frontier below 64 input dimensions, Extreme Learning Machines occupy an overlooked efficiency sweet spot, hls4ml-based deployment has reached practical maturity, and standardized benchmarking remains the most pressing infrastructure gap.",https://journal.uob.edu.bh/items/0f8410c8-7211-4759-a609-6ddff30b4cb5
280,"A New Methodology for Medium-Term Wind Speed Forecasting Using Wave, Oceanographic and Meteorological Predictor Variables","Diego Sánchez-Pérez, Juan José Cartelle Barros, José A. Orosa",31-Oct-25,"Abstract

This methodology provides a novel and efficient approach for achieving faster wind speed predictions through AI-based procedures, applicable not only to wind energy systems but also to a wide range of related applications. The proposed approach significantly reduces computation time and is expected to enhance the accuracy of predictive maintenance and other operational tasks in the near future.",https://www.mdpi.com/2076-3417/15/21/11639
281,Optimized and Automated Machine Learning Techniques Towards iot Data Analytics and Cybersecurity,"Yang, Li",2021,"Abstract

Explore millions of resources from scholarly journals, books, newspapers, videos and more, on the ProQuest Platform.",https://search.proquest.com/openview/5fd7c49e467ea6681897754ae182099c/1?pq-origsite=gscholar&cbl=18750&diss=y
282,Preoperative Ternary Classification of Pulmonary Ground-Glass Nodules (AIS/MIA/IAC): ResNet-10 Outperforms Radiomics and Clinicoradiographic Models in Multicenter Study,"Dan Long, Zhichao Zuo, Huchuan Zhou, Wanyin Qi, Sanhong Zhang, Jinqiu Deng, Ziqing Yang",2026,"Abstract

Introduction
                    Preoperative differentiation among adenocarcinoma in situ (AIS), minimally invasive adenocarcinoma (MIA), and invasive adenocarcinoma (IAC) is crucial for guiding ground-glass nodule (GGN) management. This multicenter study evaluated the comparative utility of deep learning (DL), radiomics, and conventional machine learning (cML)-based clinicoradiographic models for this ternary classification.
                  
                  
                    

Methods
                    We developed four DL models (DenseNet-121, ResNet-10, ResNet-18, and VGG-13) for the ternary classification of AIS, MIA, and IAC using multicenter CT datasets. For comparative analysis, we constructed two additional classification models: (1) a radiomics model employing feature engineering through analysis of variance, recursive feature elimination with cross-validation, and least absolute shrinkage and selection operator, and (2) the cML-based clinicoradiographic model utilizing 12 different classifiers. The performance of all models was evaluated using the macro area under the curve (Macro-AUC) metric.
                  
                  
                    

Results
                    847 GGNs postoperatively confirmed as lung adenocarcinoma were included in this multicenter study, which were randomly split into a training set (70%, n=592) and a validation set (30%, n=255). The DL model ResNet-10 demonstrated superior performance, achieving a Macro-AUC of 0.8055 (95% CI: 0.7723-0.8387), an accuracy of 0.6300 (95% CI: 0.5541-0.6764), and an F1-score of 0.4206 (95% CI: 0.3821-0.4598). This performance surpassed that of the radiomics model, which had a Macro-AUC of 0.7801 (95% CI: 0.7432-0.8170), an accuracy of 0.6100 (95% CI: 0.5276-0.6204), and an F1-score of 0.5505 (95% CI: 0.4983-0.6017), and the cML-based clinicoradiographic model, which achieved a Macro-AUC of 0.7770 (95% CI: 0.708-0.846), an accuracy of 0.6000 (95% CI: 0.5376-0.6604), and an F1-score of 0.4438 (95% CI: 0.3925-0.4961).
                  
                  
                    

Conclusion
                    The ResNet-10 network established a novel ternary classification model for predicting the invasiveness of GGNs. This approach provides clinically actionable insights that support surgical planning and facilitate risk-adapted management.",https://journals.sagepub.com/doi/abs/10.1177/15330338261423265
283,SORFPP: Enhancing rich sequence-driven information to identify SEPs based on fused framework on validation datasets,"Hongqi Feng, Qi Nie, Sen Yang",2025,"Abstract

Background
Genome sequencing has enabled us to find functional peptides encoded by short open read frames (sORFs) in long non-coding RNAs (lncRNAs). sORFs-encoded peptides (SEPs) regulate gene expression, signaling, and so on and have significant roles, unlike common peptides. Various computational methods have been proposed. However, there is a lack of contributive features and effective models. Therefore, a high-throughput computational method to predict SEPs is needed.

Results
We propose a computational method, SORFPP, to predict SEPs by mining feature information from multiple perspectives in an experimentally validated dataset from TranLnc. SORFPP fully extracts SEP sequence information using the protein language model ESM-2 and curated traditional encoding, including QSOrder, k-mer, etc. SORFPP uses CatBoost to solve the sparsity problem of traditional encoding. SORFPP also analyzes ESM-2 pre-training characterization information with the Self-attention model. Finally, an ensemble learning framework combines the two models and their results are fed into Logistic Regression model for accurate and robust predictions. For comparison, SORFPP outperforms other state-of-the-art models in Matthew correlation coefficient by 12.2%-24.2% on three benchmark datasets.

Conclusion
Integrating the ensemble learning strategy with contributive traditional features and the protein language encoding methods shows better performance. Datasets and codes are accessible at https://doi.org/10.6084/m9.figshare.28079897 and http://111.229.198.94:5000/.",https://journals.plos.org/plosone/article?id=10.1371/journal.pone.0320314
284,Forecasting for E-Commerce Sales Using Supervised Machine Learning Algorithms,"Pamuk, Ayçelen",2023,"Abstract

Explore millions of resources from scholarly journals, books, newspapers, videos and more, on the ProQuest Platform.",https://search.proquest.com/openview/27692aeb2bfd9aecadb58e4fd76d20fe/1?pq-origsite=gscholar&cbl=2026366&diss=y
285,Forecasting mechanical properties of steel structures through dynamic metaheuristic optimization for adaptive machine learning,"Ngoc-Mai Nguyen, Jui-Sheng Chou",2024,"Abstract

Machine learning (ML) presents a promising method for predicting mechanical properties in structural engineering, particularly within complex nonlinear structures under extreme conditions. Despite its potential, research has shown a disproportionate focus on concrete structures, leaving steel structures less explored. Furthermore, the prevalent combination of metaheuristic optimization (MO) and ML in existing studies is often subjective, pointing to a significant gap in identifying and leveraging more effective hybrid models. To bridge these gaps, this study introduces a novel system named the Multiple Metaheuristic Optimizers – Multiple Machine Learners (MMOMML) system, designed for predicting mechanical strength in steel structures. The MMOMML system amalgamates 17 MO algorithms with 15 ML techniques, generating 255 hybrid models, including numerous novel configurations not previously examined. With a user-friendly interface, MMOMML enables structural engineers to tackle inference challenges efficiently, regardless of their coding proficiency. This capability is convincingly demonstrated through two practical applications: steel beams’ shear strength and steel cellular beams’ elastic buckling. By offering a versatile and robust tool, the MMOMML system meets construction engineers’ and researchers’ practical and research needs, marking a significant advancement in the field.",https://aviation.vgtu.lt/index.php/JCEM/article/view/21356
286,Machine Learning on Blockchain Data: A Systematic Mapping Study,"GEORGIOS PALAIOKRASSAS, Sarah Bouraga, Leandros Tassiulas",2023,https://papers.ssrn.com/sol3/papers.cfm?abstract_id=4530479,https://papers.ssrn.com/sol3/papers.cfm?abstract_id=4530479
287,FROM CANCER MOLECULAR SUBTYPE TO AI HYPE: BENCHMARKING AI IN CANCER MOLECULAR SUBTYPING,"Ahtisham Fazeel Abbasi, Muhammad Sajjad, Muhammad Nabeel Asim, Sebastian Vollmer, Andreas Dengel",2025,"Abstract
                
                  

Background
                  Cancer molecular subtype classification is an essential component of precision oncology which provides insights into cancer prognosis and guides targeted therapy. Despite the growing applications of AI for cancer molecular subtype classification, challenges persist due to non-standardized dataset configurations, diverse omics modalities, and inconsistent evaluation measures. These issues limit the comparability, reproducibility, and generalizability of AI classifiers across different cancers and hinder the development of robust and accurate AI-driven tools.
                
                
                  

Results
                  This study benchmarks 35 unique AI classifiers across 153 datasets, covering 8 omics modalities and 20 different cancers. Particularly, it investigates 6 different research questions, and based on comprehensive performance analyses of the 35 AI classifiers it elucidates the research questions with the following answers: (i) Out of 17 different configurations for 5/8 omics modalities, RPPA (RPPA), Gistic2-all-data-by-genes (CNV), HM27 (Meth), and HiSeqV2-exon (Exon) configurations consistently yield better performance; (ii) In terms of 8 omics modalities, RNASeq, miRNA, CNV, and Exon generally achieve higher macro-accuracy compared to Meth., Array, SNP and RPPA; (iii) SNP and RPPA modalities are prone to biases due to technical noise and data imbalance; (iv) Traditional machine learning (ML) models (SVM, XGB, HGB) perform best on small and low-dimensional datasets, while deep learning (DL) models (ResNet18, CNN, NN, MLP) excel on large and high-dimensional datasets; (v) SVM achieves the highest mean macro-accuracy across all classifiers, with NN, ResNet18, DEEPGENE, and MLP also demonstrate strong performance; and (vi) DL classifiers show superior macro accuracy as compared to ML classifiers in 12 out of 20 cancers.
                
                
                  

Conclusions
                  The findings offer key insights to guide the development of standardized, robust, and efficient AI-driven pipelines for cancer molecular subtype classification. This study enhances reproducibility and facilitates better comparison across AI methods, ultimately advancing precision oncology.
                
                
                  Key Points
                  
                    
                      This study benchmarks 35 unique AI classifiers, ranging from simpler ML models such as Support Vector Machines (SVM), Histogram-Based Gradient Boosting (HGB), and K-Nearest Neighbors (KNN), to complex DL classifiers including Convolutional Neural Networks (CNNs), computer vision models like DenseNet and ResNet, sequential models such as Recurrent Neural Networks (RNN), Gated Recurrent Units (GRU), Long Short-Term Memory networks (LSTM), and their hybrid combinations (e.g., CNN-LSTM, CNN-GRU), as well as transformer-based models, across 153 datasets spanning 8 omics modalities and 20 cancers. It identifies optimal data configurations and evaluates the performance of these classifiers in cancer molecular subtype classification.
                    
                    
                      The study highlights biases in specific omics modalities: SNP, RPPA, and Array exhibit higher variability and precision-recall imbalances, while RNASeq, miRNA, Exon, and CNV deliver more consistent and reliable results.
                    
                    
                      ML models (e.g., SVM, XGB, HGB) demonstrate strong performance on smaller datasets with fewer features, whereas DL models (e.g., ResNet18, CNN, NN, MLP, and DEEPGENE transformer) excel in handling high-dimensional datasets with large sample sizes.
                    
                    
                      The findings provide critical insights for developing robust, standardized AI pipelines for precision oncology, enhancing reproducibility and enabling meaningful cross-method comparisons.",https://www.biorxiv.org/content/10.1101/2025.03.10.642355.abstract
288,Multi-omics driven computational framework for cancer molecular subtype classification,"Ahtisham Fazeel Abbasi, Muhammad Sajjad, Muhammad Nabeel Asim, Sebastian Vollmer, Andreas Dengel",19-Dec-25,"Abstract
Cancer molecular subtype classification is an essential component of precision oncology which provides insights into cancer prognosis and guides targeted therapy. Despite the growing applications of AI for cancer molecular subtype classification, challenges persist due to non-standardized dataset configurations, diverse omics modalities, and inconsistent evaluation measures. These issues limit the comparability, reproducibility, and generalizability of AI classifiers across different cancers and hinder the development of robust and accurate AI-driven tools. This study performs comparative analyses of 35 unique AI classifiers across 153 datasets, covering 8 omics modalities and 20 different cancers. Particularly, it investigates 6 different research questions, and based on comprehensive performance analyses of the 35 AI classifiers it elucidates the research questions with the following answers: (i) out of 17 different configurations for 5 out of the 8 tested omics modalities, RPPA (RPPA), Gistic2-all-data-by-genes (CNV), HM27 (Meth), and HiSeqV2-exon (Exon) configurations consistently yield better performance; (ii) in terms of 8 omics modalities, RNASeq, miRNA, CNV, and Exon generally achieve higher macro-accuracy (MACC) compared to Meth., Array, SNP and RPPA; (iii) SNP and RPPA modalities are prone to biases due to technical noise; (iv) traditional machine learning (ML) models (SVM, XGB, HGB) perform best on small and low-dimensional datasets, while deep learning (DL) models (ResNet18, CNN, NN, MLP) excel on large and high-dimensional datasets; (v) SVM achieves the highest mean MACC across all classifiers, with NN, ResNet18, DEEPGENE, and MLP also demonstrate strong performance; and (vi) DL classifiers show superior MACC as compared to ML classifiers in 12 out of 20 cancers. The findings offer key insights to guide the development of standardized, robust, and efficient AI-driven pipelines for cancer molecular subtype classification. This study enhances reproducibility and facilitates better comparison across AI methods, ultimately advancing precision oncology.",https://www.nature.com/articles/s41598-025-32051-5
289,Intelligent Data-Driven Systems with Innovations in Artificial Intelligence,"Suneeta Satpathy, Alvaro Rocha, Sachi Nandan Mohanty, Tanupriya Choudhury",2025,"Abstract

The book showcases the forefront of artificial intelligence with an in-depth examination of cutting-edge advancements, with technologies such as deep learning, neural networks, transfer learning, human-artificial intelligence collaboration, and sentiment analysis. • Explores the forefront of artificial intelligence with an in-depth examination of cutting-edge advancements, with technologies such as deep learning, neural networks, and transfer learning. Discusses the realm of voice assistants, exploring how artificial intelligence enhances natural language processing and voice recognition capabilities and revolutionizes human-computer interaction paradigms. Provides insights into how deep learning, neural networks, machine learning, and data science intersect with broader ethical considerations, addressing issues such as transparency, and societal impact. Covers human-artificial intelligence collaboration and healthcare applications of artificial intelligence and data analytics. Explains generative adversarial networks and advanced techniques in recommender systems. The text is primarily written for senior undergraduates, graduate students, and academic researchers in electrical engineering, electronics and communications engineering, computer science and engineering, and information technology.",https://books.google.com/books?hl=en&lr=&id=ISeQEQAAQBAJ&oi=fnd&pg=PP11&dq=(%22machine+learning%22%5Btiab%5D+OR+%22AI%22+OR+%22artificial+intelligence%22+OR+%22random+forest%22%5Btiab%5D+OR+%22gradient+boosting%22%5Btiab%5D+OR+%22XGBoost%22%5Btiab%5D+OR+%22LightGBM%22%5Btiab%5D+OR+%22CatBoost%22%5Btiab%5D+OR+%22support+vector+machine%22%5Btiab%5D+OR+%22SVM%22%5Btiab%5D+OR+%22weighted+SVM%22+OR+%22LASSO%22%5Btiab%5D+OR+%22Ridge%22+OR+%22decision+tree%22%5Btiab%5D+OR+%22bagging%22+OR+%22boosting%22+OR+%22deep+learning%22%5Btiab%5D+OR+%22neural+network*%22%5Btiab%5D+OR+%22support+vector%22%5Btiab%5D+OR+%22artificial+intelligence%22%5Btiab%5D+OR+%22ensemble+method*%22%5Btiab%5D+OR+%22super+learner%22%5Btiab%5D+OR+%22naive+bayes%22+OR+%22k-Nearest+Neighbors%22+OR+%22k-NN%22+OR+%22K-Means+clustering%22+OR+%22hierarchical+clustering%22+OR+%22Jackknife+repeated+replication%22+OR+%22JRR%22+OR+%22Balanced+repeated+replication%22+OR+%22BRR%22+OR+%22bootstrap%22+OR+%22missing+value%22+OR+%22artificial+neural+networks%22+OR+%22ANN%22+OR+%22convolutional+neural+networks%22+OR+%22CNN%22+OR+%22recurrent+neural+networks%22+OR+%22RNN%22+OR+%22generative+adversarial+networks%22+OR+%22GANs%22)+OR+(%22complex+survey%22+OR+%22complex+survey+data%22+OR+%22complex+survey+design%22+OR+%22complex+survey+analysis%22+OR+%22survey+analysis%22+OR+%22survey+design%22+OR+%22population-based+survey%22+OR+%22probability+survey%22+OR+%22multistage+sampling%22+OR+%22stratified+sampling%22+OR+%22cluster+sampling%22+OR+%22stratified+cluster+sampling%22+OR+%22probability+sampling%22+OR+%22multi-stage+probability+sampling%22)+OR+(%22sampling+weights%22+OR+%22survey+weights%22+OR+%22probability+weights%22+OR+%22weighted+analysis%22+OR+%22inverse+probability+weighting%22+OR+%22design+weights%22+OR+%22post-stratification+weights%22+OR+%22calibration+weights%22+OR+%22final+weights%22+OR+%22sample+weights%22)&ots=hbWh7AtgUd&sig=aIL7AK4t3MxBikaZuRYHoB76Btk
290,"Machine Learning for Reactive Structural Adhesive Design: A Framework for Chemistry, Formulation, and Optimization","Florian Rothenhäusler, Holger Ruckdaeschel",24-Feb-26,"Abstract

Reactive structural adhesives—epoxies, polyurethanes, and acrylics—are essential in high-performance applications, yet their development remains complex due to multiscale adhesion mechanisms, combinatorial formulation spaces, and stringent performance requirements. Traditional trial-and-error approaches are time- and resource-intensive. Machine learning (ML) provides a powerful framework to accelerate adhesive design by capturing nonlinear relationships between formulation, processing, and performance, while enabling predictive modeling, optimization, and experiment prioritization. This review presents a process-oriented guide for ML-assisted adhesive development, covering component selection, feature engineering, initial dataset design, model choice, and iterative workflows integrating classical design-of-experiments, active learning, and Bayesian optimization. Emphasis is placed on interpreting ML outputs through the lens of polymer chemistry, reaction kinetics, and fracture mechanics to extract mechanistic insights and guide rational formulation design. Key challenges—including small, noisy datasets, multi-component interactions, and multi-objective trade-offs—are discussed, along with emerging directions such as collaborative databases, automated knowledge extraction, and hybrid ML–chemistry approaches to further enhance structural adhesive development. The review underscores the potential of integrating ML into adhesive R&D to reduce experimental burden, improve formulation efficiency, and enable data-driven exploration of complex chemistries.",https://www.mdpi.com/3042-6081/2/1/5
291,COVID-19-Induced Depression and Anxiety Detection: A Systematic Literature Review of Machine Learning and Deep Learning Techniques,"Priyanka Arora, Sonika Dahiya",21-Oct-25,"Abstract
Epidemics or pandemics, like the current COVID-19 outbreak, present special obstacles to society. Leaders in several nations implemented policies that restricted social connections as a proactive attempt to stop the virus’s spread. They intended to harness the power of social isolation as a strategy to mitigate the rapid increase in infections, effectively curving the trajectory of contamination. Shifts in societal conventions over this period have indirectly impacted the mental well-being of individuals. The United Nations (UN) prioritizes mental health, aiming to reduce premature mortality from non-communicable diseases by 2030. During the second wave of the COVID-19 epidemic, many people experienced significant life upheavals, including managing the death of family members, dealing with unstable employment, and managing elevated levels of emotional and financial stress. Owing to these circumstances, a sizeable portion of the populace has struggled with mental health conditions like anxiety, depression symptoms, PTSD, and mood disorders. In the past, pandemics or epidemics have had indirect consequences on mental health, leaving a sizable share of depressed people unidentified and untreated. Less is known about how emotion control affects distressed people’s feelings during and after the pandemic. By performing a thorough analysis of the existing literature, the main goal of this study is to identify developments, limitations, obstacles, and possible directions for future research in the field of diagnosing depression and anxiety during and after the COVID-19 pandemic. A comprehensive analysis included sixty-six current research that focused on identifying mental health problems related to the epidemic. The selection criteria included studies that used psychological tools, such self-questionnaires, to detect a range of mental health conditions. The groundwork for tackling one key issue—the length of depression and anxiety symptoms—is laid forth by this systematic literature analysis’s understanding of the landscape of pandemic-related mental health disorders. This understanding can greatly aid in developing focused prevention initiatives, which will ultimately lessen the burden of these disorders.",https://link.springer.com/article/10.1007/s00354-025-00305-5
292,Machine Learning in Drug Discovery and Development Part 1: A Primer,"Alan Talevi, Juan Francisco Morales, Gregory Hather, Jagdeep T. Podichetty, Sarah Kim, Peter C. Bloomingdale, Samuel Kim, Jackson Burton, Joshua D. Brown, Almut G. Winterstein, Stephan Schmidt, Jensen Kael White, Daniela J. Conrado",2020,"Abstract

Machine Learning in Drug Development: Part One, Volume 64 in the Annual Reports on Medicinal Chemistry series, highlights new advances in the field. Chapters in this release include Artificial Intelligence in Small Molecule and Nucleic Acid Research: A Review, AI-aided Drug Development for Protein Degraders: Design, Lead Identification, and Optimization, AI-aided Drug Development for Protein Degraders: Biology Validation, Disease-association, Drug Repurposing, Transforming Modern Drug Discovery with Machine Learning, Artificial Intelligence in the Development of Antiviral Drugs: Progress and Applications, Artificial Intelligence for Drug Target Identification, and Machine Learning in Proteomic Biomarker Discovery. - Provides the authority and expertise of leading contributors from an international board of authors - Presents the latest release in Annual Reports on Medicinal Chemistry series - Updated release includes the latest information in the field",https://books.google.com/books?hl=en&lr=&id=NOImEQAAQBAJ&oi=fnd&pg=PP1&dq=(%22machine+learning%22%5Btiab%5D+OR+%22AI%22+OR+%22artificial+intelligence%22+OR+%22random+forest%22%5Btiab%5D+OR+%22gradient+boosting%22%5Btiab%5D+OR+%22XGBoost%22%5Btiab%5D+OR+%22LightGBM%22%5Btiab%5D+OR+%22CatBoost%22%5Btiab%5D+OR+%22support+vector+machine%22%5Btiab%5D+OR+%22SVM%22%5Btiab%5D+OR+%22weighted+SVM%22+OR+%22LASSO%22%5Btiab%5D+OR+%22Ridge%22+OR+%22decision+tree%22%5Btiab%5D+OR+%22bagging%22+OR+%22boosting%22+OR+%22deep+learning%22%5Btiab%5D+OR+%22neural+network*%22%5Btiab%5D+OR+%22support+vector%22%5Btiab%5D+OR+%22artificial+intelligence%22%5Btiab%5D+OR+%22ensemble+method*%22%5Btiab%5D+OR+%22super+learner%22%5Btiab%5D+OR+%22naive+bayes%22+OR+%22k-Nearest+Neighbors%22+OR+%22k-NN%22+OR+%22K-Means+clustering%22+OR+%22hierarchical+clustering%22+OR+%22Jackknife+repeated+replication%22+OR+%22JRR%22+OR+%22Balanced+repeated+replication%22+OR+%22BRR%22+OR+%22bootstrap%22+OR+%22missing+value%22+OR+%22artificial+neural+networks%22+OR+%22ANN%22+OR+%22convolutional+neural+networks%22+OR+%22CNN%22+OR+%22recurrent+neural+networks%22+OR+%22RNN%22+OR+%22generative+adversarial+networks%22+OR+%22GANs%22)+OR+(%22complex+survey%22+OR+%22complex+survey+data%22+OR+%22complex+survey+design%22+OR+%22complex+survey+analysis%22+OR+%22survey+analysis%22+OR+%22survey+design%22+OR+%22population-based+survey%22+OR+%22probability+survey%22+OR+%22multistage+sampling%22+OR+%22stratified+sampling%22+OR+%22cluster+sampling%22+OR+%22stratified+cluster+sampling%22+OR+%22probability+sampling%22+OR+%22multi-stage+probability+sampling%22)+OR+(%22sampling+weights%22+OR+%22survey+weights%22+OR+%22probability+weights%22+OR+%22weighted+analysis%22+OR+%22inverse+probability+weighting%22+OR+%22design+weights%22+OR+%22post-stratification+weights%22+OR+%22calibration+weights%22+OR+%22final+weights%22+OR+%22sample+weights%22)&ots=diHT8BwBuY&sig=3ccec17q2gp5NcNbK36crt2PdGU
293,ARTIFICIAL INTELLIGENCE IN GESTATIONAL DIABETES PREDICTION AND MANAGEMENT,"Keerthy Rajan, Sruthi G",2026,"Abstract

Glucose intolerance that initially appears or is diagnosed during pregnancy is a hallmark of Gestational Diabetes Mellitus (GDM), a serious public health concern. Both the mother's and the foetus’s health are at serious risk, both in the short and long term. The rising incidence of GDM worldwide is a reflection of larger patterns in metabolic syndromes, obesity, maternal age, and sedentary lifestyles. To reduce maternal and newborn problems such preeclampsia, caesarean delivery, macrosomia, neonatal hypoglycemia, and an elevated lifetime risk of Type 2 Diabetes Mellitus (T2DM), early detection and optimal care of GDM are cruciaL.",https://zir.nsk.hr/object/mef:13189
294,Bebek Ağlamalarının Makine Öğrenmesi Yöntemleriyle Sınıflandırılması,FATMA AZİZOĞLU,2023,"Abstract

Bu çalışmada bebek ağlama seslerinden yararlanılarak, bebeklerin ihtiyaçlarını belirleyebilmek ve herhangi bir hastalığa maruz olup olmadıklarını öğrenmek için çeşitli makine öğrenmesi yöntemleri kullanılmıştır. Bebek ağlama sesleri için iki farklı veri kümesinden yararlanılmıştır. Veri kümeleri eğitim, öğrenme ve test aşamalarından geçtikten sonra ağlama türünün bulunması hedeflenmiştir. Ağlama seslerinin özniteliklerini çıkarmak için Mel Frekans Kepstrum Katsayıları (MFCC) ve Doğrusal Öngörü Kepstrum Katsayıları (LPCC) yöntemleri karşılaştırılmış ve MFCC yönteminin doğruluğu arttırmada LPCC’ye göre daha etkili olduğu bulunmuştur. Öznitelikleri çıkarılan ses sinyallerinin sınıflandırılma aşamasında makine öğrenme algoritmalarından k-En Yakın Komşuluk (k-NN) algoritması, Çok Katmanlı Algılayıcılar, Karar Ağacı ve Rastgele Orman algoritmaları kullanılmış ve başarı oranları karşılaştırılmıştır. Sonuçta MFCC ve Çok Katmanlı Algılayıcılar yöntemi kullanılarak %93 başarı oranı bulunmuştur.",https://avesis.cumhuriyet.edu.tr/yonetilen-tez/d973269d-1ab2-449d-a4d1-f5b1da244f65/makine-ogrenmesi-yontemleriyle-kalp-hastalarinin-sagkalim-tahmini
295,Enhancing Security Measures in Electrical Control Systems: A Machine Learning Approach to Detecting and Preventing Intrusion Attacks,"Qasaimeh, Saif",2023,"Abstract

Explore millions of resources from scholarly journals, books, newspapers, videos and more, on the ProQuest Platform.",https://search.proquest.com/openview/b3e3ec097bbb37d60297b2b983d0a680/1?pq-origsite=gscholar&cbl=18750&diss=y
296,iwaponline.com,"P Cheng, D Hou, H Peng, Y Chai, M Sun, Q Zeng",2026,https://iwaponline.com/wp/article/doi/10.2166/wp.2026.129/111672,https://iwaponline.com/wp/article/doi/10.2166/wp.2026.129/111672
297,A Novel Superaug Adaptive Data Augmentation Strategy for Metabolic Syndrome Prediction: The First Egyptian National Cohort Study With Multi-National Comparison,"Nihal Elsonny, Ashraf Elsharkawy, Abeer Tawakol, Amira Y. Haikal",2026,"Abstract

Metabolic Syndrome (MetS) is a multifactorial disorder associated with an increased risk of cardiovascular disease, type 2 diabetes, and obesity-related complications. Early and accurate prediction of MetS remains challenging due to heterogeneous data sources, class imbalance, limited sample sizes in regional studies, and poor generalization across populations.
This study introduces a comprehensive machine learning framework for predicting MetS and its prognostic factors using two heterogeneous datasets: a newly collected Egyptian clinical cohort and the U.S.-based (NHANES) [CDC, 2023] dataset. For each dataset, multiple experimental pipelines are developed, integrating preprocessing, feature selection, data augmentation, hyperparameter tuning, and ensemble modeling.
A key contribution of this work is SUPERAUG (Supervised Ensemble and Robust Augmentation), an adaptive and hybrid augmentation strategy that combines multi-noise injection with SMOTE [Chawla et al., 2002] to enhance minority class representation and improve data diversity. The proposed approach is evaluated in both standard and adaptive configurations, where augmentation strength is dynamically adjusted based on model performance.
To ensure robust evaluation, repeated cross-validation and statistical analysis are employed, particularly for the small-sized Egyptian dataset. Experimental results demonstrate that SUPERAUG improves model generalization and class balance across both datasets. The best-performing pipelines achieved up to 93.75% accuracy on the Egyptian dataset and 91.79% on the NHANES dataset, while more conservative configurations yield stable and reliable performance.
Across both populations, waist circumference, fasting glucose, triglycerides, and body mass index (BMI) consistently emerged as the most predictive features. These findings highlight the adaptability and effectiveness of the proposed framework and support its potential for population-specific clinical decision support systems.",https://mej.researchcommons.org/home/vol51/iss5/5/
298,A novel hybrid model combining dimensionality reduction techniques and classification algorithms for credit scoring,"Mohammad Khanbabaei, Parastoo Kabi-Nejad",2025,"Abstract

Credit scoring is a prominent application of machine learning and data mining. Numerous studies have utilized machine learning algorithms, including feature selection, classification, and ensemble learning, within the context of hybrid credit scoring models. However, most of these studies have not compared the extensive variety of compound and hybrid credit scoring methods collectively. This study proposes a novel hybrid credit scoring model that integrates three dimensionality reduction techniques — feature selection, feature extraction, and manifold learning — with two classification approaches: single classifiers and ensemble classifiers. By employing the proposed model, a wide array of hybrid credit scoring models will be developed and evaluated using five performance metrics. The results indicate that the proposed model outperforms other hybrid credit scoring models presented in previous research. This model can be regarded as a comprehensive framework for leveraging machine learning in the development of hybrid credit scoring models.",https://www.worldscientific.com/doi/abs/10.1142/S2424786325500124
299,HOUSE PRICE PREDICTION USING ARTIFICIAL NEURAL NETWORK (ANN) WITH ADAGRAD OPTIMIZER,A abdu Ibrahim,2024,"The real estate market is a dynamic and complex ecosystem influenced by a myriad of factors,
making accurate price predictions a formidable challenge. Understanding the intricate
relationships between variables such as location, property characteristics, economic indicators, and
market trends is essential for making informed investment decisions, in this thesis, a
comprehensive exploration of machine learning and artificial neural networks (ANNs) has been
undertaken, laying the groundwork for understanding how these powerful computational tools can
be harnessed to solve complex problems across various domains. The study began by delving into
the fundamentals of machine learning, categorizing it into its primary types, and discussing its
applications in clustering, dimensionality reduction, and learning association rules. These sections
highlighted the versatility and breadth of machine learning techniques in uncovering patterns and
simplifying the complexities inherent in vast datasets. Further, a transition was made into a focused
discussion on linear regression, including its simplest form and the more sophisticated gradient
boosting method. This progression underscored the evolution of machine learning from basic
predictive modelling to more advanced, iterative improvement techniques capable of handling
nonlinear relationships with exceptional accuracy and efficiency.",https://www.researchgate.net/profile/Ehab-Saad-8/publication/391202170_HOUSE_PRICE_PREDICTION_USING_ARTIFICIAL_NEURAL_NETWORK_ANN_WITH_ADAGRAD_OPTIMIZER/links/680d71d0d1054b0207e198c6/HOUSE-PRICE-PREDICTION-USING-ARTIFICIAL-NEURAL-NETWORK-ANN-WITH-ADAGRAD-OPTIMIZER.pdf
300,A Novel Gas Emission Prediction Model Based on Dual-Parallel Spatiotemporal Convolutional Attention in Small Sample Data,"Fu Tianyu, Hu Mangu, Han Chao, Lv Fu, Xiaobin Yang",2025,https://papers.ssrn.com/sol3/papers.cfm?abstract_id=5249381,https://papers.ssrn.com/sol3/papers.cfm?abstract_id=5249381
301,MAFSIDS: a reinforcement learning-based intrusion detection model for multi-agent feature selection networks,"Kezhou Ren, Yifan Zeng, Yuanfu Zhong, Biao Sheng, Yingchao Zhang",5-Sep-23,"Abstract
Large unbalanced datasets pose challenges for machine learning models, as redundant and irrelevant features can hinder their effectiveness. Furthermore, the performance of intrusion detection systems (IDS) can be further degraded by the emergence of new network attack types. To address these issues, we propose MAFSIDS (Multi-Agent Feature Selection Intrusion Detection System), a DQL (Deep Q-Learning) based IDS.
MAFSIDS comprises a feature self-selection algorithm and a DRL (Deep Reinforcement Learning) attack detection module. The feature self-selection algorithm leverages a multi-agent reinforcement learning framework, which redefines the feature selection problem by converting the traditional \({2}^{N}\) feature selection space into \(N\) agent representations. This approach reduces model complexity and enhances the search strategy for feature selection. To ensure accurate feature representation and expedite the feature selection process, we have also developed a GCN (Graph Convolutional Network) method that extracts deeper features from the data. The DRL attack detection module utilizes the Mini-Batchs technique to encode the data, allowing reinforcement learning to be applied in a supervised learning context. This integration improves accuracy. Additionally, the policy network in this module is designed to be minimalist, enhancing model efficiency. To evaluate the performance of our model, we conducted comprehensive simulation experiments using Python. We tested the model using the CSE-CIC-IDS2018 and NSL-KDD datasets, achieving impressive accuracy rates of 96.8% and 99.1%, as well as F1-Scores of 96.3% and 99.1%, respectively. The selected feature subset successfully eliminates approximately 80% of redundant features compared to the original feature set. Furthermore, we compared our proposed model with other popular machine-learning models.",https://link.springer.com/article/10.1186/s40537-023-00814-4
302,"Haixi Liu 1, 2 Xin Cao 3, 6 Zetian Lai 1, 2 Yidong Zheng 4, 6","W Kong, Y Wang, X Wen, Y Huang, Y Liu, S Chen",2019,"Cervical cancer is the fourth most common malignancy in women worldwide, primarily driven by persistent high-risk human papillomavirus (HPV) infection. However, conventional screening methods such as cytology and HPV DNA testing remain limited in accuracy and scalability, particularly for early or precancerous lesions.
Methods
We analyzed HPV infection patterns, genotype distribution, and lesion grades in 5,452 women from Shenzhen, China. Among them, 76 HPV16- or HPV52-positive cases underwent exploratory PCR-based fusion-gene detection. Six feature-selection strategies and thirteen machine-learning classifiers were trained using stratified five-fold cross-validation, with SMOTE for class balancing and grid search for hyperparameter tuning. Model interpretability was evaluated using SHapley Additive exPlanations (SHAP).
Results
The overall HPV infection rate was 30.3%. HPV52 was the most prevalent genotype (6.1%) in the general population, whereas HPV16 predominated in high-grade lesions and cancer. The number of fusion loci increased with lesion severity, but fusion data alone showed limited predictive value (ROC AUC < 0.60). Integrating HPV genotyping with epidemiological features markedly improved performance: Random Forest achieved ROC AUC and PR AUC of 0.95 in cross-validation and 0.86 in the independent test set. SHAP analysis identified infection burden and high-risk HPV status as dominant predictors, jointly explaining over half of the model variance.
Conclusions
This study establishes a region-specific epidemiological profile of HPV and introduces an explainable, low-cost machine-learning framework based solely on HPV genotyping. The model demonstrates high accuracy and clinical scalability, providing a practical approach for early screening of cervical lesions.",https://assets-eu.researchsquare.com/files/rs-7859112/v1/868594910d3107d540e4f19d.html
303,Machine Learning aplicado a la predicción de pacientes en EPS: una revisión de literatura,"Johnny Urrego Piedrahita, Juan José Acosta Jiménez",2025,"Abstract

Una revisión sistemática de literatura en la cual se busca comprender los términos, además de los estudios previos sobre Machine Learning (ML) y Bussines Intelligence (BI) para la predicción de una variable objetivo. La metodología utilizada incluyó una exhaustiva búsqueda de la literatura científica en bases de datos Scopus y ScienceDidirect y se seleccionaron estudios que cumplieran con criterios de inclusión predefinidos. Este artículo de revisión sistemática de literatura proporciona una visión general del ML y la IA aplicada y sus modelos. Los hallazgos destacan tanto los avances prometedores como los desafíos pendientes, lo que puede servir como base para futuras investigaciones y aplicaciones en el sector salud.",https://www.researchgate.net/profile/Albano-Alexander-Rojas-Britto-2/publication/389177726_PROPUESTA_DE_ESTRUCTURACION_DEL_SISTEMA_DE_COSTOS_EN_LA_EMPRESA_PET_Y_MECANIZADOS_DEL_VALLE_SAS/links/67b7fb048311ce680c6d2670/PROPUESTA-DE-ESTRUCTURACION-DEL-SISTEMA-DE-COSTOS-EN-LA-EMPRESA-PET-Y-MECANIZADOS-DEL-VALLE-SAS.pdf#page=277
304,Искусственный интеллект для прогнозирования отдаленных результатов лечения больных колоректальным раком (систематический обзор и метаанализ),"R. Sh. Abdulaeva, V. I. Pavlova, T. G. Gevorkyan, Y. V. Belenkaya, M. Sh. Manukyan, S. S. Gordeev, Р. Ш. Абдулаева, В. И. Павлова, Т. Г. Геворкян, Я. В. Беленькая, М. Ш. Манукян, С. С. Гордеев",2025,"Abstract

Artificial intelligence for predicting long-term outcomes in patients with colorectal cancer (a systematic review and meta-analysis) | Abdulaeva | Koloproktologia",https://www.ruproctology.com/jour/article/view/2061
305,Literature Review of Methods for Detecting Non-Technical Electricity Losses in Distribution Grids,"Irbek D. Morgoev, Roman V. Klyuev, Angelika D. Morgoeva",2025,"Abstract

The widespread deployment of advanced metering infrastructure (AMI) and smart grid technologies has significantly expanded the availability of high-resolution electricity consumption data in distribution networks. This creates new opportunities for addressing non-technical losses (NTL). This paper presents a systematic literature review of data-driven methods for NTL detection based on an analysis of 79 relevant scientific publications from leading databases (IEEE Xplore, Springer, MDPI, and ScienceDirect) indexed in Scopus/Scimago over the period 2020–2025. The reviewed methods are categorized according to a novel triad of criteria: the analytical paradigm, the input data structure, and the required level of grid digitalization. A comparative analysis reveals distinct performance profiles: supervised classification methods, particularly hybrid and ensemble models, enable high-accuracy detection, with many studies reporting F1-scores exceeding 0.95 on benchmark datasets, yet they require extensive labeled data from AMI systems. Unsupervised clustering techniques offer a practical alternative for grids with partial or no AMI by analyzing aggregated consumption patterns. Forecasting-based (regression) methods facilitate continuous consumption monitoring and anomaly detection via deviation analysis, while scenario-modeling techniques provide strategic tools for evaluating the potential impact of NTL reduction measures. This review critically examines the causes of NTL, feature engineering strategies, software tools, and key challenges such as data imbalance, model interpretability, and real-world deployment constraints. The synthesis provides a utility-centric framework for method selection, offering practical recommendations tailored to different infrastructure profiles. The proposed systematization bridges methodological gaps and supports the development of context-aware, data-driven solutions for modern and evolving power systems.

Received: 3 July 2025 | Revised: 8 January 2026 | Accepted: 14 January 2026

Conflicts of Interest

The authors declare that they have no conflicts of interest to this work.

Data Availability Statement

Data sharing is not applicable to this article as no new data were created or analyzed in this study.

Author Contribution Statement

Irbek D. Morgoev: Conceptualization, Methodology, Formal analysis, Investigation, Data curation, Writing – original draft, Writing – review & editing, Visualization. Roman V. Klyuev: Conceptualization, Formal analysis, Writing – review & editing, Supervision. Angelika D. Morgoeva: Validation, Formal analysis, Investigation, Writing – original draft, Writing – review & editing, Project administration.",https://ojs.bonviewpress.com/index.php/AIA/article/view/6686
306,Implementation of Big Data Analytics in Credit Risk Management in the Banking and Financial Services Sector: A Contemporary Literature Review,Md Junayed Hossain,2023,"Abstract

The study conducts a comprehensive contemporary literature review taking the existing works between 2016 to 2022 to investigate the utilization of Big Data analytics in the banking and financial services industry, with a specific focus on the application of these techniques in credit risk management and assessment. The findings indicate that IEEE has been the leading publisher in this field, and the most prevalent domain is business, management, and accounting. Additionally, it was observed that China has been the most significant contributor in this area of research. In addressing the research questions, it was determined that Random Forest and Random Forest-based techniques have been the most deployed for credit risk assessment such as loan default, and it has been demonstrated that integrated algorithms are efficient. However, the potential of other data processing algorithms with Random Forest in this domain requires further exploration. Furthermore, further research is necessary to address and overcome the challenges and obstacles encountered in addressing the third research question. This review provides a useful reference source in guiding the credit risk management and assessment using Big Data analytics for both academic and practical industries.",https://papers.ssrn.com/sol3/papers.cfm?abstract_id=4441658
307,www.tandfonline.com,"A Alonso-Robisco, J Bas, JM Carbo…",2025,https://www.tandfonline.com/doi/abs/10.1080/20430795.2024.2370325,https://www.tandfonline.com/doi/abs/10.1080/20430795.2024.2370325
308,Análise Multiobjetivo dos Impactos da Reconfiguração de Sistemas de Distribuição com Geração Distribuída,"Brenda L. M. Santos, Luciano S. Barros, Fernando A. Moreira, Daniel Barbosa",2024,"Abstract

Network reconfiguration stands out as a cost-effective solution to increase the DER hosting capacity. Nevertheless, the modification of network topology may cause adverse effects on other performance indicators of the distribution system, e.g., voltage deviation and power losses. For this reason, this paper conducts a comprehensive multi-objective analysis by simultaneously assessing the impacts of network reconfiguration on DER hosting capacity, voltage deviation, and power losses. Furthermore, the concepts of dominance are applied to classify the identified solutions, while the Fuzzy Decision Making method is used to define the final solution. Based on the analysis of 15,360 radial topologies in the IEEE 33-bus system, it was observed that improving all three performance indicators simultaneously is not feasible, revealing a trade- off relationship among the system’s topologies. Consequently, this article assists the systems operators in the decision-making process by aligning with their priorities.",https://repositorio.unesp.br/entities/publication/9e95964c-acd6-411b-bc5e-ee67fcc7955c
309,ietresearch.onlinelibrary.wiley.com,"R Zhang, R Liu, H Ma, G Chu, L Chen…",2026,"Abstract ABSTRACT
Ruptured intracranial aneurysms (IAs) are the leading cause of aSAH. There are limitations in combining traditional imaging methods (CTA and DSA) and clinical scores (PHASES) to predict IAs rupture risk, whereas artificial intelligence (AI) algorithms show potential. This meta‐analysis evaluated AI algorithm performance for predicting IAs rupture risk based on CTA and DSA. As of February 2025, we searched Web of Science, PubMed, Scopus, and Embase, extracting TP, FP, FN, and TN from included studies. The combined sensitivity, specificity, and AUC were synthesised with a bivariate random‐effects model. Subgroup analyses were performed. PROSPERO: CRD420251008866. Twenty studies (13,232 patients, 14,344 IAs) reported pooled sensitivity 0.84 (95% CI: 0.80–0.87), specificity 0.82 (95% CI: 0.78–0.86), and AUC 0.90 (95% CI: 0.87–0.92) with substantial heterogeneity. Subgroup analyses showed DOR in the DSA versus CTA groups (DSA 23.55, CTA 22.21) with persistent heterogeneity. The clinical‐morphological‐radiomics group had DOR 18.76 without heterogeneity. By publication year, 2021 group had a lower DOR (12.99) versus 2022 (23.03) versus 2023 (26.98), with low heterogeneity. AI algorithms predicting IAs rupture risk based on CTA and DSA demonstrate high diagnostic accuracy and have potential to advance the field.",https://ietresearch.onlinelibrary.wiley.com/doi/abs/10.1049/syb2.70050
310,"Artificial intelligence-driven electrolyte chemistry for lithium-ion batteries: Mechanisms, progress and strategic perspectives","J Chen, N Qin, F Pei, Y Zhang, Y Qiao, Y Yu…",2026,"Abstract We highlight the emerging role of artificial intelligence in electrolyte science, positioning it as a transformative strategy for advancing next-generation electrochemical energy storage.",https://pubs.rsc.org/ee/article-abstract/doi/10.1039/D6EE01488G/1281091
311,Integrating Artificial Intelligence with Wearable Sensors for Advanced Health Monitoring and Diagnosis,"Dongyoun Kim, Syed Saad Ahmed, Amirhossein Amjad, Kwanghee Won, Xiaojun Xian",18-Jun-26,"Abstract

Wearable healthcare technologies are transforming the healthcare landscape by enabling remote, real-time health data collection, supporting early diagnosis, personalizing treatment plans, and reducing healthcare costs and medical burdens. Central to these advancements are wearable sensors, which continuously capture physiological data such as heart rate, temperature, activity levels, and biomarker concentrations. However, the large volume and complexity of this data demand effective processing to extract meaningful medical insights. Artificial intelligence (AI) and machine learning (ML) have significantly enhanced the capabilities of wearable sensors by enabling advanced data analysis, pattern recognition, and predictive modeling. AI-enhanced wearable sensors can detect early signs of health issues, such as heart attacks, chronic diseases, and mental health conditions like stress, often before clinical symptoms become apparent. This review examines the integration of AI/ML models with wearable sensors across physical activity recognition, stress assessment, cardiovascular monitoring, personal exposure monitoring, and sweat biomarker detection. Unlike prior application-centered reviews, we emphasize methodological and translational evaluation by comparing task formulations, sensing modalities, dataset scale, validation protocols, performance metrics, and deployment constraints across domains. We further discuss advanced architectures, multimodal fusion, explainable AI, edge deployment, privacy and regulatory considerations, and the translational gap between research prototypes and clinically deployable wearable AI systems.",https://www.mdpi.com/2079-6374/16/6/344
312,Artificial intelligence in rheumatoid arthritis: current applications and future perspectives,"Zhanhui Sun, Chengzhang Li, Kairui Zhu, Liying Xu, Yulong Mu, Guoyu Wang, Lu Shi, Youjie Li, Yanmei Li",8/26/2026,"Abstract Rheumatoid arthritis (RA) is a highly prevalent systemic autoimmune disease characterized by a complex and partially understood pathogenesis. The substantial challenges in early identification and marked therapeutic heterogeneity pose a significant burden on affected patients. Despite notable advancements in diagnostic techniques and therapeutic interventions in recent years, optimal patient care remains hindered by several ongoing clinical challenges. To address these limitations, artificial intelligence (AI) has been increasingly integrated into the field of rheumatology. By leveraging its potent capabilities in large-scale data and medical image processing, AI offers diversified and individualized approaches to RA diagnosis and management. Herein, following a review of the fundamental concepts of RA and AI, we explore the multifaceted applications of AI across RA diagnosis, treatment response prediction, de novo drug discovery, and both clinical and basic science research. Furthermore, we provide a comprehensive analysis of the strengths and pitfalls of implementing these models in real-world clinical . By summarizing the AI technologies that either hold significant promise for practical clinical application or have already been translated into routine practice, this review aims to catalyze the progress of AI-guided precision medicine and drive the intelligent evolution of RA management.",https://www.frontiersin.org/journals/medicine/articles/10.3389/fmed.2026.1914306/full
313,"Machine Learning in Vibration Control, Vibration Energy Harvesting, and Structural Health Monitoring: A Review","Houfan Du, Bohao Duan, Dongmei Huang, Lu Wang, Grzegorz Litak, Haitao Xu",2026,"Abstract

With the widespread adoption of sensors, research into vibration control (VC), vibration energy harvesting (VEH), and structural health monitoring (SHM) has garnered growing attention. However, conventional methods in these fields struggle with high-dimensional, multisource data processing, while machine learning (ML) has emerged as a promising solution for handling nonlinear, complex vibration-related data and enabling real-time data analysis. Existing reviews typically focus on ML applications in a single domain, lacking a cross-field synthesis. This review comprehensively summarizes the latest ML advances in VC, VEH, and SHM. For VC, it addresses the challenge of adapting to dynamic operational conditions and outlines prospects of adaptive control via reinforcement learning (RL). For VEH, it targets unstable energy conversion under random ambient vibrations and highlights optimized harvesting strategies using deep learning. For SHM, it tackles microdamage feature masking by environmental interference and envisions improved detection via computer vision models. It further analyzes domain-specific ML challenges and emerging research directions, providing readers with a unified cross-field framework, clear technical bottleneck insights, and actionable guidance for advancing intelligent vibration-related engineering systems.",https://ieeexplore.ieee.org/abstract/document/11543180/
314,AI-Enabled Approach for the Early Detection of Gestational Diabetes and Retinal Vessel Segmentation,"Zaky, Hesham",2022,"Abstract

Explore millions of resources from scholarly journals, books, newspapers, videos and more, on the ProQuest Platform.",https://search.proquest.com/openview/0384ea11ccf6381fa7eae3948ceb2fe6/1?pq-origsite=gscholar&cbl=2026366&diss=y
315,"Applications of Machine Learning in High-Entropy Alloys: Phase Prediction, Performance Optimization, and Compositional Space Exploration.","Xiaotian Xu, Zhongping He, Kaiyuan Zheng, Lun Che, Wei Feng",2025,"Abstract: The rapid advancement of machine learning (ML) has ushered in a new era for materials science, particularly in the design and understanding of high-entropy alloys (HEAs). As a class of compositionally complex materials, HEAs have greatly benefited from the predictive power and computational efficiency of ML techniques. Recent years have witnessed remarkable expansion in the scope and sophistication of ML applications to HEAs, spanning from phase formation prediction to property and microstructure modeling. These developments have significantly accelerated the discovery and optimization of novel HEA systems. This review provides a comprehensive overview of the current progress and emerging trends in applying ML to HEA research. We first discuss phase prediction methodologies, encompassing both pure ML frameworks and hybrid physics-informed models. Subsequently, we summarize advances in ML-driven prediction of HEA properties and microstructural features. Further sections highlight the role of ML in exploring vast compositional spaces, guiding the design of high-performance HEAs, and optimizing existing alloys through data-driven algorithms. Finally, the challenges and limitations of current approaches are critically examined, and future directions are proposed toward interpretable models, mechanistic understanding, and efficient exploration of the HEA design space.",https://openurl.ebsco.com/contentitem/gcd:190532709?sid=ebsco:plink:crawler-gcd&id=ebsco:gcd:190532709&crl=c&jrnl=20754701
316,A review of Credit Rating models: A combined analysis and suggestions for future research.,"SF Mousavi, A Gazori-Nishabori",2023,"Abstract

The key to solving the problem of obtaining complex facilities is to create a suitable credit rating model that can provide technical support for the approval of granting facilities provided by small and micro enterprises. Credit rating agencies perform assessment to support financial institutions in processing debts. Added literature in the field of credit rating from January 2015 to August 2023 was analyzed to discover opportunities for further research. Bibliometric analysis was used to understand the existing literature. Subsequently, through structured review theories, the methods used by researchers and credit rating agencies were examined. A hybrid literature review was developed by integrating bibliometric and structured review of research articles from widely recognize d databases. A sample of 72 articles has been made and studied to identify the gaps in the field of credit rating and create a suitable solution to fill such gaps. The results showed that most studies appeared as post-financial crisis effects reported in 2016 and 2023. It contributes to the existing literature by encouraging researchers and credit rating agencies to develop a specific credit rating system by evaluating existing models and improvising them by adopting advanced techniques such as multiple reg ression, neural networks, aggregate learning, and machine learning.",https://www.jise.ir/article_178167_069cf47c2c8816b5b9586667b50b59e1.pdf
317,"Pyroptosis-Related Gene Signatures Enable Robustly Diagnosis, Prognosis and Immune Responses Prediction in Uterine Corpus Endometrial Carcinoma","Xuanming Chen, Xiangyu Jin, Jiafu Wang, Hanfei Li, Chuanfang Wu, Jinku Bao",2025,"Abstract

Purpose: Uterine corpus endometrial carcinoma (UCEC) is a gynecological malignancy with poor prognosis and high lethality rates. Pyroptosis, a pro-inflammatory programmed cell death pattern, significantly influences tumor growth, development, and metastasis. We intend to explore whether pyroptosis-related genes can be screened as targets for early detection and patient prognosis. 

Methods: We used nine common machine learning algorithms to build classifiers based on the pyroptosis-related genes, evaluated the classifiers' performance using metrics like the receiver operating characteristic curve (ROC), and verified the results using external datasets. Using Least Absolute Shrinkage and Selection Operator (LASSO) regression analysis, we built a predictive model. ROC and univariate/multivariate Cox analyses were used to assess the model's performance and its independence in predicting patient prognosis. We used a variety of statistical methods and algorithms to investigate the connection between tumor immunity and pyroptosis-related genes. 

Results: We identified 26 pyroptosis-related genes associated with the diagnosis and prognosis of UCEC. We found the logistic regression classifier performing the best. We then constructed a predictive model based on seven PRGs about IRF2, TIRAP, BAK1, GSDMD, CHMP2A, GPX4, CHMP2B . The pyroptosis-related gene risk signature (PRGRS) effectively classified UCEC patients. We demonstrated that PRGRS independently impacted UCEC prognosis and confirmed its expression using qRT-PCR experiments. Furthermore, we found associations between PRGRS and tumor immune response. 

Conclusion: Our study highlights novel pyroptosis-related gene signatures that may be utilized for early screening and prognosis prediction in UCEC patients, offering potential targets for future research and guidance for personalized anticancer therapies.",https://pmc.ncbi.nlm.nih.gov/articles/PMC12171010/
318,A Comprehensive Review on RNA Subcellular Localization Prediction,"Cece Zhang, Xuehuan Zhu, Nick Peterson, Jieqiong Wang, Shibiao Wan",2025,"Abstract

The subcellular localization of RNAs, including long non-coding RNAs (lncRNAs), messenger RNAs (mRNAs), microRNAs (miRNAs) and other smaller RNAs, plays a critical role in determining their biological functions. For instance, lncRNAs are predominantly associated with chromatin and act as regulators of gene transcription and chromatin structure, while mRNAs are distributed across the nucleus and cytoplasm, facilitating the transport of genetic information for protein synthesis. Understanding RNA localization sheds light on processes like gene expression regulation with spatial and temporal precision. However, traditional wet lab methods for determining RNA localization, such as in situ hybridization, are often time-consuming, resource-demanding, and costly. To overcome these challenges, computational methods leveraging artificial intelligence (AI) and machine learning (ML) have emerged as powerful alternatives, enabling large-scale prediction of RNA subcellular localization. This paper provides a comprehensive review of the latest advancements in AI-based approaches for RNA subcellular localization prediction, covering various RNA types and focusing on sequence-based, image-based, and hybrid methodologies that combine both data types. We highlight the potential of these methods to accelerate RNA research, uncover molecular pathways, and guide targeted disease treatments. Furthermore, we critically discuss the challenges in AI/ML approaches for RNA subcellular localization, such as data scarcity and lack of benchmarks, and opportunities to address them. This review aims to serve as a valuable resource for researchers seeking to develop innovative solutions in the field of RNA subcellular localization and beyond.",https://pmc.ncbi.nlm.nih.gov/articles/PMC12045386/
319,A Systematic Review on Intelligent Prediction of Inorganic Building Materials Performance,"Mengru Li, Zhenya Zhang, Xianyi Zeng, Zhenglei He",21-May-25,"Abstract
The construction industry is crucial for economic and social development. Inorganic materials, which rely on natural minerals and are affected by uncertainties, hold a large share in the construction market. As building materials are from process—intensive industries, complex and continuous processing magnifies deviations, directly affecting product quality. Computational intelligent methods are effective for accurately predicting product quality. This paper focuses on inorganic building materials and systematically reviews computational intelligent techniques in this field. It comprehensively explores 234 related studies in 6 key areas (concrete, ceramics, glass, clay bricks, cement, and steel), compiles prediction models, evaluates them, analyzes model configurations and properties to gain insights into the field and identify optimal approaches. It points out model limitations, such as high computational costs, data-hungry, and suggests future research directions like practicality and promoting green initiatives through material circulation.",https://link.springer.com/article/10.1007/s44196-025-00843-2
320,Predição da Litologia por Machine Learning Utilizando Perfis de Perfuração,"Eric Monteiro e Lobo Luz, Karla Figueiredo",2020,https://repositorio.unesp.br/entities/publication/b45a1323-61b4-4362-8b1d-adf0f78d38ea,https://repositorio.unesp.br/entities/publication/b45a1323-61b4-4362-8b1d-adf0f78d38ea
321,Methods of Forecasting Electric Energy Consumption: A Literature Review,"Roman V. Klyuev, Irbek D. Morgoev, Angelika D. Morgoeva, Oksana A. Gavrina, Nikita V. Martyushev, Egor A. Efremenkov, Qi Mengxu",25-Nov-22,"Abstract

Balancing the production and consumption of electricity is an urgent task. Its implementation largely depends on the means and methods of planning electricity production. Forecasting is one of the planning tools since the availability of an accurate forecast is a mechanism for increasing the validity of management decisions. This study provides an overview of the methods used to predict electricity supply requirements to different objects. The methods have been reviewed analytically, taking into account the forecast classification according to the anticipation period. In this way, the methods used in operative, short-term, medium-term, and long-term forecasting have been considered. Both classical and modern forecasting methods have been identified when forecasting electric energy consumption. Classical forecasting methods are based on the theory of regression and statistical analysis (regression, autoregressive models); probabilistic forecasting methods and modern forecasting methods use classical and deep-machine-learning algorithms, rank analysis methodology, fuzzy set theory, singular spectral analysis, wavelet transformations, Gray models, etc. Due to the need to take into account the specifics of each subject area characterizing an energy facility to obtain reliable forecast results, power consumption modeling remains an urgent task despite a wide variety of other methods. The review was conducted with an assessment of the methods according to the following criteria: labor intensity, requirements for the initial data set, scope of application, accuracy of the forecasting method, the possibility of application for other forecasting horizons. The above classification of methods according to the anticipation period allows highlights the fact that when predicting power consumption for different time intervals, the same methods are often used. Therefore, it is worth emphasizing the importance of classifying the forecast over the forecasting horizon not to differentiate the methods used to predict electricity consumption for each period but to consider the specifics of each type of forecasting (operative, short-term, medium-term, long-term).",https://www.mdpi.com/1996-1073/15/23/8919
322,Towards a minimum universal features set for IoT DDoS attack detection,"Osama Ebrahem, Salah Dowaji, Suhel Alhammoud",11-Apr-25,"Abstract
Dimensionality reduction is one basic and critical technology for data mining, especially in the current “big data” era. It is the process of reducing the number of features (or dimensions) in a dataset while retaining as much information as possible. This can be done for a variety of reasons, such as reducing the complexity of a model, improving the performance of a learning algorithm, or making it easier to visualize the data. Motivated from aforementioned reasons, this paper proposed a new feature reduction approach, which reduce and weight the most important features from of universal features set to fit the big data analytics on IoT based cybersecurity systems. The minimal number of features are chosen by using feature selection methods (ANOVA, Variance Threshold, Information Gain, Chi Square) which performed on the IoT-23 dataset. According to the approach, we divided the universal features into several subgroups, and evaluated the performance of ML Algorithms (NB, KNN, RF, LR). Extensive experiments are performed on the CICIDS2017 dataset to validate the effectiveness of the proposed approach. As a result, the Random Forest algorithm was the best in terms of performance, as the lowest value of all metrics (Accuracy, Precision, Recall, F1-Score) we obtained was 93%, except for the case in which we used features that we assumed were the least important feature subset. The proposed approach reduced the number of features to only two features and achieved high results.",https://link.springer.com/article/10.1186/s40537-025-01146-1
323,Application of precision livestock farming: challenges and opportunities.,"Muhammad Ikhsan Sani, Mariska van der Voort, Bedir Tekinerdogan, Henk Hogeveen",2025,"Abstract

Sensor systems have increasingly been explored as tools to support precision livestock farming, particularly in monitoring cow health and improving decision-making.This systematic literature review aims to evaluate advancements in sensor systems for detecting health conditions in dairy cows especially on mastitis, fertility, locomotion, and metabolic disorders.Relevant articles published between 2014 and 2024 were identified from Scopus.Each article was categorized by health condition and assigned to one of four development levels: sensor technique (Level I), data interpretation (Level II), integration of information (Level III), and decision making (Level IV).Relevant information from the articles was systematically reviewed and discussed.We identified 132 articles published in the past 10 years, describing a total of 151 sensor systems.Most sensor systems were aimed at mastitis and reproduction, followed by locomotion and metabolic disorders.The far majority of the articles were at level II (data interpretation) presenting research on (novel) algorithms to detect disease.A large number of different statistical, machine-learning or deep-learning models were described and evaluated, among others random forests.Level II systems applied statistical analysis or machine-learning/deep-learning models (e.g., random forests, you only look once, support vector machine, or convolutional neural network).These algorithms used a wide range of sensor data.Only a few articles aimed at level III research, integration of information and decision support.The Level III sensor systems integrated information from the sensor with economic information and other information (i.e., medication dosage, cost per disease, and supplier selection) and simulated various treatment scenarios.This review highlights the need for sensor systems research to be driven by real-world requirements for on-farm decision making.To move from proof-of-concept toward practical, future research must integrate sensor outputs with herd records and financial models, validate systems across multiple farms and at higher data frequencies, and embed economic evaluation alongside sensitivity and specificity metrics.Addressing these technical, integration, and economic challenges is essential before sensor systems can fully support automated, value-driven health management on commercial dairy farms.",https://www.cabidigitallibrary.org/doi/abs/10.31220/agriRxiv.2025.00383
324,Planter: Rapid Prototyping of In-Network Machine Learning Inference,"Changgang Zheng, Mingyuan Zang, Xinpeng Hong, Liam Perreault, Riyad Bensoussane, Shay Vargaftik, Yaniv Ben-Itzhak, Noa Zilberman",2024,"Abstract

In-network machine learning inference provides high throughput and low latency. It is ideally located within the network, power efficient, and improves applications' performance. Despite its advantages, the bar to in-network machine learning research is high, requiring significant expertise in programmable data planes, in addition to knowledge of machine learning and the application area. Existing solutions are mostly one-time efforts, hard to reproduce, change, or port across platforms. In this paper, we present Planter: a modular and efficient open-source framework for rapid prototyping of in-network machine learning models across a range of platforms and pipeline architectures. By identifying general mapping methodologies for machine learning algorithms, Planter introduces new machine learning mappings and improves existing ones. It provides users with several example use cases and supports different datasets, and was already extended by users to new fields and applications. Our evaluation shows that Planter improves machine learning performance compared with previous model-tailored works, while significantly reducing resource consumption and co-existing with network functionality. Planter-supported algorithms run at line rate on unmodified commodity hardware, providing billions of inference decisions per second.",https://dl.acm.org/doi/abs/10.1145/3687230.3687232
325,Statistical investigation of a dehumidification system performance using Gaussian process regression,"De Silva, Ramindu",2019,"Abstract

Explore millions of resources from scholarly journals, books, newspapers, videos and more, on the ProQuest Platform.",https://search.proquest.com/openview/ccfd00993b73b7e876402c7d09913b42/1?pq-origsite=gscholar&cbl=2026366&diss=y
326,Analytical Models to Optimize Tacrolimus Dosing in Solid Organ Transplantation: A Systematic Review,"Elmira Amooei, Nandini Biyani, Amos Buh, Martin M. Klamrowski, Nawaf M. Alyahya, Christopher R. McCudden, James R. Green, Babak Rashidi, Haya Almuzirai, Stephanie Hoar, Ayub Akbari, Gregory L. Hundemer, Ran Klein",31-Mar-26,"Abstract

Background: Tacrolimus dose optimization remains challenging due to its narrow therapeutic range and multiple influencing variables. This systematic review aimed to identify effective analytical modeling techniques for optimal tacrolimus dose prediction in solid organ transplant recipients. 

Methods: Two independent researchers conducted a comprehensive review of studies examining analytical models that optimize tacrolimus dosing, searching Medline, Scopus, Embase, Web of Science, and PubMed. 

Results: In total, 115 studies met the inclusion criteria. Pharmacokinetic models (74 studies), particularly two-compartment with Bayesian forecasting, were most frequently used. Machine learning (ML) approaches, with increasing adoption, have demonstrated promising improved predictive accuracy. Key predictive variables included CYP3A5 genotype, hematocrit levels, post-operative days, and weight; however, the significance of genomic features seemed to diminish progressively as therapeutic drug monitoring calibrates dosing in the months following post-transplant. Only ten studies performed external validation, and none incorporated adherence data or predicted long-term graft outcomes. 

Conclusions: Clinical deployment of predictive models for tacrolimus dosing remains uncommon. In research, pharmacokinetic models remain prevalent, with ML approaches showing early incremental promise. Limited external validation raises generalizability concerns. Future research should prioritize outcome-based evaluation metrics rather than error metrics.",https://www.mdpi.com/1999-4923/18/4/430
327,Leveraging AI Models/Tools for Human Fertility,"KC Santosh, Debasmita Ghosh Roy",25-Oct-25,"Abstract
This chapter delves into the emerging role of artificial intelligence in reproductive medicine, with a focus on its practical applications in fertility analysis and intervention. It emphasizes the significance of core AI methodologies such as feature selection, data balancing, and algorithm optimization in building effective predictive models. The discussion covers AI-based identification and assessment of fertility-related factors in both males and females. A series of case studies is presented to summarize real-world applications and highlight key conceptual insights. These insights not only enhance the understanding of infertility but also offer promising directions for addressing this pressing global health issue. The chapter ultimately encourages a methodical and proactive approach to advancing fertility research through AI-driven solutions.",https://link.springer.com/chapter/10.1007/978-981-95-1248-5_4
328,A systematic literature review of explainable... : Journal of Medical Artificial Intelligence,"Cessie Valenie Anak Edwin, Phei Chin Lim, Dayang Nurfatimah binti Awang Iskandar, Diana Leh Ching Ng",2026,"Abstract

BackgroundThe reduced quality and risks to life brought on by bronchial asthma (BA) have heightened the need for trustworthy risk assessment...",https://www.ovid.com/jnls/jmai/abstract/10.21037/jmai-24-204~a-systematic-literature-review-of-explainable-risk
329,Machine Learning Methods in Climate Finance: A Systematic Review,"Andrés Alonso, José Manuel Carbó, J. Manuel Marqués",2023,"Abstract

Preventing the materialization of climate change is one of the main challenges of our time. The involvement of the financial sector is a fundamental pillar in this task, which has led to the emergence of a new field in the literature, climate finance. In turn, the use of Machine Learning (ML) as a tool to analyze climate finance is on the rise, due to the need to use big data to collect new climate-related information and model complex non-linear relationships. Considering the proliferation of articles in this field, and the potential for the use of ML, we propose a review of the academic literature to assess how ML is enabling climate finance to scale up. The main contribution of this paper is to provide a structure of application domains in a highly fragmented research field, aiming to spur further innovative work from ML experts. To pursue this objective, first we perform a systematic search of three scientific databases to assemble a corpus of relevant studies. Using topic modeling (Latent Dirichlet Allocation) we uncover representative thematic clusters. This allows us to statistically identify seven granular areas where ML is playing a significant role in climate finance literature: natural hazards, biodiversity, agricultural risk, carbon markets, energy economics, ESG factors &amp;amp; investing, and climate data. Second, we perform an analysis highlighting publication trends; and thirdly, we show a breakdown of ML methods applied by research area.",https://papers.ssrn.com/sol3/papers.cfm?abstract_id=4352569
330,Ballistic Performance Analysis of Silicon Carbide Ceramic Body Armor Using Finite Element Method and Machine Learning Algorithms,HB Mutu,2025,"Abstract This study presents a machine learning-based approach for predicting the residual velocity of projectiles impacting silicon carbide (SiC) ceramic body armor plates of varying thicknesses. Explicit dynamic simulations were performed using the ANSYS finite element software to model the ballistic response of the armor under high-velocity impact. Key input parameters included projectile type, bullet muzzle velocity, ceramic thickness, and mesh size. The output parameter of interest was the residual velocity of the projectile after impact. Simulation data were used to train and evaluate three different machine learning models: Linear Regression, ElasticNet, and Multilayer Perceptron (MLP). The predictive performance of each model was assessed using the coefficient of determination (R), mean absolute error (MAE), and root mean square error (RMSE) metrics across both training and testing datasets. Among the tested algorithms, the MLP model achieved the highest accuracy and lowest error values, demonstrating superior capability in capturing the complex nonlinear relationships governing ballistic impact phenomena.The findings indicate that machine learning techniques, when trained with high-fidelity simulation data, can serve as efficient predictive tools for estimating residual velocity in ballistic protection applications. This approach can significantly reduce the need for extensive physical testing and computationally expensive simulations during the preliminary design phase of protective armor systems, thereby accelerating the material selection and optimization process.",https://dergipark.org.tr/en/pub/khosbd/issue/95460/1731217
331,advanced.onlinelibrary.wiley.com,KS Kim,2026,"Abstract Machine learning (ML) has revolutionized energy materials discovery through two key paradigms: ML potentials enabling quantum‐accurate atomistic simulations with 2‐4 orders of magnitude speedup over density functional theory, and ML‐driven screening that efficiently navigates vast chemical spaces for rapid materials optimization. Advanced approaches, including graph neural networks and sparse Gaussian process regression incorporate physical symmetries and conservation laws, going beyond traditional statistical methods. Applications span battery materials, electrocatalysts, solar cells, phase change memory, and hydrogen storage systems, enabling simulations of thousands of atoms over extended timescales beyond the reach of quantum mechanical methods. Together, these complementary ML approaches enable predictive computational models spanning atomic to macroscopic scales. Current challenges include data quality, extrapolation to new chemical spaces, and physical interpretability. Emerging solutions involve equivariant architectures, active learning strategies, and physics‐informed neural networks. The convergence of ML methodologies with experimental workflows can accelerate materials discovery and optimization. This addresses critical sustainable energy challenges in conversion, storage, and utilization while supporting the development of autonomous discovery platforms. In this way, ML helps overcome computational limitations in multiscale energy materials research and supports the efficient design of novel materials with tailored properties.",https://advanced.onlinelibrary.wiley.com/doi/abs/10.1002/aenm.202503356
332,"Mining genes, genomic selection and simulation breeding on hundred-seed weight using a four-way RIL population","Shuchao Liu, Xianmin Lu, Jiufeng Zhao, Fulin Shan, Zhiyuan Yu, Xu Sun, Guizheng Wang, Haojie Xie, Yanming Zhou, Bo Hu, Wen-Xia Li, Hailong Ning",4/23/2026,"Abstract Hundred-seed weight (HSW) is a critical determinant of soybean yield potential, yet its genetic dissection is often limited by the restricted allelic diversity of traditional biparental populations. In this study, we developed a four-way recombinant inbred line (FW-RIL) population comprising 144 lines derived from four founders with distinct HSW phenotypes to enhance mapping resolution and allelic richness. By integrating a high-density genetic linkage map with five multi-locus genome-wide association study (GWAS) models, we systemically analyzed the genetic basis of HSW across multiple environments. A total of 16 quantitative trait loci (QTLs) and 40 quantitative trait nucleotides (QTNs) were identified, among which three QTLs and two QTNs were consistently detected across environments and analytical approaches. Co-localization analysis, combined with linkage disequilibrium (LD) mapping, haplotype effect evaluation, and gene expression profiling, prioritized Glyma.02G047200 as the key candidate gene within the stable major-effect locus qHSW-2-1. This gene encodes an oligopeptide transporter, and haplotype analyses demonstrated that elite alleles significantly increase seed weight across diverse genetic backgrounds. Furthermore, comparative evaluation of multiple genomic selection (GS) models revealed that the Light Gradient Boosting Machine (LightGBM) achieved the highest predictive accuracy for HSW. Using this model, breeding simulations identified several high-yielding hybrid combinations pyramiding multiple superior allelic variants. Overall, this study elucidates the genetic determinants of soybean HSW and highlights the effectiveness of integrating multi-parent populations, genomic selection, and molecular design breeding to accelerate yield improvement.",https://www.frontiersin.org/journals/plant-science/articles/10.3389/fpls.2026.1812087/full
333,An Intelligent Approach to Predicting of Heart Problems,"Soltane Merzoug, Hadil Goufi",12-Jul-25,"Abstract
Early detection of heart diseases is a crucial factor for successful healthcare. In recent years, the medical field has witnessed the emergence of various methods to predict heart diseases before they occur, based on machine learning and deep learning. Heart diseases remain a major cause of death worldwide, particularly coronary artery disease, which is one of the most dangerous diseases. It accounts for a significant portion of patient cases and deaths related to cardiovascular diseases, as this disease is latent and does not clinically manifest. Therefore, it is necessary to diagnose and treat it as early as possible. The objective of this work is to develop a predictive model for coronary artery disease capable of detecting its early onset, often fatal.
Our research project aims to predict coronary artery disease using deep learning techniques. We utilized a convolutional neural network to achieve this objective. It is believed that this will contribute to improving early diagnostic rates and reducing complications associated with this disease.",https://link.springer.com/chapter/10.1007/978-3-031-90758-6_10
334,Ormancılıkta makine öğrenmesi kullanımı,"Remzi Eker, Kamber Can Alkiş, Zennure Uçar, Abdurrahim Aydın",2023,"Abstract

Gelişen teknolojiyle beraber diğer disiplinlerde olduğu gibi ormancılıkta da geleneksel uygulamaların daha ekonomik, etkin, hızlı ve kolay yapılabilmesi için yenilikçi yaklaşımların kullanımına talepler ve ihtiyaçlar artmaktadır. Özellikle son dönemde ortaya çıkan ormancılık bilişimi, hassas ormancılık, akıllı ormancılık, Ormancılık (Forestry) 4.0, iklim-akıllı ormancılık, sayısal ormancılık ve ormancılık büyük verisi gibi terimler ormancılık disiplinin gündeminde yer almaya başlamıştır. Bunların neticesinde de makine öğrenmesi ve son dönemde ortaya çıkan otomatik makine öğrenmesi (AutoML) gibi modern yaklaşımların ormancılıkta karar verme süreçlerine entegre edildiği akademik çalışmaların sayısında önemli artışlar gözlenmektedir. Bu çalışma, makine öğrenmesi algoritmalarının Türkçe dilinde anlaşılırlığını daha da artırmak, yaygınlaştırmak ve ilgilenen araştırmacılar için ormancılıkta kullanımına yönelik bir kaynak olarak değerlendirilmesi amacıyla ortaya konulmuştur. Böylece çeşitli ormancılık faaliyetlerinde makine öğrenmesinin hem geçmişten günümüze nasıl kullanıldığını hem de gelecekte kullanım potansiyelini ortaya koyan bir derleme makalesinin ulusal literatüre kazandırılması amaçlanmıştır.",https://dergipark.org.tr/en/pub/tjf/article/1282768?issue_id=78478
335,"Multicenter peritumoral radiomics in oncology: advances, challenges, and future directions","Jie Li, Junting Wei, Ruixin Pan, Dianpei Ma, Zongyu Xie, Zhizhen Gao",23-Mar-26,"Abstract
The peritumoral region harbors critical microenvironmental heterogeneity information and has long been a focal point in radiomics research. This article systematically reviews the progress of multicenter peritumoral radiomics in oncology, with emphasis on its clinical and biological applications. Studies indicate that peritumoral radiomics may demonstrate value in tumor diagnosis/differential diagnosis, molecular subtyping identification, prediction of clinicopathological indicators, prognostic risk assessment, and treatment response evaluation. Multicenter validation shows that incorporating peritumoral features can enhance model performance for certain tasks, with peritumoral characteristics potentially outperforming intratumoral features in specific scenarios. At the biological mechanism level, peritumoral radiomics exhibits associations with genomics and immune microenvironment events, offering novel perspectives for non-invasive tumor biology analysis. However, the field still faces challenges including limited model generalizability, standardization and reproducibility issues, demands for interpretability, ambiguous peritumoral region definitions, and multi-omics integration barriers - these limitations necessitate cautious interpretation of current findings. Future breakthroughs may rely on prospective multicenter studies, standardized protocols, explainable AI techniques, biologically-driven optimization of peritumoral definitions, and innovative multi-omics fusion algorithms. To promote clinical translation, it is necessary to enhance model robustness and interpretability while deepening research on the association with tumor biological mechanisms.",https://link.springer.com/article/10.1186/s13014-026-02817-w
336,A Novel Adaptive Multiclassifier Selection with the Separation Index-Based Feature for Handwriting Analysis,"Behzad Moshiri, Ali Mikaeili Barzili, Erfan NOROZI, Saman Davachi Tousi, Mohammad Khoshnevisan",2025,https://papers.ssrn.com/sol3/papers.cfm?abstract_id=5587991,https://papers.ssrn.com/sol3/papers.cfm?abstract_id=5587991
337,Application of precision livestock farming: challenges and opportunities,"Muhammad Ikhsan Sani, Mariska van der Voort, Bedir Tekinerdogan, Henk Hogeveen",2026,"Abstract

Sensor systems have increasingly been explored as tools to support precision livestock farming, particularly in monitoring cow health and improving decision-making. This systematic literature review aims to evaluate advancements in sensor systems for detecting health conditions in dairy cows especially on mastitis, fertility, locomotion, and metabolic disorders. Relevant articles published between 2014 and 2024 were identified from Scopus. Each article was categorized by health condition and assigned to one of four development levels: sensor technique (Level I), data interpretation (Level II), integration of information (Level III), and decision making (Level IV). Relevant information from the articles was systematically reviewed and discussed. We identified 132 articles published in the past 10 years, describing a total of 151 sensor systems. Most sensor systems were aimed at mastitis and reproduction, followed by locomotion and metabolic disorders. The far majority of the articles were at level II (data interpretation) presenting research on (novel) algorithms to detect disease. A large number of different statistical, machine-learning or deep-learning models were described and evaluated, among others random forests. Level II systems applied statistical analysis or machine-learning/deep-learning models (e.g., random forests, you only look once, support vector machine, or convolutional neural network). These algorithms used a wide range of sensor data. Only a few articles aimed at level III research, integration of information and decision support. The Level III sensor systems integrated information from the sensor with economic information and other information (i.e., medication dosage, cost per disease, and supplier selection) and simulated various treatment scenarios. This review highlights the need for sensor systems research to be driven by real-world requirements for on-farm decision making. To move from proof-of-concept toward practical, future research must integrate sensor outputs with herd records and financial models, validate systems across multiple farms and at higher data frequencies, and embed economic evaluation alongside sensitivity and specificity metrics. Addressing these technical, integration, and economic challenges is essential before sensor systems can fully support automated, value-driven health management on commercial dairy farms.",https://pmc.ncbi.nlm.nih.gov/articles/PMC13064991/
338,EAPCR: A Universal Feature Extractor for Scientific Data without Explicit Feature Relation Patterns,"Zhuohang Yu, Ling An, Yansong Li, Yu Wu, Zeyu Dong, Zhangdi Liu, Le Gao, Zhenyu Zhang, Chichun Zhou",2024,"Abstract

Conventional methods, including Decision Tree (DT)-based methods, have been effective in scientific tasks, such as non-image medical diagnostics, system anomaly detection, and inorganic catalysis efficiency prediction. However, most deep-learning techniques have struggled to surpass or even match this level of success as traditional machine-learning methods. The primary reason is that these applications involve multi-source, heterogeneous data where features lack explicit relationships. This contrasts with image data, where pixels exhibit spatial relationships; textual data, where words have sequential dependencies; and graph data, where nodes are connected through established associations. The absence of explicit Feature Relation Patterns (FRPs) presents a significant challenge for deep learning techniques in scientific applications that are not image, text, and graph-based. In this paper, we introduce EAPCR, a universal feature extractor designed for data without explicit FRPs. Tested across various scientific tasks, EAPCR consistently outperforms traditional methods and bridges the gap where deep learning models fall short. To further demonstrate its robustness, we synthesize a dataset without explicit FRPs. While Kolmogorov-Arnold Network (KAN) and feature extractors like Convolutional Neural Networks (CNNs), Graph Convolutional Networks (GCNs), and Transformers struggle, EAPCR excels, demonstrating its robustness and superior performance in scientific tasks without FRPs.",https://arxiv.org/abs/2411.08164
339,Machine Learning methods in climate finance: a systematic review,"A Alonso-Robisco, JM Carbó, JM Marqués",2023,"Abstract Preventing the materialization of climate change is one of the main challenges of our time. The involvement of the financial sector is a fundamental pillar in this task, which has led to the emergence of a new field in the literature, climate finance. In turn, the use of Machine Learning (ML) as a tool to analyze climate finance is on the rise, due to the need to use big data to collect new climate-related information and model complex non-linear relationships. Considering the proliferation of articles in this field, and the potential for the use of ML, we propose a review of the academic literature to assess how ML is enabling climate finance to scale up. The main contribution of this paper is to provide a structure of application domains in a highly fragmented research field, aiming to spur further innovative work from ML experts. To pursue this objective, first we perform a systematic search of three scientific databases to assemble a corpus of relevant studies. Using topic modeling (Latent Dirichlet Allocation) we uncover representative thematic clusters. This allows us to statistically identify seven granular areas where ML is playing a significant role in climate finance literature: natural hazards, biodiversity, agricultural risk, carbon markets, energy economics, ESG factors &amp;amp; investing, and climate data. Second, we perform an analysis highlighting publication trends; and thirdly, we show a breakdown of ML methods applied by research area.",https://www.bde.es/f/webbde/SES/Secciones/Publicaciones/PublicacionesSeriadas/DocumentosTrabajo/23/Files/dt2310e.pdf?trk=public_post_comment-text
340,Artificial Intelligence Applications for Cleaner Production and Sustainable Development in Southeast Asia: A Systematic Review and Future Research Directions,"Victor James C. Escolano, Yann-Mey Yee, Alexander A. Hernandez, Charmine Sheena R. Saflor, Do Van Nang, Ace C. Lagman",17-Mar-26,"Abstract

Artificial intelligence (AI) has reshaped various aspects of human lives, particularly through its capabilities to address complex sustainability challenges. Despite the rapid expansion of AI applications, their contribution to cleaner production and sustainable development remains underexplored, especially in developing nations. In Southeast Asia (SEA), where AI adoption has grown substantially across environmental, economic, and social dimensions, research that examines its role in cleaner production outcomes remains fragmented. In view of this gap, this study conducts a systematic literature review (SLR) of AI applications related to cleaner production and sustainable development by examining relevant themes, application areas, and sustainability dimensions addressed by AI, while evaluating the maturity of AI methodologies, alignment with cleaner production outcomes, and integration with circular economy and resource efficiency goals. Moreover, it investigates the barriers and challenges that constrain AI application and offers future research directions to advance AI deployment for cleaner production and sustainable development across SEA countries.",https://www.mdpi.com/2227-7080/14/3/182
341,Tuzlu su desalinasyonunda yapay zeka kullanımı,Rabiya Türker Karalı,2025,"Abstract

Tuzlu suyun desalinasyonu, artan küresel su krizine karşı geliştirilen en kritik teknolojilerden biridir. Geleneksel tatlı su kaynaklarının, nüfus artışı, kentleşme ve iklim değişikliğinin getirdiği talepleri karşılamakta yetersiz kalması nedeniyle alternatif çözümler aranmaktadır. Bu çözümler arasında ters ozmoz (RO), membran temelli desalinasyon yöntemleri içinde en verimli, ölçeklenebilir ve yaygın olarak uygulanan yöntem olarak öne çıkmaktadır. Ancak RO'nun etkinliğine rağmen enerji tüketimi ve membran kirlenmesi gibi operasyonel zorlukları vardır. Bu zorluklar, sistem verimliliğini azaltmakta, işletme maliyetlerini artırmakta ve membran modüllerinin kullanım ömrünü sınırlamaktadır. Bu nedenle, RO sistemlerinde kullanılan membranların, özellikle iç akış kanalı geometrisinin optimize edilmesi, sistem performansını ve sürdürülebilirliğini artırmak açısından önemli hale gelmiştir. Son yıllarda yapay zeka (AI), özellikle makine öğrenmesi (ML) yöntemleri, membran teknolojisindeki çok boyutlu ve karmaşık problemleri ele almak için güçlü bir araç olarak öne çıkmaktadır. Geleneksel deneysel ve fizik temelli yaklaşımlar her ne kadar temel oluştursa da; zaman, maliyet ve ölçeklenebilirlik açısından sınırlı kalmakta ve membran geometrisi, işletme parametreleri ve performans çıktıları arasındaki karmaşık ilişkileri tam olarak ortaya koyamamaktadır. Literatürde, AI'nın bu sınırlamaları aşarak yüksek boyutlu verileri işleyebilme, doğrusal olmayan desenleri keşfedebilme ve tasarım sürecini yönlendirme potansiyeli giderek daha fazla vurgulanmaktadır. Ancak çoğu mevcut çalışma, ML'yi ya tek başına ya da dar kapsamlı problemler için uygulamakta; fiziksel simülasyonlardan elde edilen derin içgörüleri yeterince entegre edememektedir. Bu tez çalışması, yenilikçi membran kanal geometrilerinin performansını araştırmak, değerlendirmek ve öngörmek amacıyla hesaplamalı akışkanlar dinamiği (HAD) simülasyonları ve denetimli ML yöntemlerini birleştiren entegre bir çerçeve sunmaktadır. Çalışma, membran performansının akış dağılımı ve yerel türbülans gibi geometrik faktörlerden etkilendiği ve bu performansın alışılmışın dışında kanal yapıları tasarlanarak artırılabileceği hipotezine dayanmaktadır. Bu yapıların amacı, kirlenmeyi azaltmak, basınç düşüşünü azaltmak ve permeat akısını artırmak yoluyla daha enerji verimli bir desalinasyon sağlamaktır. Araştırmanın ilk aşamasında, yapılan ön çalışmalar ile bu hipotezin doğruluğu gösterilmiştir. Öncelikle HAD simülasyonları kullanılarak rastgele akış kanal geometrileri oluşturulmuştur. HAD simülasyonlarında; Navier-Stokes, adveksiyon difüzyon, Langmuir adsorption–desorption, permeat akısı (permeate flux) denklemleri ile Darcy yasası kullanılmış ve literatürde varolan düz ve sinüzoidal yapıdaki geometriler ile karşılaştırılmıştır. Rastgele oluşturulan yeni kanal geometri tasarımlarının membran performansını artırmada etkili olduğu, basınç kaybını minimum seviyede tutarken enerji ve su kalitesini iyileştirdiği tespit edilmiştir. Araştırmanın ikinci aşamasında, sayısal simülasyonlarla oluşturulan veri seti artırılmıştır. B-spline eğrileri kullanılarak üst ve alt kanal yüzeylerini tanımlayan kontrol noktaları rastgele seçilerek 1045 farklı membran akış kanalı geometrisi oluşturulmuştur. Bu geometriler, basit sinüzoidal şekillerden karmaşık, düzensiz dalga desenlerine kadar çeşitli tasarımları içermektedir. Her geometri için yapılandırılmış bir ağ oluşturularak akış dinamikleri, konsantrasyon dağılımları ve kirlenme davranışını analiz eden 3 boyutlu HAD simülasyonları gerçekleştirilmiştir. Her simülasyon, sabit çalışma koşullarında 100 saniye sürdürülmüştür. HAD sonuçlarından üç temel performans metriği çıkarılmıştır: (1) permeat akısı (membrandan geçen su miktarı), (2) kirlenme indeksi (membran yüzeyinde çözünen partikül birikimi) ve (3) kanal giriş ve çıkışı arasındaki basınç düşüşü (akışı sürdürmek için gerekli enerji). Bu metrikler normalize edilip ağırlıklandırılarak enerji verimliliği ve su üretkenliği arasındaki dengeyi temsil eden birleşik performans metriği (BPM) olarak ifade edilmiştir. Oluşturulan 1045 farklı membran akış kanalı geometrisinden ağ oluşturma ve sayısal kararlılık amacıyla nihai 1025 geometri seçilerek veri seti oluşturulmuştur. Kanal geometrileri, spline eğrilerini oluşturan kontrol noktalarının 42 y-koordinatından oluşan sayısal vektörler olarak ifade edilmiştir. Bu veriler, ML modeline giriş olarak kullanılırken BPM ise regresyon hedefi olarak tanımlanmıştır. Çalışmanın devamında, geometrik özelliklerden membran performansını doğrudan tahmin etmek amacıyla denetimli regresyon yöntemi kullanılmıştır. Veri seti rastgele iki gruba ayrılmıştır: 900 geometri eğitim ve çapraz doğrulama için, 125 geometri ise test seti olarak ayrılmıştır. Çapraz doğrulama 10 katlı strateji ile gerçekleştirilmiş ve doğrusal regresyon, ridge regresyon, rastgele orman, k-en yakın komşu, kategoritk artırma (CatBoost), gradyan yükseltme ve hafif gradyan artırma makinesi (LightGBM), fizikle öğrenen yapay sinir ağı (PINN) yöntemi gibi yirmi bir çeşit regresyon modeli test edilmiştir. Modeller ortalama mutlak hata (MAE), ortalama kare hata (MSE), karekök ortalama kare hata (RMSE), belirlilik katsayısı (R²), karekök ortalama logaritmik kare hata (RMSLE) ve ortalama mutlak yüzde hata (MAPE) gibi performans ölçütleri kullanılarak değerlendirilmiştir. En yüksek doğruluk ve genelleme performansını CatBoost modeli sağlamıştır. Test veri setinde yaklaşık %8,8 MAPE ve 5,66 MAE değerleriyle yüksek tahmin doğruluğu elde edilmiştir. Bu sonuçlar, ML modellerinin pahalı ve zaman alan HAD simülasyonlarına güvenilir bir alternatif olduğunu doğrulamıştır. Modelin uygulanma aşamasında eğitim süreleri, tahmin gecikmeleri ve parametre optimizasyonları incelenmiştir. CatBoost, doğruluk açısından olduğu kadar hızlı çalışma süresi ve düşük hesaplama kaynağı kullanımı açısından da öne çıkmıştır. Modelin hiperparametreleri grid arama (grid search) yöntemiyle optimize edilmiştir. Tezin önemli bir katkısı, sonlu sayıdaki HAD simülasyonlarından membran performansının öğrenilip genelleştirilebileceğinin gösterilmesidir. Bu yöntem, tasarım süreçlerini hızlandırarak membran mühendisliğinde veri odaklı optimizasyonlar için yeni olanaklar sunmuştur. Ayrıca, fizik bilgili derin öğrenme ağları (PINN) gibi daha karmaşık bir öğrenme mimarisi, regresyon yaklaşımı için kullanılmış olup diğer modeller ile karşılaştırılabilir bir performans elde edilmiştir. Bu çalışma, akışkanlar mekaniğinde hesaplamalı tasarım alanı için de geniş etkilere sahiptir. Fiziksel simülasyon verilerinin ML modelleriyle entegrasyonu, tasarım süreçlerinin tamamen deneysel veya deneme-yanılma yaklaşımlarından, akıllı ve öngörücü modelleme yaklaşımlarına geçişi sağlamaktadır. Ayrıca, tezde önerilen yöntem geometri ile performans ilişkisinin güçlü olduğu havacılık, mikroakışkanlar, biyomedikal cihaz tasarımları gibi farklı mühendislik alanlarına da uyarlanabilir. Sonuç olarak bu tez, HAD simülasyonları ve makine öğrenimini birleştirerek membran geometrisi optimizasyonu için sağlam, ölçeklenebilir ve etkili bir metodoloji sunmuştur. Önerilen regresyon tahminleme modeli, performans tahminini hızlandırmış, tasarım döngü sürelerini azaltmış ve membran tasarımında akıllı karar almayı desteklemiştir. Fizik tabanlı modelleme ile veri odaklı çıkarımlar arasında köprü kurarak, yüksek performanslı ve sürdürülebilir desalinasyon sistemlerinin yeni nesline katkı sağlamıştır. İleriye dönük olarak, araştırma kapsamında daha fazla geliştirme fırsatları bulunmaktadır. Modelin genelleme yeteneğini artırmak için akış kanal geometrileri, membran malzeme çeşitliliği ve çalışma koşulları kapsamı artırılarak veri seti genişletilebilir. Fizik bilgili derin öğrenme ağlarına (PINN) daha fazla fizik bilgisi sağlanarak modelin performansının artabileceği öngörüsü yapılabilir.",https://polen.itu.edu.tr/items/914ca56a-fa2a-4720-9c45-aa26bb7993db
342,"Engineering carbon credits towards a responsible FinTech era: The practices, implications, and future","Q Zeng, H Xu, N Xu, Z Zhao, J Westerholm…",2024,"Abstract Carbon emissions drive climate change, and carbon credits mitigate climate deterioration and environmental damage while assisting organizations in managing their carbon footprint. Fully utilizing carbon credits remains challenging. This study enhances understanding of the engineering practices for carbon credits to develop responsible fintech solutions and provide insights for carbon emission management. We review the negative impacts of organizations’ strategy of evading carbon management through non-disclosure of carbon emissions. Evidence shows that both non-disclosure of carbon emissions and high carbon emissions negatively affect an organization’s financial stability and market value, suggesting that organizations should manage carbon emissions and transparently share information to mitigate risks. We examine engineering methods for more cost-effective carbon management, focusing on data-driven computing solutions: factors influencing carbon prices, carbon price prediction algorithms for optimized carbon credit purchasing strategies, and corporate carbon emission prediction algorithms. These methods enable performance assessments for investors and governments when carbon emissions data is not disclosed and help organizations estimate future carbon credits needs for budget planning and strategy optimization. Finally, integrating carbon price and carbon emission predictions, we propose future research directions, including prediction of corporate-level carbon management costs, laying a foundation for quantitative research on how carbon management practices impact corporate market value and financial performance. This systematic review provides a comprehensive synthesis of carbon credits with a unique focus on computing solutions and engineering practices, highlighting AI’s role in enhancing transparency and fostering social accountability for an inclusive and trustworthy low-carbon transition.",https://link.springer.com/content/pdf/10.1007/s10462-026-11638-y_reference.pdf
343,search.informit.org,GA Martinez Chavez,2025,"Abstract Informit, the commercial arm of the Royal Melbourne Institute of Technology (RMIT) Libraries, is a leading publisher, in partnership with SilverPlatter Information Inc, of CD-ROM databases for the education and research market in Australia. Describes: the activities of Informit at RMIT; the databases produced; links with the library school at RMIT (Department of Information Management and Library Studies); and marketing activities undertaken by Informit to sell its products. Concludes with a listing of specific Informit CD-ROM databases.",https://search.informit.org/doi/abs/10.3316/informit.T2025122400012501768795219
344,Are you a robot?,"S Volpe, LJ Isaksson, BA Jereczek-Fossa",2024,https://www.sciencedirect.com/science/chapter/edited-volume/pii/B9780443136719000144,https://www.sciencedirect.com/science/chapter/edited-volume/pii/B9780443136719000144
345,Revolutionizing Wind Power Prediction—The Future of Energy Forecasting with Advanced Deep Learning and Strategic Feature Engineering,"Md. Ahasan Habib, M. J. Hossain",3-Mar-24,"Abstract

This paper introduces an innovative framework for wind power prediction that focuses on the future of energy forecasting utilizing intelligent deep learning and strategic feature engineering. This research investigates the application of a state-of-the-art deep learning model for wind energy prediction to make extremely short-term forecasts using real-time data on wind generation from New South Wales, Australia. In contrast with typical approaches to wind energy forecasting, this model relies entirely on historical data and strategic feature engineering to make predictions, rather than relying on meteorological parameters. A hybrid feature engineering strategy that integrates features from several feature generation techniques to obtain the optimal input parameters is a significant contribution to this work. The model’s performance is assessed using key metrics, yielding optimal results with a Mean Absolute Error (MAE) of 8.76, Mean Squared Error (MSE) of 139.49, Root Mean Squared Error (RMSE) of 11.81, R-squared score of 0.997, and Mean Absolute Percentage Error (MAPE) of 4.85%. Additionally, the proposed framework outperforms six other deep learning and hybrid deep learning models in terms of wind energy prediction accuracy. These findings highlight the importance of advanced data analysis for feature generation in data processing, pointing to its key role in boosting the precision of forecasting applications.",https://www.mdpi.com/1996-1073/17/5/1215
346,Artificial Intelligence during a Public Health Crisis: A Trend Analysis of COVID-19 Research,"Sunghye Choi, Chang Kil Lee, Dohyeong Kim",2025,"Abstract

Background: The COVID-19 pandemic prompted a surge in artificial intelligence (AI) research with health-related applications, including diagnosis, forecasting, and policy evaluation. While many reviews have summarized model performance, few have examined the structural relationships between research aims, data types, and algorithm selection.
Objectives: This study presents a narrative review of AI-based COVID-19 research, focusing on how algorithm choices evolved across different functional goals—clinical diagnosis and treatment, infection forecasting, and public health or policy response—and how these choices were shaped by data characteristics and different phases of the pandemic.
Methods: We reviewed 108 peer-reviewed English-language studies published between 2020 and 2024. Each study was categorized by functional objective and analyzed in terms of AI methods used, data types and sources, geographic focus, and modeling strategies. Both quantitative trends and qualitative insights were synthesized.
Results: Convolutional neural networks, support vector machines, and random forests were frequently used and showed broad applicability. Algorithm selection aligned closely with data types: deep learning was dominant in image-based tasks, while structured data often employed tree-based or logistic models. Over time, reliance on public case data declined, while the use of clinical and policy datasets increased. Supervised learning approaches remained dominant, although unsupervised methods were used for sentiment analysis and clustering. Modeling patterns varied significantly by research purpose, reflecting the structural match between methodological design and data context.
Conclusions: AI use in COVID-19 research evolved with changing data environments and research needs. Algorithm choice reflected not only technical capacity, but also alignment with functional objectives and data structures. This narrative review provides guidance for the future development of AI-based tools in public health emergencies.",https://www.e-jehs.org/journal/view.html?pn=search&uid=2255&vmd=Full&all_k=PM%3Csub=%3E2_5=%3C/sub=%3E=&
347,ICT Express,"MS Nazim, A Chakma, MI Joha, SS Alam, MM Rahman…",2011,https://www.researchgate.net/profile/Md-Nazim-5/publication/393287167_Artificial_intelligence_for_estimating_State_of_Health_and_Remaining_Useful_Life_of_EV_batteries_A_systematic_review/links/6866d1cde9b6c13c89e67b4d/Artificial-intelligence-for-estimating-State-of-Health-and-Remaining-Useful-Life-of-EV-batteries-A-systematic-review.pdf,https://www.researchgate.net/profile/Md-Nazim-5/publication/393287167_Artificial_intelligence_for_estimating_State_of_Health_and_Remaining_Useful_Life_of_EV_batteries_A_systematic_review/links/6866d1cde9b6c13c89e67b4d/Artificial-intelligence-for-estimating-State-of-Health-and-Remaining-Useful-Life-of-EV-batteries-A-systematic-review.pdf
348,Un método para la asignación de cupos de crédito de entidades del sector financiero colombiano empleando técnicas de machine learning,Edher Daniel Saavedra Porras,2023,"Abstract

El análisis de riesgo de crédito desempeña un papel crucial en el sector financiero, ya que evalúa variables que podrían deteriorarse en circunstancias particulares, llevando a un incumplimiento de obligaciones y, aunque la metodología CAMEL es ampliamente utilizada, esta se basa en un sistema de calificaciones simple. Evaluar la influencia de factores macro y microeconómicos en la estabilidad financiera, especialmente en un contexto de preocupaciones globales, junto con la monitorización de indicadores es crucial para mitigar incumplimientos crediticios. A agosto de 2022, la cartera morosa en el sector financiero colombiano asciende a COP 23.4 billones, por lo cual, se busca proponer un método para la asignación de cupos de crédito basado en machine learning, analizar métodos existentes, desarrollar un método basado en indicadores financieros, y validar el modelo propuesto comparándolo con otros en la literatura. El análisis de los antecedentes muestra que los métodos de machine learning superan a los estadísticos tradicionales en la estimación de riesgos crediticios, destacándose técnicas como Random Forest, Support Vector Machines, y redes neuronales. Además, se aplicaron criterios ponderados para evaluar la elección de dichos métodos, considerando la frecuencia de aplicación, resultados destacados en la literatura y opiniones de expertos. Random Forest y Árboles de Decisión obtuvieron las calificaciones más altas en el ranking debido a que se destacan su flexibilidad y capacidad para manejar diversos desafíos en diferentes aplicaciones. El análisis se basó en más de 50 indicadores financieros recopilados de la Superintendencia Financiera de Colombia, abarcando diversas entidades del sector financiero, para luego implementar un modelo de clasificación de riesgo crediticio mediante Random Forest, logrando una precisión excepcional del 99.9% en datos de prueba y 99.79% en entrenamiento. La interpretación de la importancia de las características y la matriz de confusión respaldan la robustez del modelo. Finalmente, se compararon los resultados con árboles de decisión y regresión logística, obteniendo un accuracy de 99.9% para Random Forest, 97.9% en la métrica de recall y 98.9% en F1 Score, resultados superiores a los modelos en comparación y destacando el notable rendimiento superior de Random Forest en la predicción de riesgo crediticio. Estos hallazgos respaldan su elección como una herramienta eficaz en la gestión de riesgos crediticios en el contexto colombiano. (Tomado de la fuente)",https://repositorio.unal.edu.co/items/459e9335-904c-43fe-8a3e-da11bd0c21e4
349,DroidAutoML: uma Ferramenta de AutoML para o Domínio de Detecção de Malwares Android,"Joner Assolin, Diego Kreutz, Guilherme Siqueira, Vanderson Rocha, Charles Miers, Rodrigo Mansilha, Eduardo Feitosa",2025,"Abstract

Neste trabalho apresentamos a DroidAutoML, uma ferramenta de AutoML especializada para o domínio de detecção de malwares Android. A partir de um dataset de entrada e um pipeline de dados de quatro estágios, a DroidAutoML possibilita a geração automática de modelos preditivos otimizados. Os resultados iniciais indicam que a ferramenta é capaz de gerar modelos muito bons, chegando a 95% de recall.",https://tede.ufam.edu.br/handle/tede/11224
350,Artificial Intelligence in Crime Prediction: A Survey With a Focus on Explainability,F RUFFINI,2025,https://arpi.unipi.it/retrieve/92d1f002-1c1d-4735-8388-1b19ece24c21/Artificial_Intelligence_in_Crime_Prediction_A_Survey_With_a_Focus_on_Explainability.pdf,https://arpi.unipi.it/retrieve/92d1f002-1c1d-4735-8388-1b19ece24c21/Artificial_Intelligence_in_Crime_Prediction_A_Survey_With_a_Focus_on_Explainability.pdf
351,Dissecting the genetic architecture of seed-related traits in Brassica napus by integrating multi-omics analysis and VIS–NIR hyperspectral imaging,"Zengdong Tan, Yunhao Liu, Xiaowei Wu, Jingyan Song, Bingjie Lu, Yongqi Chen, Ruyi Fan, Jie Chen, Wanneng Yang, Hui Feng, Liang Guo, Xuan Yao",10-Feb-26,"Abstract

Background
Brassica napus (B. napus) is globally important oilseed crop, yet traditional approaches for phenotyping of seed traits are labor-intensive and destructive.

Results
Here, we establish a non-destructive analytical framework integrating hyperspectral imaging (HSI) with machine learning for characterizing seed-related traits. We collect HSI data from seeds of 393 B. napus accessions over two consecutive years, generating 1,944 spectral indices per sample. We identify significant correlations between 1,293 hyperspectral indices and 956 seed metabolites. Flavonoid metabolites exhibit the most consistent interannual correlations with hyperspectral indices. Systematic benchmarking of 19 machine learning algorithms identifies nine optimal models for metabolite prediction, with 73.44% of metabolites achieving significant associations. Hyperspectral indices effectively predict nine key seed-related traits, including oil content, seed coat content, glucosinolate content and six fatty acid components. Genome-wide association studies (GWAS) of hyperspectral indices uncover three stable quantitative trait loci (QTL) hotspots, qHSI.hotA09, qHSI.hotA05 and qHSI.hotC05, that co-localize with QTLs for seed oil and seed coat content. Integration of GWAS with POCKET prioritization identifies BnaA09.MYB52 and BnaC05.PMT6 as candidate genes for the hotspots, qHSI.hotA09 and qHSI.hotC05, respectively. Functional validation using mutants demonstrates that both genes significantly influence seed flavonoid metabolites and hyperspectral profiles. BnaPMT6 is characterized as a novel positive regulator of seed coat content, similar to BnaMYB52.

Conclusions
This study establishes a novel, non-destructive approach for seed traits and metabolite assessment in B. napus seeds. It also provides a theoretical foundation and genetic basis for breeding of B. napus varieties with high oil content and improved nutritional quality.",https://link.springer.com/article/10.1186/s13059-026-03990-7
352,&lt;p&gt;A Recent Survey on State-Of-The-Art Feature Selection Methods&lt;/p&gt;,"Tansel Dokeroglu, Venera Adanova, Gokce Nur Yilmaz, Saiful Islam, Tayfun Kucukyimaz",2025,https://papers.ssrn.com/sol3/papers.cfm?abstract_id=5483926,https://papers.ssrn.com/sol3/papers.cfm?abstract_id=5483926
353,K En Yakın Komşu Algoritması ile Binalarda Enerji Verimliliği Tahmini,ERDEM YİĞİT,2025,"Abstract

Binaların ısıtma ve soğutma yükleri, bir binanın içindeki hava sıcaklığının belirli bir sıcaklıkta tutmak için gereken enerji miktarlarını ifade eder. Bu yükler, binanın yalıtımı, boyutu, şekli, konumu, kullanılan malzemeler ve ısıtma sistemi gibi birçok faktöre bağlıdır. Toplumsal refahın artırılmasında vazgeçilmez bir etken olan enerjinin giderek önem kazandığı günümüzde binalardaki enerji tüketiminin azaltılması, hem çevresel sürdürülebilirlik hem de ekonomik açıdan önemlidir. Bu çalışmada denetimli makine öğrenmesi algoritmalarından doğrusal regresyon ve k en yakın komşu algoritmaları kullanılarak bir regresyon problemi olan binalarda enerji verimliliği tahmini yapacak bir model geliştirilmiştir. Deneysel çalışmalar, 12 faklı binadan elde edilen sekiz adet şart özelliğe ve ısıtma yükü ve soğutma yükü olmak üzere iki sınıf değerine sahip toplamda 768 adet veri barındıran enerji verimliği veri kümesi kullanılarak gerçekleştirilmiştir. Çalışmada k en yakın komşu algoritmasının k parametre değeri optimize edilerek performansı arttırılmıştır. Elde edilen deneysel sonuçlara göre k en yakın komşu algoritması doğrusal regresyon algoritmasına göre çok daha başarılı ve %96’lar seviyesinde tahminler gerçekleştirmiştir. Çalışma sonunda elde edilen denetimli makine öğrenmesi modeli ile binaların enerji analizleri kolaylıkla yapılabilecek ve elde edilen analiz sonuçları enerji verimliliğinin arttırılabilmesi için geliştirilecek politikalarda kullanılabilecektir.",https://avesis.cumhuriyet.edu.tr/yonetilen-tez/74015410-2021-49ba-b37a-2d465cc89622/makine-ogrenimi-teknikleri-ile-binalarda-enerji-verimliligi-tahmini
354,생산성 영향인자를 활용한 기계학습 기반 셰일가스 생산량 예측모델 분석,이다영， 신효진， 임종세,2024,"Abstract

Owing to the uncertainties caused by complex flow mechanisms in shale gas reservoirs, production prediction using machine learning has recently been performed. However, efficiently collecting and analyzing production-related factors is difficult. In this study, the productivity factors of different criteria were identified using feature selection, and gas production was predicted using the selected factors in various machine learning models. The error rate improved when productivity factors such as total fluid, measured depth, and lower perforation based on the filter method were applied to the random forest model. In addition, the potential for extending the proposed feature selection process and machine learning algorithms in Marcellus Shale was identified, and a reliable production prediction was expected to be possible by utilizing limited variables even at the sites where production information was difficult to obtain.",https://www.jksmer.or.kr/articles/pdf/doi/10.32390/ksmer.2024.61.2.111.pdf
355,Multi-Source Remote Sensing and GIS for Forest Carbon Monitoring Toward Carbon Neutrality,"Xiongwei Liang, Shaopeng Yu, Bo Meng, Xiaodi Wang, Chunxue Yang, Chuanqi Shi, Junnan Ding",9-Jun-25,"Abstract

Forests play a pivotal role in the global carbon cycle, making accurate estimation of forest carbon stocks essential for climate change mitigation efforts. However, the diverse methods available for assessing forest carbon yield varying results and have different limitations. This study provides a comprehensive review of current methods for estimating forest carbon stocks, including field-based measurements, remote sensing techniques, and integrated approaches. We systematically collected and analyzed recent studies (2010–2025) on forest carbon estimation across various ecosystems. Our review indicates that field-based methods, such as forest inventories and allometric equations, offer high accuracy at local scales but are labor-intensive. Remote sensing methods (e.g., LiDAR and satellite imagery) enable large-scale carbon assessment with moderate accuracy and efficiency. Integrated approaches that combine ground measurements with remote sensing data can improve accuracy while expanding spatial coverage. We discuss the strengths and weaknesses of each method category in terms of accuracy, cost, and scalability. Based on the synthesis of findings, we recommend a balanced approach that leverages both ground and remote sensing techniques for reliable forest carbon monitoring. This review also identifies knowledge gaps and suggests directions for future research to enhance the precision and applicability of forest carbon estimation methods.",https://www.mdpi.com/1999-4907/16/6/971
356,Net Load Forecasting for Renewable Energy Integrated Power Systems: A Critical Review,"Nusraat Nawreen, Nima Amjady, Rakibuzzaman Shah, S. M. Muyeen",2026,"Abstract

Net load (NL) refers to the difference between gross demand and variable renewable energy (RE) generation. As the integration of RE continues to grow, the variability and uncertainty of power systems increase, creating significant challenges for power system operators due to the intermittent behavior of RE sources. NL forecasting (NLF) has become crucial to maintaining the reliable and secure operation of power systems. This paper critically reviews the state-of-the-art NLF models in RE-integrated power systems, with a particular focus on emerging techniques such as Transformer models and generative artificial intelligence (Gen-AI) models. This paper systematically explores and analyses various data preprocessing, feature engineering (feature selection and extraction), and hyperparameter tuning methods as well as forecasting engines used in NLF. Furthermore, this paper categorizes the NLF models with corresponding strengths and challenges. In addition, an assessment of the interpretability, scalability, and applicability of NLF models is presented, highlighting their performance under varying levels of RE penetration. This paper also outlines challenges for NLF, e. g., the quality of data and the spatial and temporal scales. Finally, the future research directions are outlined based on the identified gaps in NLF.",https://ieeexplore.ieee.org/abstract/document/11522664/
357,Clustered ensemble feature selection with M-GRU classification for efficient intrusion detection system of industrial systems,"M. Karthigha, L. Latha",2023,"Abstract

Industrial Control Systems (ICS) are susceptible to threats or attacks, and even minor changes or manipulation could cause major damage to industrial operations. Industrial control system cybersecurity is vital owing to the severe negative effects it could have on the economy, the environment, people, and politics. Therefore, it’s also crucial to design intrusion detection systems for industrial control systems. In this paper, an efficient intrusion detection system with clustered ensemble feature selection and a Multi-Level Modified Gated Recurrent Unit (M-GRU) classification model is proposed. This intrusion detection system with a general framework for clustered ensemble feature ranking approach is proposed to effectively find the best feature subset in network packet traffic data. The features designated are fed into a multi class classification algorithm Multi-Level Modified Gated Recurrent Unit (M-GRU) to efficiently detect the cyberattacks. Evaluation criteria including precision, accuracy, recall and F1 score are assessed and compared to other cutting-edge algorithms to assess the performance of the proposed model. The proposed model attained an average accuracy of 98.21 %. 

Results show that the suggested model increased the attack detection accuracy by an average of 5.935% and 0.116% when compared to the Gated Recurrent Unit, Long Short Term Memory, random forest and naïve bayes models.",https://journals.sagepub.com/doi/abs/10.3233/JIFS-222643
358,A review of integrated thermal energy storage systems for intelligent and sustainable solar energy applications,"MR Assari, H Basirat Tabrizi, NA Torabi…",2026,https://link.springer.com/content/pdf/10.1007/s42452-026-09109-8_reference.pdf,https://link.springer.com/content/pdf/10.1007/s42452-026-09109-8_reference.pdf
359,Joint Tomek Links (JTL): An Innovative Approach to Noise Reduction for Enhanced Classification Performance,"Goksu Tuysuzoglu, Yunus Dogan, Elife Ozturk Kiyak, Mustafa Ersahin, Bita Ghasemkhani, Kokten Ulas Birant",2025,"Abstract

Noisy data is a prevalent issue in data mining, significantly impacting the performance of classification algorithms. Mathematical methods are crucial in tackling this obstacle, particularly in optimizing noise detection and data preprocessing. This study proposes a novel approach—Joint Tomek Links (JTL)— to identify and eliminate noisy instances by detecting pairs of nearest neighbors from different classes. It first finds the Tomek links and then refines a probabilistic method to determine which instance from a pair will be removed. In our approach, a random tree classifier serves as the base model. We conducted experiments on 40 benchmark datasets spanning various domains, achieving an average classification accuracy of 83.26% for JTL. The results demonstrate that the JTL attains an average improvement of 5.33% in accuracy compared to the original classification with a random tree. Furthermore, JTL surpasses existing techniques, delivering a noteworthy gain in accuracy by 12.30% on the same datasets. These findings underscore the effectiveness of JTL in enhancing data quality and boosting classification performance in data mining tasks.",https://ieeexplore.ieee.org/abstract/document/11037412/
360,Klasifikácia malvéru využitím selekcie atribútov–analýza a návrhy riešenia,BP Chomič,2021,https://thesis.science.upjs.sk/~pchomic/clanok.pdf,https://thesis.science.upjs.sk/~pchomic/clanok.pdf
361,人工智能与群体药动学模型在器官移植术后个体化用药中的应用与展望,"宗慧颖, 李安安, 周芃霖, 吴希超, 朱艳娇",2025,"Abstract

人工智能（AI）和群体药动学（PPK）等技术在器官移植术后免疫抑制剂个体化用药中展现出了巨大潜力，能够精准预测药物剂量。本文全面综述了AI和PPK技术在器官移植术后免疫抑制剂个体化用药中的应用现状，重点探讨了器官移植受者在使用免疫抑制剂后的血药浓度监测、疗效/不良反应预测及个体化给药模型的建立思路，并分析比较了不同方法在不同器官移植患者中的应用特点，以及AI与PPK技术的融合与未来发展。AI和PPK技术不仅能显著减少对人力资源的依赖，还大幅提高了器官移植术后免疫抑制剂的个体化治疗水平，降低了频繁血药浓度监测给患者带来的不适与负担。",https://journal.china-pharmacy.com/zh/article/doi/10.6039/j.issn.1001-0408.2025.14.22/
362,A comprehensive survey on multimodal computer vision (CV)-assisted corrosion assessment and corrosion prediction,"Xinjie Yao, Yuheng Wu, Guangsheng Xie, DengYu Zhao, Da-Hai Xia",2025,"Abstract

Corrosion assessment and lifespan prediction, as core technologies in the lifecycle management of industrial metallic equipment, play an irreplaceable role in ensuring operational safety, optimising maintenance strategies and advancing industrial sustainability. With the rise of the fourth scientific paradigm of data-driven approaches, significant challenges have emerged to the third scientific paradigm of mathematical model-driven methods in the field of metal corrosion and protection. Corrosion image-based evaluation stands as one of the most intuitive methods among existing techniques. However, traditional image processing approaches for material surface corrosion suffer from limitations such as high dependency on image quality, inability to detect early-stage corrosion and restricted focus on surface-level information. These challenges have catalysed the emergence of the fifth paradigm, AI for Science (AI4S), in this domain. This review innovatively proposes a multimodal computer vision (CV)-assisted intelligent corrosion assessment framework. By systematically analysing advancements in CV for core tasks – including decoupling corrosion morphology features, cross-modal damage correlation modelling and corrosion dynamics evolution prediction – this work establishes a tripartite intelligent corrosion analysis framework integrating ‘multi-source data perception, feature synergy interpretation and mechanism-driven prediction’. It explores how CV enhances corrosion detection accuracy and lifespan prediction reliability through applications in corrosion classification, detection, segmentation, prediction and mechanistic analysis. The proposed multimodal fusion technology, coupled with deep learning-based intelligent corrosion type recognition and lifespan prediction models, represents critical future directions. These advancements hold significant potential for advancing intelligent corrosion monitoring and reducing industrial maintenance costs.",https://journals.sagepub.com/doi/abs/10.1177/1478422X251387524
363,Espor oyuncularının oyun içi davranışlarının makine öğrenmesi yöntemleri ile incelenmesi,TOLGA KOŞAR,2025,"Abstract

Covid 19 virus is one of the most important problems affecting our health and life today. It is considered that the effect of this virus for a normal patient continues approximately one month. Turkey's Health Ministry declared that the daily cases of death, recovering patient, tests and the number of seriously ill and these cases aimed to evuluate on a monthly basis the progress of virüs. In our research were used to announced between March 2020 and March 2021 the data set twelf montly. This data set was analysed with the Random Forest algorithmn, which is one of the machine learning classification methods. As a result of the analysis, the method was tested with Precision, Recall, Score F and AUC performance criteria. In addition, the importance of the variables used for the model was evaluated. As a result of the analysis, the accuracy (OOB) of our model was found to be 83%. Performance criteria were found to have an precision rate of 90%, a recall rate of 89%, an F score of 89%, and an area under the curve (AUC) of 99%. The most important variable for the accuracy of the variable significance model was the Daily Healing Number, while the most important variable in determining the grade was the Daily Healing Patient Number.",https://avesis.trakya.edu.tr/yonetilen-tez/f2764214-7ebd-4759-850e-c73bf932d532/espor-oyuncularinin-oyun-ici-davranislarinin-makine-ogrenmesi-yontemleri-ile-incelenmesi
364,Application of Machine Learning for Modeling Process Analytical Technology Data in Advanced Pharmaceutical Manufacturing of Oral Dosage Forms,"Rezaeizadeh, Maryam",2026,"Abstract

Explore millions of resources from scholarly journals, books, newspapers, videos and more, on the ProQuest Platform.",https://search.proquest.com/openview/92e72920c6d3838ce9ac38d554edc394/1?pq-origsite=gscholar&cbl=18750&diss=y
365,PSA-DMCF-SVAE: A Lithium Battery SOH Prediction Framework with ProbSparse Self-Attention and Deep Multidimensional Features,"Weihao Sun, Gang Liu, Jiawei Chen, Yiyao Zhao, Yuting Cheng, Gang Xiao, Durga Prasad Bavirisetti",1-Aug-26,"Abstract

Accurate state of health (SOH) evaluation is essential for lithium-ion battery safety. Conventional prediction models suffer high computation overhead and insufficient multidimensional feature fusion, leading to poor generalization across working conditions. This work develops the PSA-DMCF-SVAE framework. Ten health factors are extracted from cycling data, and four high-correlation indicators are selected via Pearson screening. The method combines stacked ensemble learning and sparse variational autoencoder (SVAE) for multi-scale aging feature extraction, with an embedded ProbSparse self-attention module to adaptively weight base learners and cut computational complexity. Experiments on NASA battery data reveal over 40% lower prediction error and 42% less feature redundancy than classic stacking architectures. Cross-domain validation on an MIT fast-charging dataset confirms the model’s zero-shot generalization under high-rate, noisy discharge conditions, offering a practical solution for battery management systems.",https://www.mdpi.com/3042-4011/3/3/11
366,Software defect prediction approaches revisited,"KS Shebl, YM Afify, N Badr",2023,https://journals.ekb.eg/article_319062.html,https://journals.ekb.eg/article_319062.html
367,Machine-Learning Screening of Early Cervical Lesions Using HPV Genotyping and Exploratory Fusion-Gene Analysis,"H Liu, X Cao, Z Lai, Y Zheng, W Kong, Y Wang…",2025,"Abstract

Background Cervical cancer is the fourth most common malignancy in women worldwide, primarily driven by persistent high-risk human papillomavirus (HPV) infection. However, conventional screening methods such as cytology and HPV DNA testing remain limited in accuracy and scalability, particularly for early or precancerous lesions.",https://assets-eu.researchsquare.com/files/rs-7859112/v1/c70dcb90-bc5f-4e25-a701-49b7b42e3174.pdf
368,감염병 위기에서 AI 는 어떻게 사용되었는가: COVID-19 연구동향 분석,"예진 서, 다연 임",2023,https://scholar.kyobobook.co.kr/file/view?downOrView=pdf&schlrCmdtcode=4010071265208&artlNum=16535863&artlName=%EA%B0%90%EC%97%BC%EB%B3%91+%EC%9C%84%EA%B8%B0%EC%97%90%EC%84%9C+AI%EB%8A%94+%EC%96%B4%EB%96%BB%EA%B2%8C+%EC%82%AC%EC%9A%A9%EB%90%98%EC%97%88%EB%8A%94%EA%B0%80%3A+COVID-19+%EC%97%B0%EA%B5%AC%EB%8F%99%ED%96%A5+%EB%B6%84%EC%84%9D&cmpncode=60348&cid=1:604805,https://scholar.kyobobook.co.kr/file/view?downOrView=pdf&schlrCmdtcode=4010071265208&artlNum=16535863&artlName=%EA%B0%90%EC%97%BC%EB%B3%91+%EC%9C%84%EA%B8%B0%EC%97%90%EC%84%9C+AI%EB%8A%94+%EC%96%B4%EB%96%BB%EA%B2%8C+%EC%82%AC%EC%9A%A9%EB%90%98%EC%97%88%EB%8A%94%EA%B0%80%3A+COVID-19+%EC%97%B0%EA%B5%AC%EB%8F%99%ED%96%A5+%EB%B6%84%EC%84%9D&cmpncode=60348&cid=1:604805
369,Non-Accounting Data Improves Bankruptcy Predictions: Evidence from Benford's Law and Litigation,"Dmitriy Skougarevskiy, Sergey Bondarkov",2026,"Abstract

&lt;div&gt;
 Bankruptcy prediction models typically rely on financial ratios derived from accounting statements that are prone to error and manipulation.&amp;nbsp;&lt;span&gt;We consider two novel sets of variables for bankruptcy prediction: conformity of values in statements with Benford's law and incidence of bankruptcy-unrelated litigation. The former relies on the long known observation that deviations from Benford's law may signal data manipulation. The latter builds on the intuition that would-be bankrupts face litigation related to their contractual non-performance before filing for bankruptcy. In an original data set covering the near-universe of 2 mln Russian firms in 2012–2018 we find feature importance and predictive capability of litigation variables on par to most of the traditionally used financial ratios, both for larger firms and small and medium-sized enterprises (SMEs). Conformity of statements with Benford's law is revealed as a modest bankruptcy predictor. We estimate that lenders of larger firms employing gradient-boosted decision tree models based on traditional financial ratios could have increased their Expected Maximum Profit by USD845 mln in 2018 in Russia have they added litigation features in their scoring. SMEs lenders gain is estimated at only USD14 mln. This suggests that the search for improved SMEs' bankruptcy models may have little to no practical significance in certain real-life contexts.&lt;/span&gt;
 &lt;br&gt;
&lt;/div&gt;",https://papers.ssrn.com/sol3/papers.cfm?abstract_id=6501660
370,ForecastGAN: A Decomposition-Based Adversarial Framework for Multi-Horizon Time Series Forecasting,"Syeda Sitara Wishal Fatima, Afshin Rahimi",2025,"Abstract

Time series forecasting is essential across domains from finance to supply chain management. This paper introduces ForecastGAN, a novel decomposition based adversarial framework addressing limitations in existing approaches for multi-horizon predictions. Although transformer models excel in long-term forecasting, they often underperform in short-term scenarios and typically ignore categorical features. ForecastGAN operates through three integrated modules: a Decomposition Module that extracts seasonality and trend components; a Model Selection Module that identifies optimal neural network configurations based on forecasting horizon; and an Adversarial Training Module that enhances prediction robustness through Conditional Generative Adversarial Network training. Unlike conventional approaches, ForecastGAN effectively integrates both numerical and categorical features. We validate our framework on eleven benchmark multivariate time series datasets that span various forecasting horizons. The results show that ForecastGAN consistently outperforms state-of-the-art transformer models for short-term forecasting while remaining competitive for long-term horizons. This research establishes a more generalizable approach to time series forecasting that adapts to specific contexts while maintaining strong performance across diverse data characteristics without extensive hyperparameter tuning.",https://arxiv.org/abs/2511.04445
371,Leveraging AI to mitigate civilian harm,"L Lewis, A Ilachinski",2022,"Abstract &lt;p&gt;&lt;span&gt;This chapter explores the reparation of civilian harm under international humanitarian law (IHL). The chapter argues that civilians have clear substantive rights to reparation for harms suffered from IHL violations. That right finds support in both IHL and human rights law. Today, a strong case can be made that civilians also hold a procedural right to make such reparative claims. To recognize this is not to assert the unchecked prevalence of reparative rights over the demands of peace or the need to manage transaction costs amidst scarcity. It is, however, to insist that the pursuit of such objectives can only be justified according to a rights limitation and proportionality analysis that accords due weight to the underlying right and that preserves its minimum core. In that analysis, a key premise is that eschewing or limiting reparations does not avoid the costs of repair; it imposes them on victims.&lt;/span&gt;&lt;/p&gt;",N/A
372,Revisão sistemática acerca da aplicação de inteligência artificial na previsão de inundações,João Vítor Faustini Sonego,2025,"Abstract

Inundações são um dos desastres naturais mais recorrentes e devastadores. Por isso, a capacidade de poder prevê-las se torna uma ferramenta para a mitigação de riscos e danos. Esta revisão sistemática teve como objetivo analisar o uso de inteligência artificial aplicada à previsão de inundações. A pesquisa seguiu o protocolo Preferred Reporting Items for Systematic Reviews and Meta-Analyses e analisou 174 artigos das bases Scopus, Web of Science e IEEE Xplore. Os resultados indicam o predomínio de modelos baseados em redes neurais artificiais, especialmente a Memória de Curto e Longo Prazo. Observou-se ainda o uso potencial de modelos híbridos, que apresentaram melhor desempenho e menor erro em relação aos modelos tradicionais. Os estudos apontaram avanços na aplicação de inteligência artificial para sistemas de alerta precoce e gestão de recursos hídricos, embora persistam limitações quanto à qualidade dos dados e à generalização entre diferentes bacias. Conclui-se que a inteligência artificial se consolida como uma ferramenta promissora para aprimorar a acurácia e a aplicabilidade das previsões de inundação, contribuindo para o fortalecimento das políticas públicas de mitigação de desastres.",https://repositorio.unesc.net/items/f2c6eb00-19fc-415d-a8e8-352787c9a654
373,ESSAYS ON PREDICTING HOSPITAL READMISSIONS: PERSONALIZED RISK ESTIMATION USING MULTI-STATE MODELS AND MACHINE LEARNING,F Pakdil,2026,"Hospitals operate complex service systems in which patient flow, bed capacity, staffing, and discharge coordination must be carefully managed. Unplanned 30-day hospital readmissions disrupt these operations by generating unexpected demand for inpatient services, increasing congestion, and reducing the efficiency of care delivery. In the US, hospitals are financially penalized when readmission rates exceed regulatory thresholds, making effective readmission management both an operational and financial priority.

In light of the literature and practice, this study aims to develop personalized prediction models that estimate the probability of 30-day unplanned hospital readmission through continuous-time models and machine learning (ML) models using patient-level and hospital-level data from the Nationwide Readmissions Database (NRD). To achieve this goal, our study consists of three parts. The first part focuses on conducting a systematic literature review that analyzes and synthesize 30-day unplanned readmission estimation models at acute care hospitals (ACHs). The second and third parts aim to develop personalized readmission estimation models. The second part includes a two-state continuous-time model that includes Cox Proportional Hazard model to incorporate patient-level covariates. The third part focuses on implementing concept drift, online learning algorithms, and online feature selection in readmission estimation using patient-level and hospital-level covariates.",https://search.proquest.com/openview/628d62f72721cbfccba40cd72a09b1f1/1.pdf?pq-origsite=gscholar&cbl=18750&diss=y
374,A review of knowledge-guided data-driven design for ultra-high-performance concrete incorporating varying wastes as alternative binders,"Xinyang Tong, Zhan Jiang, Pengwei Guo, Weina Meng, Nemkumar Banthia, Caijun Shi, Yi Bao",2025,https://papers.ssrn.com/sol3/papers.cfm?abstract_id=5407123,https://papers.ssrn.com/sol3/papers.cfm?abstract_id=5407123
375,Application of Hydrodynamic Focusing in Flow Cytometry and Solve Partial Differential Equations using Machine Learning,Jian Lin,2024,"Abstract

Microfluidic flow cytometry is gaining popularity as it is portable and reduces the usage of sample and sheath fluid. However, the design of these devices has primarily relied on empirical and trial-and-error approaches, there is a need for a more precise understanding of how fluidic and geochemical parameters affect the device’s performance. To this end, com- computational fluid dynamics simulations were performed herein. When the sheath fluid velocity increases, the width of the focused stream decreases in the square channel before interrogation by the laser beam. Modelling results show that the velocity ratio above a certain threshold can achieve the desired final focused stream. The finite Volume Method is typically utilized for solving partial differential equations i.e. momentum equations and energy conservation equations. The problem is that it is time-consuming and computationally expensive. Machine learning has been applied to solve partial differential equations including the Burger equation.",https://atrium.lib.uoguelph.ca/items/bda2f5e0-63c3-4bd9-ab30-6a60c2792d91
376,Integrated analyses of large scale RNA-seq data in acute myeloid leukemia,Raíssa Lorena Silva Da Silva,2024,"Abstract

Analyses intégrées de données RNA-seq à grande échelle dans les leucémies aigues myéloïdes
                Le RNA-seq est une méthode largement adoptée dans le domaine de la médecine de précision pour caractériser de nouveaux biomarqueurs et apporter de nouvelles pistes thérapeutiques. Avec l’augmentation des données RNAseq disponibles, le défi dans les analyses à grande échelle se pose. Pour résoudre ce problème, les scientifiques ont utilisé des méthodes statistiques de réduction de dimension des données et ont appliqué des méthodes d'apprentissage automatique pour capturer des informations dans des données biologiques complexes contenues dans le RNAseq. Cependant la plupart de ces analyses se limitent aux informations portées par les annotations ou transcriptome de référence, ce qui nécessite de nouvelles méthodes pour étudier l'information biologique inconnue. Dans ce travail de thèse, nous proposons l'analyse à grande échelle de données RNA-seq issues de cohortes de patients atteints de leucémie myéloïde aiguë (LAM) afin de réaliser des analyses transcriptomiques. Les approches que nous proposons sont “reference-free” et basées sur des méthodes d'apprentissage automatique. À cette fin, le présent manuscrit est divisé en cinq chapitres. Dans le chapitre A, nous présentons les concepts de la biologie et des fondamentaux de la bioinformatique pour comprendre les données et la technologie utilisées. Dans le chapitre B, nous présentons les méthodes et les algorithmes utilisés dans les processus d'apprentissage automatique pour traiter le problème de données de grande dimension et de prédiction. Dans le chapitre C, nous présentons les concepts de biomarqueurs et l'état de l’art des approches utilisées dans la littérature récente. Les résultats de la thèse sont présentés dans le chapitre D et divisés en trois sections : K-mer et métadonnées, K-mer et transcriptome, et K-mer et biomarqueurs. Dans la 1er section « K-mer et métadonnées », nous abordons la problématique pour travailler avec des données RNA-seq disponibles dans les archives publiques. La collecte de ces ensembles de données présente plusieurs défis allant d’autorisations spécifiques pour certaines à des questions de disponibilité de metadata pour d’autres. Les techniques présentées dans notre première publication basées sur les k-mers nous ont aidé à identifier et à confirmer les métadonnées. Dans la section « K-mer et Transcriptome », nous présentons un nouveau pipeline KITE (K-mer Integration for Transcriptomic Exploration) pour analyser les données RNAseq à l'aide d'une approche sans référence, d'un processus de réduction de dimension et de méthodes d'apprentissage automatique. Notre pipeline prédit le statut de mutation chez les patients atteints de LAM avec une précision de plus de 95 % pour des cohortes indépendantes. Nous avons également montré que KITE a des performances de prédiction similaires (et dans certaines cohortes, meilleures) que les méthodes conventionnelles, en identifiant les gènes déjà publiés comme biomarqueurs, ainsi de nouveaux marqueurs. Dans la section « K-mer et biomarqueur », nous présentons des applications de KITE pour identifier des biomarqueurs candidats dans les cohortes LAM. Nous avons montré (1) l'influence des algorithmes d'apprentissage automatique pour prédire différentes conditions, (2) la prédiction du statut de mutation de NPM1 et les biomarqueurs identifiés, et (3) la prédiction de la stratification du risque pour les patients atteints de LAM dans différents groupes et l'implication des biomarqueurs identifiés dans la survie. Enfin, le chapitre E présente les principaux points constatés au cours de l'élaboration de cette recherche, les défis qui restent à relever et la perspective des travaux.",https://theses.hal.science/tel-05693261/
377,Mejora del proceso de producción de Clinker mediante la implementación de un modelo de predicción del porcentaje de cal libre (f-CaO),Iván Herney Hernández León,2025,"Abstract

El contenido de óxido de calcio libre (f-CaO) es un indicador crítico de calidad en la producción de clinker de la industria cementera que influye directamente en las propiedades mecánicas y el desempeño del producto final. Su medición representa un desafío debido a las condiciones del proceso productivo.

Actualmente, el monitoreo se realiza mediante análisis de laboratorio con intervalos de muestreo de aproximadamente dos horas. El proceso de clinkerización constituye un sistema complejo, altamente no lineal y con fuerte acoplamiento entre variables.

Este trabajo presenta la implementación de un modelo predictivo de f-CaO, funcionando como un sensor blando para realizar el monitoreo indirecto de manera continua. La metodología se fundamenta en el análisis de datos históricos del proceso de producción de una planta cementera y el desarrollo de un modelo de regresión supervisado. El desempeño se evaluó mediante el error cuadrático medio (RMSE) y el coeficiente de determinación (R²). El modelo desarrollado demostró precisión suficiente para aplicación industrial, reduciendo significativamente el tiempo de respuesta comparado con análisis tradicionales.

El desarrollo de este modelo contribuye a la mejora de la eficiencia operacional, la estabilización de la calidad del producto del proceso de producción de clinker. (Texto tomado de la fuente)",https://repositorio.unal.edu.co/items/a79886b4-de94-461e-942f-9616ec9d9a80
378,www.cell.com,"YX Liu, M Jia, YX Zhang, J Wang, G He, SL Zhong…",2025,https://www.cell.com/patterns/fulltext/S2666-3899(25)00059-5,https://www.cell.com/patterns/fulltext/S2666-3899(25)00059-5
379,dl.acm.org,J Okolo,2019,https://dl.acm.org/doi/pdf/10.1145/3807408,https://dl.acm.org/doi/pdf/10.1145/3807408
380,机器学习赋能增材制造难熔高熵合金设计.,"宋子毓, 崔秀芳, 鲁凯举, 胡振峰, 梁秀兵, 李小平",2026,"Abstract: Refractory high-entropy alloys (RHEAs), owing to their exceptional high-temperature properties, show great potential for use in extreme environments such as aerospace systems. However, the inherent complexity of their multicomponent systems poses significant challenges to the efficiency of conventional alloy design methods. Although additive manufacturing (AM) overcomes some limitations of traditional fabrication routes, its intrinsic non-equilibrium solidification behavior and complex processparameter space introduce new challenges in microstructural control and property optimization. In this context, machine learning (ML) offers a data-driven paradigm for uncovering the intricate compositionstructure-property relationships in RHEAs and provides a powerful tool for intelligent materials design. This review systematically summarizes the latest advances in the application of ML to RHEAs, with particular focus on key issues in AM scenarios. On the one hand, the roles of ML in phase prediction, strength and ductility optimization, and hardness design are discussed. On the other hand, ML-enabled strategies for process-parameter optimization, defect mitigation, and microstructural tailoring in AM are thoroughly analyzed. Despite notable progress, several challenges remain, including the scarcity of AMspecific datasets, the limited generalization capability of process-property models, and the insufficient integration of physical mechanisms. Therefore, establishing standardized databases oriented toward additive manufacturing, developing machine learning models integrated with physical constraints, and constructing an integrated process-microstructure-property optimization framework are key directions for promoting the transition of refractory high-entropy alloys in the field of additive manufacturing from ""printable"" to ""designable"".",https://openurl.ebsco.com/contentitem/gcd:194146677?sid=ebsco:plink:crawler-gcd&id=ebsco:gcd:194146677&crl=c&jrnl=10014381
,,,,,
382,SCOPE: a blackboard model‐based decision support system for crude‐oil trading,Burcu Koç Göltaş,2023,"Abstract

A complex decision problem dealing with crude-oil trading is hierarchically decomposed into multiple subproblems. A blackboard architecture for a Decision Support System (DSS) called SCOPE is developed in which the subproblems generated during the initial decision analysis can be mapped to relevant knowledge sources incorporating the most appropriate techniques for each. A prototype implementation of SCOPE-0, an expert system application using Knowledge Engineering Environment (KEE) for supporting the most critical subproblem—crude-oil evaluation—is presented. Some of the lessons learned from this research project, methodological issues, and promising future directions for DSS design are outlined. Copyright © 1999 John Wiley & Sons, Ltd.",https://open.metu.edu.tr/handle/11511/105401
383,Predictive Modeling for Energetic Materials,Didier Mathieu,2-Mar-25,"Abstract
Energetic materials (EMs) are made of molecules or ions whose properties can be predicted using the same techniques as used for organic materials such as drugs, organic semiconductors or ionic liquids. However, predictive modeling exhibits a number of specificities when applied to EMs. First, experimenal data is particularly scarce in this field owing to the hazards and costs associated with handling such materials. Second, EMs exhibit complex hierarchical structures, with many of them including an energetic load made of crystalline grains of variable quality morphology, as well as a polymeric binder. Third, most quantities of interest for EMs are reactive properties. In principle, they do not depend only on the material structure, but also on decomposition intermediates encountered along complex reaction pathways. In this context, predictive models have been mainly limited to explosive or propellant performance and mechanical sensitivity to impact, as reviewed here.",https://link.springer.com/chapter/10.1007/978-3-031-78724-9_10
384,Menuju Sekolah Cerdas: Pengembangan Sistem Pembelajaran Berbasis Kecerdasan Buatan melalui Program Pengabdian Masyarakat,"Zulfarina Zulfarina, Yennita, Asih Rahayu Ajeng Agesti, Syafrizal Ulum, Rahmat Hidayat, Tasya Anggyani, Sri Purwaningsih, Putri Titania Salsabila, Sri Marna",2025,"Abstract

Buku ajar yang berjudul Kecerdasan Buatan dan Pengembangan Sistem Cerdas membahas secara komprehensif konsep dasar hingga penerapan kecerdasan buatan (Artificial Intelligence) dalam berbagai bidang kehidupan modern. Buku ini menguraikan prinsip kerja AI, mulai dari pengolahan data, pembelajaran mesin (machine learning), hingga pengambilan keputusan otomatis yang digunakan dalam sistem cerdas. Pembaca juga diperkenalkan pada berbagai algoritma dan teknik yang menjadi fondasi dalam pengembangan teknologi berbasis kecerdasan buatan.Selain aspek teoritis, buku ini juga menekankan penerapan praktis dalam pengembangan sistem cerdas seperti Internet of Things (IoT), robotika, sistem rekomendasi, dan otomasi industri. Dengan pendekatan yang sistematis dan aplikatif, buku ini membantu pembaca memahami bagaimana kecerdasan buatan dapat diimplementasikan untuk meningkatkan efisiensi dan efektivitas berbagai sistem. Buku ini diharapkan menjadi referensi bagi masyarakat umum.",https://books.google.com/books?hl=en&lr=&id=f97xEQAAQBAJ&oi=fnd&pg=PR3&dq=(%22machine+learning%22%5Btiab%5D+OR+%22AI%22+OR+%22artificial+intelligence%22+OR+%22random+forest%22%5Btiab%5D+OR+%22gradient+boosting%22%5Btiab%5D+OR+%22XGBoost%22%5Btiab%5D+OR+%22LightGBM%22%5Btiab%5D+OR+%22CatBoost%22%5Btiab%5D+OR+%22support+vector+machine%22%5Btiab%5D+OR+%22SVM%22%5Btiab%5D+OR+%22weighted+SVM%22+OR+%22LASSO%22%5Btiab%5D+OR+%22Ridge%22+OR+%22decision+tree%22%5Btiab%5D+OR+%22bagging%22+OR+%22boosting%22+OR+%22deep+learning%22%5Btiab%5D+OR+%22neural+network*%22%5Btiab%5D+OR+%22support+vector%22%5Btiab%5D+OR+%22artificial+intelligence%22%5Btiab%5D+OR+%22ensemble+method*%22%5Btiab%5D+OR+%22super+learner%22%5Btiab%5D+OR+%22naive+bayes%22+OR+%22k-Nearest+Neighbors%22+OR+%22k-NN%22+OR+%22K-Means+clustering%22+OR+%22hierarchical+clustering%22+OR+%22Jackknife+repeated+replication%22+OR+%22JRR%22+OR+%22Balanced+repeated+replication%22+OR+%22BRR%22+OR+%22bootstrap%22+OR+%22missing+value%22+OR+%22artificial+neural+networks%22+OR+%22ANN%22+OR+%22convolutional+neural+networks%22+OR+%22CNN%22+OR+%22recurrent+neural+networks%22+OR+%22RNN%22+OR+%22generative+adversarial+networks%22+OR+%22GANs%22)+OR+(%22complex+survey%22+OR+%22complex+survey+data%22+OR+%22complex+survey+design%22+OR+%22complex+survey+analysis%22+OR+%22survey+analysis%22+OR+%22survey+design%22+OR+%22population-based+survey%22+OR+%22probability+survey%22+OR+%22multistage+sampling%22+OR+%22stratified+sampling%22+OR+%22cluster+sampling%22+OR+%22stratified+cluster+sampling%22+OR+%22probability+sampling%22+OR+%22multi-stage+probability+sampling%22)+OR+(%22sampling+weights%22+OR+%22survey+weights%22+OR+%22probability+weights%22+OR+%22weighted+analysis%22+OR+%22inverse+probability+weighting%22+OR+%22design+weights%22+OR+%22post-stratification+weights%22+OR+%22calibration+weights%22+OR+%22final+weights%22+OR+%22sample+weights%22)&ots=HBIEeEMvPO&sig=4uyE9mkQXhMMAOpU0Ghb6u2AhuE
385,Developing Deep Learnig Methods to Predict Phenotypes and Clinical Outcomes From Transcriptomics Data,"Vieira, Maria Fernanda Silva",2013,Abstract,https://search.proquest.com/openview/581c4fac30adf75ff925891a239c6330/1?pq-origsite=gscholar&cbl=2026366&diss=y
386,Utilizando HMM para previsão de preço e estratégia de investimento em criptomoedas BitCoin,"de Araújo Machado, Miguel Fernando Pereira",2021,"Abstract

Explore millions of resources from scholarly journals, books, newspapers, videos and more, on the ProQuest Platform.",https://search.proquest.com/openview/16c844679d2c79611896257a37d18520/1?pq-origsite=gscholar&cbl=2026366&diss=y
387,A Framework to Provide Neurological Screening by Integrating Multiple Task Modalities,"Rahman, Wasifur",2023,"Abstract
In this thesis, we tackle four research questions related to two neurological disorders:
Parkinson’s Disease (PD) and Ataxia. The first three questions focus on screening for PD
using a speech task, measuring PD severity using the finger-tapping task, and predicting Ataxia
severity using the gait task. And finally, we build and validate a neurological framework to communicate the output of the AI models in the neurological health space in an easy and intuitive
manner.
To screen for PD using speech, we collected data from 726 unique participants (262 PD,
464 non-PD) uttering “The quick brown fox jumps over the lazy dog...”. We extracted both
standard acoustic features (MFCC, jitter, and shimmer variants), and domain-specific dysphonia
features to build ML models that achieved 0.753 AUC in screening PD. We also showed that the
model focuses on MFCC and dysphonia features (through SHAP analysis) and performs well
for different gender and age groups.
To measure PD severity using finger-tapping, we collected 250 videos from unique participants rated by three expert neurologists and an MDS-UPDRS clinician. We developed algorithms to obtain motor-function measurements and trained an ML model that outperformed the
MDS-UPDRS certified rater – with a mean absolute error (MAE) of 0.59 compared to the rater’s
MAE of 0.79. However, the model performed slightly worse than the expert neurologists (0.53
MAE).
Then, we assessed Ataxia by 1) collecting 155 neurologist-rated gait videos from 89 unique
participants (24 controls and 65 diagnosed with Ataxia), 2) detecting, tracking, and separating the participants from their surroundings, and constructing several features from their body
xiv
pose coordinates to capture gait characteristics such as step width, step length, swing, stability,
speed, etc., 3) building ML models for both Ataxia risk-prediction and severity-assessment. Our
models achieve 83.06% accuracy in Ataxia risk-prediction and 0.6225 MAE and 0.7268 PCC in
severity-assessment. Besides, they perform competitively when evaluated on data from medical
sites not used during training.
In the end, we present a user-centric validation of a teleneurology platform, assessing its effectiveness in conveying screening information, facilitating user queries, and offering resources
to enhance user empowerment – with PD as a case study. Our validation method demonstrates
to users a mock PD risk assessment and provides access to relevant resources, including a chatbot driven by GPT, locations of local neurologists, and actionable and scientifically-backed PD
prevention and management recommendations. We share findings from 101 participants (50
with PD, 51 Non-PD) and show that our framework was rated positively by 80.49% (standard
deviation ±8.93%) of the participants, and achieved an above-average 71.25 median SystemUsability-Scale (SUS) score.",https://search.proquest.com/openview/5d38405d3a4f0094f4859e3f74d9dc0a/1?pq-origsite=gscholar&cbl=18750&diss=y
