SL NO.,Title,Authors,Published Year,Abstract,Paper Link
1,From dry eye to depression: a machine learning-based framework for predicting adolescent mental health,"Le Han, Ying Liu, Peng Xian, Xiao Liu, Kai Cao, Li Ren, Yue Chang, Zhangfang Ma, Lei Tian, Shijing Deng, Xuejiao Liu, Yunshuang Liu, Ying Jie",6-Nov-25,"Abstract

Background
Adolescent depression is a major public health concern. Physical health indicators are rarely included in risk tools. We examined whether adding dry eye disease (DED) to psychosocial and behavioral factors improves prediction of depressive symptoms.

Methods
We analyzed 2,076 adolescent questionnaires (94.5% response) covering ocular health, sleep, electronic device use, social support, and demographics. Five machine-learning classifiers were trained with cross-validation and evaluated for discrimination and calibration.

Results
Models that included DED achieved strong discrimination (AUC ≈ 0.84) and good calibration, with highest accuracy for no and severe depression and lower performance for mild/moderate categories.

Conclusions
Integrating ocular health with psychosocial factors enhances machine-learning prediction of adolescent depression and may support earlier, school-based identification and referral. Given the low-cost, questionnaire-based inputs and favorable calibration, this approach shows promise for population screening and targeted prevention, pending external validation and prospective testing.",https://link.springer.com/article/10.1186/s12911-025-03246-7
2,A novel method for predicting debris flow hazard: a multi-strategy fusion approach based on the light gradient boosting machine framework,"Tianlong Wang, Qi Ge, Tianxing Ma, Hao Chen, Rui Luo, Xu Wang, Keying Zhang, Zhaowei Chu, Xiaohui Ni, Hongyue Sun",12-Mar-25,"Abstract
This study addresses the prediction of debris flow hazards by developing a multi-strategy integrated light gradient boosting machine model (MS-LightGBM). The model, based on the standard LightGBM regression framework, incorporates the sample entropy-based improved complete ensemble empirical mode decomposition with adaptive noise (ICEEMDAN-SE). Additionally, a multi-strategy improved crayfish optimization algorithm (ICOA) is proposed to optimize the tuning of ICEEMDAN-SE and LightGBM. An error correction mechanism is also introduced to enhance prediction accuracy. The model is applied to predict hazard levels using 93 debris flow hazard points in Yajiang County, Sichuan Province, China, based on 13 key influencing factors validated through multicollinearity tests. The MS-LightGBM model was compared with 16 regression models, achieving a root mean square error (RMSE) of 0.04, mean absolute error (MAE) of 0.03, and mean absolute percentage error (MAPE) of 4.67%. These results demonstrate the model’s high efficiency and reliability. Furthermore, in-depth analyses of key features, individual sample results, and interaction effects among features are conducted within the SHapley Additive exPlanations (SHAP) explainability framework, and engineering recommendations are proposed based on these insights.",https://link.springer.com/article/10.1007/s00477-025-02955-9
3,Machine learning-based mortality risk prediction models in patients with sepsis-associated acute kidney injury: a systematic review,"Xu Li, Xu Hu, Huiting Xu, Pin Yu, Hailing Ju",10/8/2025,"Abstract

Background: Machine learning (ML) models are increasingly utilized to predict mortality in patients with sepsis-associated acute kidney injury (SA-AKI), frequently surpassing traditional scoring systems. Despite their efficacy, inconsistencies in model quality remain a concern. This review aims to evaluate existing ML-based SA-AKI mortality prediction models, with a focus on development quality, methodological rigor, and predictive performance.

Objective: To systematically assess ML-based mortality risk prediction models for SA-AKI patients.

Methods: A comprehensive literature search on ML-based SA-AKI mortality prediction models was conducted across PubMed, Cochrane, Embase, and Web of Science from the inception of these databases until July 2025. Two researchers independently screened the literature, extracted data, and assessed model quality employing the Prediction Model Risk of Bias Assessment Tool for Artificial Intelligence.

Results: Nine studies were included, all of which entailed model development and validation phases; five were solely internally validated while four underwent external validation as well. The studies utilized 18 different algorithms, with Random Forest and Extreme Gradient Boosting being the most prevalent. The majority of the studies employed K-nearest neighbor or Multiple Imputation by Chained Equations for handling missing values and utilized Recursive Feature Elimination, Least Absolute Shrinkage and Selection Operator, and Boruta's algorithm for feature selection. Seven studies assessed model calibration performance. The Area Under the Curve (AUC) for the training sets generally ranged from 0.75 to 0.99, which decreased to 0.70 to 0.87 during internal validation. Extreme Gradient Boosting consistently showed robust performance in external validation. The final predictors encompassed six principal categories: demographic information, vital signs, laboratory tests, disease severity, comorbidities, and interventions.

Conclusions: ML models demonstrate promising performance and applicability in predicting mortality risk in SA-AKI patients, with consistent core predictors. Nevertheless, most studies exhibit a potential risk of bias. Future efforts should aim to enhance the standardization of data processing, feature selection, and validation processes. Additionally, there is a need to focus on the construction of prospective models based on early variables, and to ensure the interpretability and clinical integration of the models to facilitate their practical application in healthcare workflows.",https://www.frontiersin.org/journals/medicine/articles/10.3389/fmed.2025.1680180/full
4,Carbon Dioxide Emission Forecast: A Review of Existing Models and Future Challenges,"Yaxin Tian, Xiang Ren, Keke Li, Xiangqian Li",11-Feb-25,"Abstract

In the face of global climate change, accurately predicting carbon dioxide emissions has become an urgent requirement for environmental science and policy-making. This article provides a systematic review of the literature on carbon dioxide emission forecasting, categorizing existing research into four key aspects. Firstly, regarding model input variables, a thorough discussion is conducted on the pros and cons of univariate models versus multivariable models, balancing operational simplicity with high accuracy. Secondly, concerning model types, a detailed comparison is made between statistical methods and machine learning methods, with a particular emphasis on the outstanding performance of deep learning models in capturing complex relationships in carbon emissions. Thirdly, regarding model data, the discussion explores annual emissions and daily emissions, highlighting the practicality of annual predictions in policy-making and the importance of daily predictions in providing real-time support for environmental policies. Finally, regarding model quantity, the differences between single models and ensemble models are examined, emphasizing the potential advantages of considering multiple models in model selection. Based on the existing literature, future research will focus on the integration of multiscale data, optimizing the application of deep learning models, in-depth analysis of factors influencing carbon emissions, and real-time prediction, providing scientific support for a more comprehensive, real-time, and adaptive response to the challenges of climate change. This comprehensive research outlook aims to provide scientists and policymakers with reliable information on carbon emissions, promoting the achievement of environmental protection and sustainable development goals.",https://www.mdpi.com/2071-1050/17/4/1471
5,Data-driven rapid detection of Helicobacter pylori infection through machine learning with limited laboratory parameters in Chinese primary clinics,"Shiben Zhu, Xinyi Tan, He Huang, Yi Zhou, Yang Liu",15-Aug-24,"Background
Helicobacter pylori (H. pylori) is a significant global health concern, posing a high risk for gastric cancer. Conventional diagnostic and screening approaches are inaccessible, invasive, inaccurate, time-consuming, and expensive in primary clinics.

Objective
This study aims to apply machine learning (ML) models to detect H. pylori infection using limited laboratory parameters from routine blood tests and to investigate the association of these biomarkers with clinical outcomes in primary clinics.

Methods
A retrospective analysis with three ML and five ensemble models was conducted on 1409 adults from Hubei Provincial Hospital of Traditional Chinese Medicine. evaluating twenty-three blood test parameters and using the 𝑪𝟏𝟒 urea breath test as the gold standard for diagnosing H. pylori infection.

Results
In our comparative study employing three different feature selection strategies, Random Forest (RF) model exhibited superior performance over other ML and ensemble models. Multiple evaluation metrics underscored the optimal performance of the RF model (ROC = 0.951, sensitivity = 0.882, specificity = 0.906, F1 = 0.906, accuracy = 0.894, PPV = 0.908, NPV = 0.880) without feature selection. Key biomarkers identified through importance ranking and shapley additive Explanations (SHAP) analysis using the RF model without feature selection include White Blood Cell Count (WBC), Mean Platelet Volume (MPV), Hemoglobin (Hb), Red Blood Cell Count (RBC), Platelet Crit (PCT), and Platelet Count (PLC). These biomarkers were found to be significantly associated with the presence of H. pylori infection, reflecting the immune response and inflammation levels.

Conclusion
Abnormalities in key biomarkers could prompt clinical workers to consider H. pylori infection. The RF model effectively identifies H. pylori infection using routine blood tests, offering potential for clinical application in primary clinics. This ML approach can enhance diagnosis and screening, reducing medical burdens and reliance on invasive diagnostics.",https://www.cell.com/heliyon/fulltext/S2405-8440(24)11617-9
6,Development and validation of AI models using LR and LightGBM for predicting distant metastasis in breast cancer: a dual-center study,"Wen-hai Zhang, Yang Tan, Zhen Huang, Qi-xing Tan, Yue-mei Zhang, Bin-jie Chen, Chang-yuan Wei",6/14/2024,"Abstract

Objective: This study aims to develop an artificial intelligence model utilizing clinical blood markers, ultrasound data, and breast biopsy pathological information to predict the distant metastasis in breast cancer patients.

Methods: Data from two medical centers were utilized, Clinical blood markers, ultrasound data, and breast biopsy pathological information were separately extracted and selected. Feature dimensionality reduction was performed using Spearman correlation and LASSO regression. Predictive models were constructed using LR and LightGBM machine learning algorithms and validated on internal and external validation sets. Feature correlation analysis was conducted for both models.

Results: The LR model achieved AUC values of 0.892, 0.816, and 0.817 for the training, internal validation, and external validation cohorts, respectively. The LightGBM model achieved AUC values of 0.971, 0.861, and 0.890 for the same cohorts, respectively. Clinical decision curve analysis showed a superior net benefit of the LightGBM model over the LR model in predicting distant metastasis in breast cancer. Key features identified included creatine kinase isoenzyme (CK-MB) and alpha-hydroxybutyrate dehydrogenase.

Conclusion: This study developed an artificial intelligence model using clinical blood markers, ultrasound data, and pathological information to identify distant metastasis in breast cancer patients. The LightGBM model demonstrated superior predictive accuracy and clinical applicability, suggesting it as a promising tool for early diagnosis of distant metastasis in breast cancer.",https://www.frontiersin.org/journals/oncology/articles/10.3389/fonc.2024.1409273/full
7,Machine learning for the prediction of mortality in patients with sepsis-associated acute kidney injury: a systematic review and meta-analysis,"Xiangui Lv, Daiqiang Liu, Xinwei Chen, Lvlin Chen, Xiaohui Wang, Xiaomei Xu, Lin Chen, Chao Huang",21-Dec-24,"Abstract

Background
Predicting mortality in sepsis-related acute kidney injury facilitates early data-driven treatment decisions. Machine learning is predicting mortality in S-AKI in a growing number of studies. Therefore, we conducted this systematic review and meta-analysis to investigate the predictive value of machine learning for mortality in patients with septic acute kidney injury.

Methods
The PubMed, Web of Science, Cochrane Library and Embase databases were searched up to 20 July 2024 This was supplemented by a manual search of study references and review articles. Data were analysed using STATA 14.0 software. The risk of bias in the prediction model was assessed using the Predictive Model Risk of Bias Assessment Tool.

Results
A total of 8 studies were included, with a total of 53 predictive models and 17 machine learning algorithms used. Meta-analysis using a random effects model showed that the overall C index in the training set was 0.81 (95% CI: 0.78–0.84), sensitivity was 0.39 (0.32–0.47), and specificity was 0.92 (95% CI: 0.89–0.95). The overall C-index in the validation set was 0.73 (95% CI: 0.71–0.74), sensitivity was 0.54 (95% CI: 0.48–0.60) and specificity was 0.90 (95% CI: 0.88–0.91). The results showed that the machine learning algorithms had a good performance in predicting sepsis-related acute kidney injury death prediction.

Conclusion
Machine learning has been shown to be an effective tool for predicting sepsis-associated acute kidney injury deaths, which has important implications for enhancing risk assessment and clinical decision-making to improve sepsis patient care. It is also eagerly anticipated that future research efforts will incorporate larger sample sizes and multi-centre studies to more intensively examine the external validation of these models in different patient populations, allowing for a more in-depth exploration of sepsis-associated acute kidney injury in terms of accurate diagnostic efficacy across a diverse range of model and predictor types.
Trial registration
This study was registered with PROSPERO (CRD42024569420).",https://link.springer.com/article/10.1186/s12879-024-10380-6
8,Applying Machine Learning to Carotid Sonographic Features for Recurrent Stroke in Patients With Acute Stroke,"Shih-Yi Lin, Kin-Man Law, Yi-Chun Yeh, Kuo-Chen Wu, Jhih-Han Lai, Chih-Hsueh Lin, Wu-Huei Hsu, Cheng-Chieh Lin, Chia-Hung Kao",1/28/2022,"Abstract

Background: Although carotid sonographic features have been used as predictors of recurrent stroke, few large-scale studies have explored the use of machine learning analysis of carotid sonographic features for the prediction of recurrent stroke.

Methods: We retrospectively collected electronic medical records of enrolled patients from the data warehouse of China Medical University Hospital, a tertiary medical center in central Taiwan, from January 2012 to November 2018. We included patients who underwent a documented carotid ultrasound within 30 days of experiencing an acute first stroke during the study period. We classified these participants into two groups: those with non-recurrent stroke (those who has not been diagnosed with acute stroke again during the study period) and those with recurrent stoke (those who has been diagnosed with acute stroke during the study period). A total of 1,235 carotid sonographic parameters were analyzed. Data on the patients' demographic characteristics and comorbidities were also collected. Python 3.7 was used as the programming language, and the scikit-learn toolkit was used to complete the derivation and verification of the machine learning methods.

Results: In total, 2,411 patients were enrolled in this study, of whom 1,896 and 515 had non-recurrent and recurrent stroke, respectively. After extraction, 43 features of carotid sonography (36 carotid sonographic parameters and seven transcranial color Doppler sonographic parameter) were analyzed. For predicting recurrent stroke, CatBoost achieved the highest area under the curve (0.844, CIs 95% 0.824–0.868), followed by the Light Gradient Boosting Machine (0.832, CIs 95% 0.813–0.851), random forest (0.819, CIs 95% 0.802–0.846), support-vector machine (0.759, CIs 95% 0.739–0.781), logistic regression (0.781, CIs 95% 0.764–0.800), and decision tree (0.735, CIs 95% 0.717–0.755) models.

Conclusion: When using the CatBoost model, the top three features for predicting recurrent stroke were determined to be the use of anticoagulation medications, the use of NSAID medications, and the resistive index of the left subclavian artery. The CatBoost model demonstrated efficiency and achieved optimal performance in the predictive classification of non-recurrent and recurrent stroke.",https://www.frontiersin.org/journals/cardiovascular-medicine/articles/10.3389/fcvm.2022.804410/full
9,Interpreting the prediction results of the tree-based gradient boosting models for financial distress prediction with an explainable machine learning approach,"Jiaming Liu, Chengzhang Li, Peng Ouyang, Jiajia Liu, Chong Wu",10-Nov-22,"Abstract
Financial distress prediction is a major issue in the burgeoning fintech field. Given the importance of the reliability of the prediction results, there is an urgent need for the explanatory ability of the financial distress prediction model. From the modeling and explanation point of view, this study employs four prevailing tree-based gradient boosting models, namely, gradient boosting decision tree, extreme gradient boosting, light gradient boosting machine, and categorical boosting, to build financial distress prediction models by using financial data of listed companies in China from 1998 to 2014 and five different prediction time spans. We observe that tree-based gradient boosting models have better prediction performance than other prediction models. To explore the reasons for the prediction results, we deploy TreeSHAP. Then, we use Shapley regression to examine the statistically significant relationships between financial indicators and financial distress. We discover that financial indicators, such as net asset value per share and ratio of operating profits to current liabilities, are significantly related to financial distress. There is usually a nonlinear relationship between the financial predictors and prediction target. Thus, this study provides an effective method for financial distress prediction and an explanation of the results for listed companies in China.",https://onlinelibrary.wiley.com/doi/abs/10.1002/for.2931
10,Global performance of machine learning models to predict all-cause mortality: systematic review and meta-analysis,"Felipe Mendes Delpino, Ludmila Pereira Pimenta, Diego Ferreira Gonzalez, Audêncio Victor, Cinthia Fonseca Araujo, Keisyanne De Araujo-Moura, J. Jaime Miranda, Sandro Rogério Rodrigues Batista, Alexandre Dias Porto Chiavegatto Filho, Bruno Pereira Nunes",27-Nov-25,"Abstract
We aimed to review the literature on the performance of machine learning models to predict all-cause mortality. The systematic review was protocolled in PROSPERO (CRD42023476567) following PRISMA guidelines. Searches were conducted in PubMed, LILACS, Web of Science, and Scopus databases. Studies predicting all-cause mortality using machine learning were analyzed with random-effects models, with heterogeneity assessed using I2 statistics and quality evaluated using TRIPOD + AI. The meta-analysis included 88 studies. Most of the studies were from the United States (n = 25) and China (n = 20). Overall pooled AUC was 0.831 (95% CI 0.797–0.865), with extreme heterogeneity (I2:100%). The majority of the studies included no social variables in the models (89.8%). Subgroup analysis showed similar performance between general population studies and disease-specific populations. Models from high-income countries were similar to those from low- and middle-income countries. Meta-regression showed covariates that affected the results: algorithm, population type, study quality score, and study CI imputation. Equity-oriented sub-group analysis (< 10%) and external validation in other datasets (8.0%) were scarce. Overall, machine learning models showed high performance to predict all-cause mortality, but also highlighted equity gaps. The limitations reduce the potential of public health’s evaluation and deployment due to the risk of perpetuation of social disparities. Extreme heterogeneity indicates highly context-dependent performance requiring local validation before implementation assessment.",https://www.nature.com/articles/s41598-025-26714-6
11,Boosting-Based Machine Learning Applications in Polymer Science: A Review,"Ivan Malashin, Vadim Tynchenko, Andrei Gantimurov, Vladimir Nelyub, Aleksei Borodulin",14-Feb-25,"Abstract

The increasing complexity of polymer systems in both experimental and computational studies has led to an expanding interest in machine learning (ML) methods to aid in data analysis, material design, and predictive modeling. Among the various ML approaches, boosting methods, including AdaBoost, Gradient Boosting, XGBoost, CatBoost and LightGBM, have emerged as powerful tools for tackling high-dimensional and complex problems in polymer science. This paper provides an overview of the applications of boosting methods in polymer science, highlighting their contributions to areas such as structure–property relationships, polymer synthesis, performance prediction, and material characterization. By examining recent case studies on the applications of boosting techniques in polymer science, this review aims to highlight their potential for advancing the design, characterization, and optimization of polymer materials.",https://www.mdpi.com/2073-4360/17/4/499
12,Machine Learning for Gas Capture in Ionic Liquids: Current Status and Future Trends,"Guocai Tian, Zhiqiang Hu, Ranran Geng",1-Jul-26,"Abstract

Ionic liquids, as green gas solubility media, have great potential for applications in carbon capture, industrial waste gas purification, and other fields. However, the massive combination of anions and cations makes their screening extremely difficult. Machine learning can break through the bottleneck of traditional experiments and simulations and achieve high-throughput prediction of gas solubility in ionic liquids. This article provides a systematic review of the research progress of machine learning in predicting the gas solubility performance of ionic liquids. The classification and modeling process of machine learning, the construction and performance of machine learning prediction models for the solubility of gases such as CO2, H2S, NH3, SO2, N2O and others in ionic liquids were analyzed and summarized. The progress and existing problems of machine learning application for gas capture in ionic liquids and the future development direction are discussed, in order to provide assistance and theoretical reference for the directional design and industrial application of ionic liquids.",https://www.mdpi.com/1420-3049/31/13/2293
13,Predictive model for early death risk in pediatric hemophagocytic lymphohistiocytosis patients based on machine learning,"Li Xiao, Yang Zhang, Ximing Xu, Meiling Liao, Qinshi Hu, Jie Yu",Nov-23,"Background
Hemophagocytic Lymphohistiocytosis (HLH) is a rare and life-threatening disease in children, with a high early mortality rate. This study aimed to construct machine learning model to predict the risk of early death using clinical indicators at the time of HLH diagnosis.

Methods
This observational cohort study was conducted at the National Clinical Research Center for Child Health and Disease. Data was collected from pediatric HLH patients diagnosed by the HLH-2004 protocol between January 2006 and December 2022. Six machine learning models were constructed using the Least Absolute Shrinkage and Selection Operator (LASSO) to select key clinical indicators for model construction.

Results
The study included 587 pediatric HLH patients, and the early mortality rate was 28.45 %. The logistic and XGBoost model with the best performance after feature screening were selected to predict early death of HLH patients. The logistic model had an AUC of 0.915 and an accuracy of 0.863, while the XGBoost model had an AUC of 0.889 and an accuracy of 0.829. The risk factors most associated with early death were the absence of immunochemotherapy, decreased TC levels, increased BUN and total bilirubin, and prolonged TT. We developed an online calculator tool for predicting the probability of early death in children with HLH.

Conclusions
We developed the first web-based early mortality prediction tool for pediatric HLH to assist clinicians in risk stratification at diagnosis and in developing personalized treatment protocols. This study is registered on the China Clinical Trials Registry platform (ChiCTR2200061315).",https://www.cell.com/heliyon/fulltext/S2405-8440(23)09410-0
14,Use of machine learning models to predict mortality in dialysis patients,"Junmin Huang, Lu Chen, Hongying Luo, Junhao Song, Ziqian Bi, Keyu Chen, Xin Liang Chia, Ming Liu, Tianyang Wang, Benji Peng, Zihan Wei, Zhiqing Huang, Zhihang Li, Xincheng Liu, Hongjiu Zhou, Weihuang Zhang, Wen Wen, Mianna Luo, Shujun Wang, Huafeng Liu, Chunjie Tian, Jibin Guan, Joe Yeong, Yongzhi Xu, Peng Wang, Junfeng Hao",12/5/2025,"Abstract

Background: Mortality among maintenance hemodialysis patients remains high, and traditional statistical models often fail to capture complex clinical relationships. This study aimed to systematically develop, compare, and validate 19 machine learning algorithms for predicting all-cause mortality in maintenance hemodialysis patients.

Methods: This retrospective study included data from 538 maintenance hemodialysis patients (2018.1–2023.12), with 70% used for training and 30% for testing. Each model underwent hyperparameter optimization based on three performance metrics (accuracy, F1-score, and ROC Area Under the Curve [AUC]) to evaluate the impact of different clinical priorities.

Results: Gradient boosting models demonstrated consistent superiority, with performance outcomes highly sensitive to the selected optimization target. XGBoost optimized for accuracy achieved an F1 score of 0.683 and a ROC AUC of 0.899. AdaBoost optimized for F1 score attained the highest ROC AUC of 0.903 and an F1 score of 0.682. AdaBoost also demonstrated robust performance across optimization strategies, suggesting its suitability for clinical implementation where balanced risk prediction is essential.

Conclusion: A systematic ML framework can yield tailored, high-performing models for mortality risk stratification in maintenance hemodialysis patients, with significant potential to enhance identification and management of high-risk individuals in clinical practice.

Clinical trial number Registry: Chinese Clinica Trial Registry (ChiCTR), TRN:ChiCTR2500103960, Registration date: 9 June 2025.",https://www.frontiersin.org/journals/public-health/articles/10.3389/fpubh.2025.1683285/full
15,Combination of Feature Selection and CatBoost for Prediction: The First Application to the Estimation of Aboveground Biomass,"Mi Luo, Yifu Wang, Yunhong Xie, Lai Zhou, Jingjing Qiao, Siyu Qiu, Yujun Sun",13-Feb-21,"Abstract

Increasing numbers of explanatory variables tend to result in information redundancy and “dimensional disaster” in the quantitative remote sensing of forest aboveground biomass (AGB). Feature selection of model factors is an effective method for improving the accuracy of AGB estimates. Machine learning algorithms are also widely used in AGB estimation, although little research has addressed the use of the categorical boosting algorithm (CatBoost) for AGB estimation. Both feature selection and regression for AGB estimation models are typically performed with the same machine learning algorithm, but there is no evidence to suggest that this is the best method. Therefore, the present study focuses on evaluating the performance of the CatBoost algorithm for AGB estimation and comparing the performance of different combinations of feature selection methods and machine learning algorithms. AGB estimation models of four forest types were developed based on Landsat OLI data using three feature selection methods (recursive feature elimination (RFE), variable selection using random forests (VSURF), and least absolute shrinkage and selection operator (LASSO)) and three machine learning algorithms (random forest regression (RFR), extreme gradient boosting (XGBoost), and categorical boosting (CatBoost)). Feature selection had a significant influence on AGB estimation. RFE preserved the most informative features for AGB estimation and was superior to VSURF and LASSO. In addition, CatBoost improved the accuracy of the AGB estimation models compared with RFR and XGBoost. AGB estimation models using RFE for feature selection and CatBoost as the regression algorithm achieved the highest accuracy, with root mean square errors (RMSEs) of 26.54 Mg/ha for coniferous forest, 24.67 Mg/ha for broad-leaved forest, 22.62 Mg/ha for mixed forests, and 25.77 Mg/ha for all forests. The combination of RFE and CatBoost had better performance than the VSURF–RFR combination in which random forests were used for both feature selection and regression, indicating that feature selection and regression performed by a single machine learning algorithm may not always ensure optimal AGB estimation. It is promising to extending the application of new machine learning algorithms and feature selection methods to improve the accuracy of AGB estimates.",https://www.mdpi.com/1999-4907/12/2/216
16,Assessment of machine learning models for estimating daily reference evapotranspiration in semi-arid region,"Mohammed A. Atiea, Doaa E. El-Agha",9-Jun-25,"Abstract
Evapotranspiration (ET) has been the focus of research for decades as it is the key to improving water resources management. This study addresses the estimation of daily reference evapotranspiration (ET₀) using machine learning (ML) models with limited meteorological data in newly developed agricultural areas in Egypt. The study tested five methods for selecting key input features to compare the performance of 20 ML models across 14 stations using available daily meteorological data from 1943 to 2024. The modified FAO Penman–Monteith (PM) method was used to estimate ET₀ as a benchmark for evaluating the performance of ML models. The Categorical Boosting (CatBoost) regressor achieved the highest performance across all stations when using the complete feature dataset and maintained high performance with three features. Furthermore, the results showed consistent success of CatBoost, Light Gradient Boosting Machine (LightGBM), and Gradient Boosting Machine (GB) when two features, selected by Sequential Forward Selection (SFS) method, were used. This highlights the feature selection method’s ability to capture the most important meteorological variables, making it a valuable tool for improving ET₀ prediction in different agroclimatic regions. In addition, wind speed (U) and maximum temperature (Tmax) were identified as critical predictors of daily ET₀ in Egypt. This approach offers a practical solution for improving water management in newly reclaimed desert areas, not only in Egypt but also in other regions with similar climatic conditions.",https://link.springer.com/article/10.1007/s11356-025-36582-2
17,Spectral Feature Integration and Ensemble Learning Optimization for Regional-Scale Landslide Susceptibility Mapping in Mountainous Areas,"Yun Tian, Taorui Zeng, Linfeng Wang, Gang Chen, Sihang Yang, Hao Chen, Ligang Wang",23-Jan-26,"Abstract
Current research on landslide susceptibility modeling is often constrained by reliance on conventional topographic and geological features, potentially overlooking the discriminative power of surface material properties derived from multi-source remote sensing. This study aims to enhance the accuracy and reliability of susceptibility assessment by innovatively integrating spectral information and advanced machine learning techniques. Focusing on Chongqing, a landslide-prone mountainous region in China, this work conducted three innovative investigations: it (i) introduced 12 spectral features into the feature set; (ii) systematically evaluated spectral features contribution, redundancy, and set completeness through feature engineering; and (iii) implemented a comprehensive Stacking ensemble framework with multiple meta-learners and enhancement strategies (Bagging and Cross-Training) to identify the optimal integration scheme. The key results show that spectral features provided a significant positive impact, boosting the AUC of tree-based ensemble models by up to 4.52%. The optimal model, a Stacking ensemble with Bagging_XGBoost as the meta-learner, achieved a superior test AUC of 0.8611, outperforming all individual base learners. Furthermore, the spatial analysis revealed a concentration of high and very high susceptibility areas in Engineering Geological Zone I, which represents approximately 38% of such areas. This study provides a replicable framework for enhancing landslide susceptibility mapping through the integration of spectral features and ensemble learning, offering a scientific basis for targeted risk management and mitigation planning in complex mountainous terrains.",https://www.mdpi.com/2072-4292/18/3/382
18,An explainable artificial intelligence framework for risk prediction of COPD in smokers,"Xuchun Wang, Yuchao Qiao, Yu Cui, Hao Ren, Ying Zhao, Liqin Linghu, Jiahui Ren, Zhiyang Zhao, Limin Chen, Lixia Qiu",6-Nov-23,"Abstract

Background
Since the inconspicuous nature of early signs associated with Chronic Obstructive Pulmonary Disease (COPD), individuals often remain unidentified, leading to suboptimal opportunities for timely prevention and treatment. The purpose of this study was to create an explainable artificial intelligence framework combining data preprocessing methods, machine learning methods, and model interpretability methods to identify people at high risk of COPD in the smoking population and to provide a reasonable interpretation of model predictions.

Methods
The data comprised questionnaire information, physical examination data and results of pulmonary function tests before and after bronchodilatation. First, the factorial analysis for mixed data (FAMD), Boruta and NRSBoundary-SMOTE resampling methods were used to solve the missing data, high dimensionality and category imbalance problems. Then, seven classification models (CatBoost, NGBoost, XGBoost, LightGBM, random forest, SVM and logistic regression) were applied to model the risk level, and the best machine learning (ML) model’s decisions were explained using the Shapley additive explanations (SHAP) method and partial dependence plot (PDP).

Results
In the smoking population, age and 14 other variables were significant factors for predicting COPD. The CatBoost, random forest, and logistic regression models performed reasonably well in unbalanced datasets. CatBoost with NRSBoundary-SMOTE had the best classification performance in balanced datasets when composite indicators (the AUC, F1-score, and G-mean) were used as model comparison criteria. Age, COPD Assessment Test (CAT) score, gross annual income, body mass index (BMI), systolic blood pressure (SBP), diastolic blood pressure (DBP), anhelation, respiratory disease, central obesity, use of polluting fuel for household heating, region, use of polluting fuel for household cooking, and wheezing were important factors for predicting COPD in the smoking population.

Conclusion
This study combined feature screening methods, unbalanced data processing methods, and advanced machine learning methods to enable early identification of COPD risk groups in the smoking population. COPD risk factors in the smoking population were identified using SHAP and PDP, with the goal of providing theoretical support for targeted screening strategies and smoking population self-management strategies.",https://link.springer.com/article/10.1186/s12889-023-17011-w
19,"ORIGINAL ARTICLE
Predictive value of red blood cell distribution width to albumin ratio for all-cause mortality in patients with traumatic brain injury and machine learning validation","Yufeng Tian, Hui Peng, Xiaojing Song, Jiaru Jiang, Jiangbo Xiao, Yixing Zhong, Xinyun Yi, Furong Liu, Hongyi Yao, Chengjian He",2026,,https://www.sciencedirect.com/science/article/pii/S0011384026001565
20,Concrete compressive strength classification using hybrid machine learning models and interactive GUI,"Mostafa M. Alsaadawi, Mohamed Kamel Elshaarawy, Abdelrahman Kamal Hamed",28-Apr-25,"Abstract
Concrete Compressive Strength (CCS) is a critical parameter in structural engineering, influencing durability, safety, and load-bearing capacity. This study explores the classification of CCS using hybrid Machine Learning (ML) techniques and an interactive Graphical User Interface (GUI). Advanced ML algorithms: Random Forest (RF), Adaptive-Boosting (AdaBoost), Extreme-Gradient-Boosting (XGBoost), Light-Gradient Boosting Machine (LightGBM), and Categorical-Boosting (CatBoost) were applied to categorize strength into Low, Normal, and High classes. The dataset, comprising 1298 samples, was split into 80% training and 20% testing for evaluation. Hyperparameter tuning was applied using Bayesian Optimization with fivefold stratified cross-validation, resulting greatly improved the model’s performance. 

Results showed that LightGBM achieved the highest accuracy, with scores of 0.931 (Low), 0.865 (Normal), and 0.935 (High), and corresponding area under the curve values of 0.967, 0.938, and 0.981. CatBoost also performed well, particularly in Normal and High strength classes, while XGBoost showed slight overfitting in the Normal class. RF and AdaBoost had acceptable performance but struggled with boundary cases. To interpret model predictions, SHapley-Additive-exPlanations (SHAP) analysis was used. Curing duration and cement content were the most influential factors across all strength classes, while water content and superplasticizer played secondary roles. Coarse aggregate became more significant in High-Strength Concrete (HSC). A GUI was developed to allow practitioners to input data and receive real-time strength classifications, bridging the gap between machine learning and practical applications in concrete design.",https://link.springer.com/article/10.1007/s41062-025-01983-2
21,Evaluating the efficacy of AI-driven intrusion detection systems in IoT: a review of performance metrics and cybersecurity threats,"Jianwei Tian, Hongyu Zhu",17-Nov-25,"Abstract

Background
The growing scale and complexity of Internet of Things (IoT) environments have intensified the need for intelligent and adaptive cybersecurity mechanisms. Artificial intelligence (AI)-based intrusion detection systems (IDS) have emerged as a promising solution for identifying and mitigating threats in real time.

Methodology
This review systematically evaluates the effectiveness of AI-based IDS in IoT networks, following the Preferred Reporting Items for Systematic Reviews and Meta-Analyses (PRISMA) 2020 guidelines. A comprehensive search of the Scopus and Web of Science databases was conducted, yielding 203 studies, of which 51 met the inclusion criteria. Eligible studies, published between 2016 and 2025, were analyzed for geographic distribution, AI techniques used, methodological quality, and reported outcomes. Meta-regression and contour-enhanced funnel plots were employed to assess effect size trends and publication bias.

Results
Most studies originated from India, Saudi Arabia, and China, with research output peaking in 2024. Meta-regression analysis revealed a positive correlation between publication year and reported effect size, indicating progressive advancements in AI methodologies. Machine learning (ML) and deep learning (DL) were the most widely used techniques, with a growing trend toward hybrid and ensemble models that enhance threat detection accuracy. Recent studies also showed increased interest in explainable artificial intelligence (XAI), reflecting the demand for transparency and interpretability in model outputs. Funnel plot asymmetry suggested a bias toward publishing positive findings.

Conclusions
AI-based IDSs have demonstrated substantial potential in strengthening IoT security, particularly through ML, DL, and hybrid approaches. However, inconsistencies in evaluation metrics, reporting standards, and methodological design remain significant challenges. The findings highlight the need for standardized benchmarks and robust frameworks to guide future research and ensure reliable deployment of AI-driven IDS in diverse IoT contexts.",https://peerj.com/articles/cs-3352/
22,BEPCD: an ensemble learning-based intrusion detection framework for in-vehicle CAN bus,"Bocheng Xu, Fei Cao, Xilong Li, Song Tian, Wenbo Deng, Shudan Yue",19-Aug-25,"Abstract

With the rapid development and widespread adoption of intelligent vehicles and the Internet of Vehicles (IoV), vehicle security has become a growing concern. Modern vehicles manage key components via the controller area network (CAN) connected electronic control units (ECUs). CAN bus intrusion techniques are the primary methods of compromising the IoV, posing a significant threat to the normal operation of critical vehicle systems, such as the power systems. However, existing attack detection methods still have shortcomings in terms of feature extraction and the diversity of attack type detection. To address these challenges, we propose an intrusion detection framework named basic ensemble and pioneer class decision (BEPCD). The framework first constructs a 15-dimensional feature model to hierarchically characterize CAN bus messages. Subsequently, BEPCD incorporates multi-model ensemble learning enhanced by a Pioneer class selector and confidence-driven voting mechanisms, enabling precise classification of both conventional and emerging attack patterns. Additionally, we analyze the importance of different data features across four machine learning algorithms. Experimental results on public datasets demonstrate that the proposed detection framework effectively detects intrusions in-vehicle CAN bus. Compared to other intrusion detection frameworks, our framework improves the overall F1-score by 1% to 5%. Notably, it achieves an approximately 77.5% performance enhancement in detecting replay attacks.",https://peerj.com/articles/cs-3108/
23,Systems Biology and Machine Learning Decode an Immunometabolic Signature for Post-Thrombotic Syndrome,"Ke Chen, Xuefeng Tian, Yang Ding, Zijian Dong, Ran Tao, Yifan Fan, Zhiyong Chen, Binshan Zha, Xiaoqiang Li, Wendong Li",2026,"Abstract

Objective Post-thrombotic syndrome (PTS), a common complication of deep vein thrombosis, lacks objective diagnostic biomarkers and its molecular mechanisms remain poorly understood. This study aimed to identify plasma biomarkers and clarify pathways using integrated multi-omics and machine learning.

Methods Proteomic and metabolomic profiling of 75 PTS patients and 75 controls was performed. Differential expression analysis, pathway enrichment, and protein-metabolite network analysis were conducted. A multi-algorithm machine learning with 8 feature selection methods prioritized biomarkers. Validations and 14 models were assessed.

Results 1,104 proteins and 1,891 metabolites were differentially expressed. Citrate cycle and unsaturated fatty acid biosynthesis were enriched. Three proteins, namely DIP2B, KNG1, and SUCLG2, were consistently selected as core biomarkers. All of these proteins were significantly downregulated in PTS and externally validated. A random forest model utilizing these proteins achieved an accuracy of 97.7% in independent testing, with SUCLG2 being the most influential predictor.

Conclusion This study identifies a novel three - protein biomarker panel for the diagnosis of PTS and reveals an immunometabolic axis in the pathogenesis of PTS, which links inflammatory regulation with mitochondrial energy metabolism. These findings provide valuable insights into the development of diagnostic tools and targeted therapeutic approaches.",https://www.medrxiv.org/content/10.64898/2026.02.09.26345941.abstract
24,LGBMDF: A cascade forest framework with LightGBM for predicting drug-target interactions,"Yu Peng, Shouwei Zhao, Zhiliang Zeng, Xiang Hu, Zhixiang Yin",1/5/2023,"Abstract Prediction of drug-target interactions (DTIs) plays an important role in drug development. However, traditional laboratory methods to determine DTIs require a lot of time and capital costs. In recent years, many studies have shown that using machine learning methods to predict DTIs can speed up the drug development process and reduce capital costs. An excellent DTI prediction method should have both high prediction accuracy and low computational cost. In this study, we noticed that the previous research based on deep forests used XGBoost as the estimator in the cascade, we applied LightGBM instead of XGBoost to the cascade forest as the estimator, then the estimator group was determined experimentally as three LightGBMs and three ExtraTrees, this new model is called LGBMDF. We conducted 5-fold cross-validation on LGBMDF and other state-of-the-art methods using the same dataset, and compared their Sn, Sp, MCC, AUC and AUPR. Finally, we found that our method has better performance and faster calculation speed.",https://www.frontiersin.org/journals/microbiology/articles/10.3389/fmicb.2022.1092467/full
25,A Review of Ensemble Learning Algorithms Used in Remote Sensing Applications,"Yuzhen Zhang, Jingjing Liu, Wenjuan Shen",29-Aug-22,"Abstract

Machine learning algorithms are increasingly used in various remote sensing applications due to their ability to identify nonlinear correlations. Ensemble algorithms have been included in many practical applications to improve prediction accuracy. We provide an overview of three widely used ensemble techniques: bagging, boosting, and stacking. We first identify the underlying principles of the algorithms and present an analysis of current literature. We summarize some typical applications of ensemble algorithms, which include predicting crop yield, estimating forest structure parameters, mapping natural hazards, and spatial downscaling of climate parameters and land surface temperature. Finally, we suggest future directions for using ensemble algorithms in practical applications.",https://www.mdpi.com/2076-3417/12/17/8654
26,Diagnostic models for sepsis-associated encephalopathy: a comprehensive systematic review and meta-analysis,"Tengfei Zhou, Xinming Tian, Wei Wang, Zhe Chu",7/31/2025,"Abstract

Objective: To systematically evaluate the performance and methodological rigor of published prediction models for sepsis-associated encephalopathy (SAE), identify their limitations, and provide guidance for the future development of robust and clinically applicable models.

Methods: We conducted a systematic search across nine English and Chinese databases (from inception to May 2025) for studies developing or validating SAE prediction models in adult sepsis patients. Two researchers independently gathered data, using PROBAST to assess methodological quality, and conducted a meta-analysis of the AUC of logistic regression models.

Results: Ten studies were included, encompassing 55,244 patients with sepsis, revealing an incidence of SAE ranging from 15.0 to 62.4%. A total of 29 predictive models were developed, comprising 10 optimal models, primarily utilizing logistic regression or machine learning algorithms. The combined AUC of the five logistic regression models was 0.85 (95% CI 0.77–0.93), exhibiting substantial heterogeneity (I2 = 91.8%). All models showed a high risk of bias according to the PROBAST evaluation, mainly due to the lack of external validation and methodological shortcomings.

Conclusion: Current SAE prediction models demonstrate moderate discriminatory ability, but their methodological quality remains poor, and they are not yet suitable for routine clinical application. In the future, standardized SAE definitions and prospective data collection should be strengthened, models should be developed and validated strictly following the TRIPOD guidelines, and model interpretability should be improved to promote clinical application.",https://www.frontiersin.org/journals/neurology/articles/10.3389/fneur.2025.1645397/full
27,Predictive performance of mortality risk models in sepsis-associated encephalopathy: a systematic review and meta-analysis,"T Zhou, X Tian, J Li, W Xiong, Z Chu",2025,"Abstract

Background Sepsis-associated encephalopathy (SAE) is a common central nervous system complication in patients with sepsis and is associated with a signicant increase in in-hospital and long-term mortality. In recent years, a variety of mortality risk prediction models based on traditional statistics and machine learning have been proposed to identify high-risk patients. However, the performance differences and clinical applicability of these models remain poorly evaluated. Therefore, this study systematically reviews and quantitatively integrates the performance of existing SAE mortality risk prediction models, compares the predictive ecacy of different modeling approaches, and provides a basis for clinical risk assessment and model optimization.",https://assets-eu.researchsquare.com/files/rs-7856538/v1/fb9749cb-560c-4a16-88ae-a42159fd6af4.pdf
28,Evaluating the efficiency of NDVI and climatic data in maize harvest prediction using machine learning,"Mario E. Suaza-Medina, Jorge Laguna, Rubén Béjar, F. Javier Zarazaga-Soria, Javier Lacasta",28-May-24,"ABSTRACT
Accurate anticipation of the maize harvest date is important in the agricultural market, as it ensures the sustainability of food production in response to the increasing global demand for food. This paper proposes a predictive model to determine the optimal harvest time in maize plots using the Normalised Difference Vegetation Index (NDVI) and climatological data. These variables were oversampled and used to train various models, including Random Forest (RF), Gradient Boosting Machine (GBM), Light Gradient Boosting Machine (LGBM), Extreme Gradient Boosting Machine (XGBoost), CatBoost and Support Vector Machine (SVM). Bayesian optimisation has been used to find the best hyperparameters and Shapley values to identify the variables that exert the most significant influence on the prediction in each model instance. As a result of this approach, a model with an accuracy of 92.1% and an Area Under the Curve (AUC) of 0.935 was developed. The variables that determined these results were atmospheric pressure, mean temperature, precipitation, NDVI, and precipitation.",https://www.tandfonline.com/doi/abs/10.1080/17538947.2024.2359565
29,"Artificial Intelligence for Osteoporosis Diagnosis, Risk Prediction and Therapy: Current Advances, Clinical Challenges, and Future Perspectives","Zhaochen Zhang, Yuxi He, Zhanhao Mo, Peng Zhang, Zhenya Tian, Lanfeng Huang",17-Jun-26,"Abstract
Osteoporosis (OP) is a chronic systemic skeletal disorder that predominantly affects the elderly. It is characterized by an imbalance in bone homeostasis, reduced bone mass, microarchitectural deterioration of bone tissue, and increased bone fragility, ultimately leading to a higher risk of fractures and related complications. With the progression of global population aging, the prevalence of OP continues to rise, underscoring the importance of early diagnosis and timely intervention. However, the diagnosis and management of OP—particularly its early detection—remain limited by material constraints such as diagnostic equipment and by subjective factors including clinician experience, which hinder widespread screening. In recent years, artificial intelligence (AI) has emerged as a transformative technology with advantages of efficiency, objectivity, and scalability, and has been increasingly integrated into various medical domains. For example, AI-assisted musculoskeletal measurements on leg and foot radiographs can reduce the measurement time from 166 seconds to 40 seconds, resulting in an overall efficiency improvement of approximately 70%. Applying AI to the diagnosis and treatment of OP can reduce human error, save labor costs, and improve diagnostic accuracy and clinical efficiency. Numerous studies have investigated AI-based approaches in OP-related research and clinical practice. Despite these promising developments, several important limitations should be acknowledged. Considerable heterogeneity exists among published studies regarding patient populations, AI algorithms, and evaluation metrics. Besides, consistent external validation remains insufficient in many studies. Challenges related to data imbalance and potential selection bias further highlight the need for standardized reporting frameworks and multicenter collaborative research to promote safe clinical adoption of AI technologies in osteoporosis management. This review summarizes current AI applications in OP diagnosis, risk prediction and therapy. We highlight key methodological limitations and emerging trends, aiming to guide future research and facilitate safe clinical implementation of AI in OP management.",https://www.tandfonline.com/doi/abs/10.2147/CIA.S607232
30,Impact of Feature Selection Techniques on the Performance of Machine Learning Models for Depression Detection Using EEG Data,"Marwa Hassan, Naima Kaabouch",15-Nov-24,"Abstract

Major depressive disorder (MDD) poses a significant challenge in mental healthcare due to difficulties in accurate diagnosis and timely identification. This study explores the potential of machine learning models trained on EEG-based features for depression detection. Six models and six feature selection techniques were compared, highlighting the crucial role of feature selection in enhancing classifier performance. This study investigates the six feature selection methods: Elastic Net, Mutual Information (MI), Chi-Square, Forward Feature Selection with Stochastic Gradient Descent (FFS-SGD), Support Vector Machine-based Recursive Feature Elimination (SVM-RFE), and Minimal-Redundancy-Maximal-Relevance (mRMR). These methods were combined with six diverse classifiers: Logistic Regression, Support Vector Machine (SVM), Random Forest, Extreme Gradient Boosting (XGBoost), Categorical Boosting (CatBoost), and Light Gradient Boosting Machine (LightGBM). The results demonstrate the substantial impact of feature selection on model performance. SVM-RFE with SVM achieved the highest accuracy (93.54%) and F1 score (95.29%), followed by Logistic Regression with an accuracy of 92.86% and F1 score of 94.84%. Elastic Net also delivered strong results, with SVM and Logistic Regression both achieving 90.47% accuracy. Other feature selection methods yielded lower performance, emphasizing the importance of selecting appropriate feature selection and machine learning algorithms. These findings suggest that careful selection and application of feature selection techniques can significantly enhance the accuracy of EEG-based depression detection.",https://www.mdpi.com/2076-3417/14/22/10532
31,Predictive performance of mortality risk models in sepsis-associated encephalopathy: a systematic review and meta-analysis,"TengfeiZhou1,2Email17554147744@163.com
XinmingTian2
JifengLi2",N/A,"Abstract
Background
Sepsis-associated encephalopathy (SAE) is a common central nervous system complication in patients with sepsis and is associated with a significant increase in in-hospital and long-term mortality. In recent years, a variety of mortality risk prediction models based on traditional statistics and machine learning have been proposed to identify high-risk patients. However, the performance differences and clinical applicability of these models remain poorly evaluated. Therefore, this study systematically reviews and quantitatively integrates the performance of existing SAE mortality risk prediction models, compares the predictive efficacy of different modeling approaches, and provides a basis for clinical risk assessment and model optimization.
Methods
A
This study adhered to the PRISMA statement, and the study protocol was registered with PROSPERO (CRD420251062130). A systematic search of PubMed, Embase, Web of Science, the Cochrane Library, and CINAHL databases was conducted from inception to May 2025. Studies investigating mortality risk prediction models for adult ICU patients with SAE were included. Model characteristics, predictors, and performance indicators were extracted. A random-effects model was used to perform a meta-analysis of the area under the curve (C statistic). Subgroup comparisons were also performed according to the modeling approach.
Results
Seven studies were included, and 23 SAE mortality risk prediction models were constructed and evaluated (three using machine learning, three using logistic regression, and one using Cox regression). The overall pooled AUC was 0.82 (95% CI: 0.78–0.86), demonstrating good discrimination. Subgroup analysis showed that the pooled AUC for the machine learning model was 0.85 (95% CI: 0.80–0.90), slightly higher than the 0.80 (95% CI: 0.74–0.87) for the traditional regression model, with no statistically significant difference (p = 0.283). PROBAST assessment indicated that most studies had a certain risk of bias, primarily in model development and validation, such as limited sample size, inconsistent variable selection, and insufficient internal validation.
Conclusion
Existing SAE mortality risk prediction models generally have good discriminative performance. Machine learning models have a slight advantage in terms of AUC, but insufficient interpretability and external validation still limit their widespread application. Future research should standardize SAE definitions, expand sample sizes, strengthen external validation, and integrate interpretable artificial intelligence with multimodal data fusion techniques to improve model robustness and clinical applicability.",https://assets-eu.researchsquare.com/files/rs-7856538/v1/71147d7e5f1c668ec95cbcbc.html
32,Optimizing myopia prediction in children and adolescents using machine learning: a multi-factorial risk assessment model,"Yue Xi, Wei Zhu, Wenjing Yan, Xiaobin Wei, Qian Zhao, Shengting Dai",11/13/2025,"Abstract

Background: Most previous studies on myopia in children and adolescents have primarily focused on genetic and environmental factors. This study aimed to explore modifiable behavioral, sociodemographic, and psychological contributors to myopia and to evaluate the potential of machine learning (ML) models in identifying at-risk individuals.

Methods: A cross-sectional survey was conducted in eight primary and secondary schools in a Chinese province between October and December 2023. The dataset was split into training and testing sets (7:3). LASSO regression identified potential predictors, followed by multivariate logistic regression to determine independent risk factors. Ten machine learning algorithms were used to build prediction models: logistic regression, support vector machine (SVM), gradient boosting machine (GBM), neural network (NNET), extreme gradient boosting (XGBoost), k-nearest neighbors (KNN), random forest adaptive boosting (AdaBoost), LightGBM, and CatBoost. Model performance was evaluated using accuracy, F1 score, specificity, sensitivity, and area under the receiver operating characteristic (ROC) curve (AUC). SHapley Additive exPlanations (SHAP) were used to interpret variable contributions in the best-performing model.

Results: The study included 2,086 children and adolescents (mean age 9.8 ± 2.7 years; 50.5% female), with an overall myopia prevalence of 25.12%. Independent risk factors for myopia included parental myopia, only-child status, physical activity level, mother’s education level, age, and physical activity behavior. Among all models, the LightGBM algorithm achieved the best predictive performance (AUC = 0.738, 95% CI: 0.709–0.767). SHAP analysis identified parental myopia, physical activity level, only-child status, and physical activity behavior as the most influential predictors.

Conclusion: Although ML models showed limited predictive accuracy, they helped identify modifiable risk factors associated with childhood and adolescent myopia. These findings may inform the design of targeted prevention strategies and early behavioral interventions rather than serve as clinical diagnostic tools.",https://www.frontiersin.org/journals/medicine/articles/10.3389/fmed.2025.1672432/full
33,Accurate Data-Driven Frameworks to Estimate Solubility of Ammonia in Ionic Liquids,"Tao Xu, Ahmad Alkhayyat, Zainab Ahmed Hamodi, Anupam Yadav, H. S. Shreenidhi, Haval Kamil, Abhinav Kumar, Devendra Singh, Vatsal Jain, Shirin Shomurotova, Aseel Smerat, Ahmad Khalid",5-Nov-25,"Abstract
The primary goal of estimating NH3 solubility in ionic liquids (ILs) is to develop reliable algorithms capable of accurately capturing complex relationships between key input parameters like pressure, chemical descriptors and temperature, and the target variable, NH3 solubility. Various factors, including temperature, pressure, and the chemical properties of ILs (represented as S1 to S6), can influence NH3 solubility. This study centers on creating different data-centric models by leveraging advanced machine learning methods, including decision trees (DTs), lasso regression, artificial neural networks (ANNs), linear regression, light gradient boosting machines (LightGBM), convolutional neural networks (CNNs), ridge regression, Gaussian processes, random forests (RFs), extreme gradient boosting (XGBoost),elastic net, support vector machines (SVMs), gradient boosting machines (GBMs), categorical boosting (CatBoost), and k-nearest neighbors (KNN). These models are designed to precisely predict solubility of NH3 in ILs. To evaluate their performance, various metrics and graphical methods are employed. The outlier detection algorithm based on Monte Carlo methods confirms that the majority of the dataset, consisting of 785 data points, is appropriate for model creation. The results highlight that Random Forest, ANN, CatBoost, LightGBM, and XGBoost are the most robust and accurate models for predicting NH3 solubility, as demonstrated by their lowest error metrics and highest R-squared values. Sensitivity analysis further reveals that all input variables are interrelated with the target variable. Finally, the game theory investigations by the SHAP revealed that pressure, temperature and S1 are the most influencing factors on solubility of NH3 in ILs.",https://www.tandfonline.com/doi/abs/10.1080/00219592.2025.2560443
34,Interpreting the relationship between properties of wood and pulping & paper via machine learning algorithms combined with SHAP analysis,"Xing Liu, Jie Hong, Mingming Zhang, Liang Zhou",3-Jan-25,"Abstract

The pulping ability and quality of paper high relay on the wood properties. However, the relationship between them are profound. Based on the extracting digital information from the anatomical, chemical, and physical properties of poplar wood, predictive models were developed for paper properties (tensile index, burst index and tear index) and pulping properties (Kappa number and pulp yield) using six algorithms, namely PLSR, ENR, RF, XGBoost, LightGBM, and CatBoost. The prediction results revealed that among the six algorithms, PLSR, ENR, and RF exhibited results of most prediction greater than 0.79. Notably, XGBoost, LightGBM, and CatBoost algorithms demonstrated superior predictive performance, with results greater than 0.9, except for the tear index. Furthermore, SHAP analysis suggested that the cellulose content is the primary factors to modulate pulping ability and the morphological features of cell wall shows apparent effects on mechanical properties of paper. It hopes the result will benefit to provide information to evaluate the value of poplar wood from different resources and then deliver instructions to genetic breeding program and forest management of poplar plantation.",https://www.degruyterbrill.com/document/doi/10.1515/npprj-2024-0066/html
35,Development of robust machine learning models to estimate hydrochar higher heating value and yield based upon biomass proximate analysis,"Guoliang Hou, Ahmad Alkhayyat, Ahmad Almalkawi, Anupam Yadav, H. S. Shreenidhi, Vishnu Saini, Shirin Shomurotova, Devendra Singh, Vatsal Jain, Aseel Smerat, Ahmad Khalid",3-Dec-25,"Abstract
This study introduces a robust machine learning framework for predicting hydrochar yield and higher heating value (HHV) using biomass proximate analysis. A curated dataset of 481 samples was assembled, featuring input variables such as fixed carbon, volatile matter, ash content, reaction time, temperature, and water content. Hydrochar yield and HHV served as the target outputs. To enhance data quality, Monte Carlo Outlier Detection (MCOD) was employed to eliminate anomalous entries. Thirteen machine learning algorithms, including convolutional neural networks (CNN), linear regression, decision trees, and advanced ensemble methods (CatBoost, LightGBM, XGBoost) were systematically compared. CatBoost demonstrated superior performance, achieving an R2 of 0.98 and mean squared error (MSE) of 0.05 for HHV prediction, and an R2 of 0.94 with MSE of 0.03 for yield estimation. SHAP analysis identified ash content as the most influential feature for HHV prediction, while temperature, water content, and fixed carbon were key drivers of yield. These results validate the effectiveness of gradient boosting models, particularly CatBoost, in accurately modeling hydrothermal carbonization outcomes and supporting data-driven biomass valorization strategies.",https://link.springer.com/article/10.1186/s40643-025-00979-1
36,Smart Pricing in Online Marketplaces: A Machine Learning and Analytics Framework,"Faysal Ahmed, Humayra Akter, Afranan Bintha Rahman, Arindam Chatterjee, T. M. Shahriar Sazzad",2025,"Abstract

Accurately predicting prices of electronic devices in online marketplaces is essential for keeping prices fair and competitive. For sellers, it supports to set prices that are attractive to buyers after keeping profit. For buyers, it helps to ensure that they pay a fair amount for the actual value of the product. As e-commerce is growing continuously, such data-driven pricing has become important for decision-making on both sides of the market. This research focuses on laptops and represents a machine learning-based approach to estimate prices using hardware specifications. In total, fourteen regression models are evaluated. The proposed stacked ensemble model which is combining Linear Regression, Ridge Regression, RANSAC Regression, Decision Tree and Histogram-Based Gradient Boosting achieved the best performance with the value of $\mathbf{R}^{\mathbf{2}} \mathbf{8 6 3 3}$. To make it practical, the final model is deployed as a Streamlit web application, which allows users to enter laptop specifications and give real-time price predictions. Although this work focuses on laptops, the same approach can be extended to other electronic devices. Therefore, it is a flexible and scalable pricing tool for e-commerce platforms.",https://ieeexplore.ieee.org/abstract/document/11367595/
37,Estimating solubility of nitrogen in various ionic liquids: application of machine-learning,"Kassem Al Attabi, Farzona Alimova, Anupam Yadav, H. S. Shreenidhi, Abhinav Kumar, Devendra Singh, Vatsal Jain, Zainab Ahmed Hamodi, Aseel Smerat, Ahmad Khalid",16-Feb-26,"Abstract
The limited solubility of nitrogen (N2) in conventional solvents such as water severely restricts the efficiency of ammonia synthesis, motivating the search for alternative media. Ionic liquids (ILs), with their tunable physicochemical properties, offer a promising solution, yet the vast chemical diversity of cations and anions makes experimental screening highly complex. This study aims to develop robust machine-learning models capable of accurately predicting N2 solubility in diverse ILs using COSMO-based descriptors. A comprehensive set of algorithms, including Artificial Neural Networks (ANNs), Convolutional Neural Networks (CNNs), Random Forests, CatBoost, Support Vector Regression (SVR), and others underwent training and validation with a dataset comprising 385 points in total, with performance assessed via numerous metrics and visual analyses. The results demonstrate that ANN, CNN, Random Forest, CatBoost, and SVR achieved superior predictive performance, with SHAP analysis identifying pressure and specific descriptors (e.g., S5) as dominant factors influencing solubility. The novelty of this work lies in integrating advanced ML models with interpretable SHAP-based analysis, providing both predictive accuracy and mechanistic insights into N2–IL interactions. While challenges remain due to the limited size of available datasets and the immense diversity of IL structures, this study highlights the potential of data-driven approaches to accelerate IL design. Future perspectives include expanding experimental databases and incorporating hybrid physics-informed ML frameworks to further enhance generalizability and guide rational IL development for energy and environmental applications.",https://link.springer.com/article/10.1007/s11696-025-04623-2
38,An extensive experimental analysis for heart disease prediction using artificial intelligence techniques,"D. Rohan, G. Pradeep Reddy, Y. V. Pavan Kumar, K. Purna Prakash, Ch. Pradeep Reddy",20-Feb-25,"Abstract
The heart is an important organ that plays a crucial role in maintaining life. Unfortunately, heart disease is one of the major causes of mortality globally. Early and accurate detection can significantly improve the situation by enabling preventive measures and personalized healthcare recommendations. Artificial intelligence is emerging as a powerful tool for healthcare applications, particularly in predicting heart diseases. Researchers are actively working on this, but challenges remain in achieving accurate heart disease prediction. Therefore, experimenting with various models to identify the most effective one for heart disease prediction is crucial. In this view, this paper addresses this need by conducting an extensive investigation of various models. The proposed research considered 11 feature selection techniques and 21 classifiers for the experiment. The feature selection techniques considered for the research are Information Gain, Chi-Square Test, Fisher Discriminant Analysis (FDA), Variance Threshold, Mean Absolute Difference (MAD), Dispersion Ratio, Relief, LASSO, Random Forest Importance, Linear Discriminant Analysis (LDA), and Principal Component Analysis (PCA). The classifiers considered for the research are Logistic Regression, Decision Tree, Random Forest, K-Nearest Neighbors (KNN), Support Vector Machine (SVM), Gaussian Naïve Bayes (GNB), XGBoost, AdaBoost, Stochastic Gradient Descent (SGD), Gradient Boosting Classifier, Extra Tree Classifier, CatBoost, LightGBM, Multilayer Perceptron (MLP), Recurrent Neural Network (RNN), Long Short-Term Memory (LSTM), Gated Recurrent Unit (GRU), Bidirectional LSTM (BiLSTM), Bidirectional GRU (BiGRU), Convolutional Neural Network (CNN), and Hybrid Model (CNN, RNN, LSTM, GRU, BiLSTM, BiGRU). Among all the extensive experiments, XGBoost outperformed all others, achieving an accuracy of 0.97, precision of 0.97, sensitivity of 0.98, specificity of 0.98, F1 score of 0.98, and AUC of 0.98.",https://www.nature.com/articles/s41598-025-90530-1
39,Stroke prediction using synthetic minority over-sampling technique and extreme gradient boosting,"Mahdi Hassan, Hamid Nasiri, Mona Esmaeili, Morteza Dorrigiv",8-Oct-25,"Abstract
Stroke is the world’s second leading cause of death; its early prediction benefits from interpretable, high-accuracy models that can guide prevention and care. Using the Kaggle stroke dataset, we applied SMOTE to balance class distribution and trained XGBoost, Random Forest, LightGBM, CatBoost, and SVM models. XGBoost achieved 97.26% accuracy with robust 10-fold cross-validation, outperforming prior baselines. Model outputs were interpreted using the Shapley Additive Explanations (SHAP) algorithm, which identified age and hypertension/blood pressure as dominant predictors, providing both case-level insights and global feature rankings. The proposed pipeline offers practical, interpretable stroke-risk prediction with state-of-the-art performance suitable for clinical decision support.",https://www.tandfonline.com/doi/abs/10.1080/10255842.2025.2570510
40,Research on fall prediction in elderly patients with chronic diseases based on explainable machine learning: an aging perspective,"Qin Zhang, Yuting Yang, Qiyan Hou, Qingying Shi, Yaolin Yi, Xinyan Gan, Xiang Gao",9-Feb-26,"Abstract

Background
With the increasingly serious trend of population aging in China, falls have become a critical public health issue endangering the health of older adults. The objective of this study was to develop an explainable machine learning model to elucidate the key factors influencing falls among elderly patients with chronic diseases.

Methods
This study was based on the 2018 follow-up data of the Chinese Longitudinal Health Longevity Survey (CLHLS), selecting aged 65 years and older patients with chronic diseases as the research subjects. This study established ten machine learning models for predicting falls in elderly patients with chronic diseases, including the Logistic Regression model, Random Forest (RF) model, K-Nearest Neighbor (KNN) model, Support Vector Machine (SVM) model, Gradient Boosting Machine (GBM) model, Neural Network (NNET) model, Extreme Gradient Boosting (Xgboost) model, Light Gradient Boosting Machine (LightGBM) model, Category Feature Gradient Boosting (CatBoost) model, and Adaptive Boosting (Adaboost) model. The receiver operating characteristic (ROC) curve and decision curve analysis (DCA) were utilized to assess the model, while the importance of optimal model features was analyzed using the SHapley Additive exPlanations (SHAP) algorithm to enhance model transparency and explanation.

Results
Ten characteristic variables were determined by Lasso regression analysis and multivariable logistic regression to build the machine learning model. Model comparisons showed that GBM performed best, with an AUC of 0.844, accuracy of 0.794, and specificity of 0.967. SHAP analysis revealed that the top three characteristics of contribution included self-rated health status, basic activities of daily living (BADL) disorder and housing damage.

Conclusions
Among the machine learning models established based on the CLHLS database that can predict falls in elderly patients with chronic diseases, the GBM model demonstrates superior overall performance. The SHAP algorithm enhances the interpretability of GBM model.",https://link.springer.com/article/10.1186/s12877-026-07090-w
41,Empowering Glioma Prognosis With Transparent Machine Learning and Interpretative Insights Using Explainable AI,"Anisha Palkar, Cifha Crecil Dias, Krishnaraj Chadaga, Niranjana Sampathila",2024,"Abstract

The primary objective of this research is to create a reliable technique to determine whether a patient has glioma, a specific kind of brain tumour, by examining various diagnostic markers, using a variety of machine learning as well as deep learning approaches, and involving XAI (explainable artificial intelligence) methods. Through the integration of patient data, including medical records, genetic profiles, algorithms using machine learning have the ability to predict how each individual will react to different medical interventions. To guarantee regulatory compliance and inspire confidence in AI-driven healthcare solutions, XAI is incorporated. Machine learning methods employed in this study includes Random Forest, decision trees, logistic regression, KNN, Adaboost, SVM, Catboost, LGBM classifier, and Xgboost whereas the deep learning methods include ANN and CNN. Four alternative XAI strategies, including SHAP, Eli5, LIME, and QLattice algorithm, are employed to comprehend the predictions of the model. The Xgboost, a ML model achieved accuracy, precision, recall, f1 score, and AUC of 88%, 82%, 94%, 88%, and 92%, respectively. The best characteristics according to XAI techniques are IDH1, Age at diagnosis, PIK3CA, ATRX, PTEN, CIC, EGFR and TP53. By applying data analytic techniques, the objective is to provide healthcare professionals with practical tool that enhances their capacity for decision-making, enhances resource management, and ultimately raises the bar for patient care. Medical experts can customise treatments and improve patient outcomes by taking into account patient’s particular characteristics. XAI provides justifications to foster faith amongst patients and medical professionals who must rely on AI-assisted diagnosis and treatment recommendations.",https://ieeexplore.ieee.org/document/10445227/
42,Machine learning in predicting heart failure survival: a review of current models and future prospects,"Emmanuel Kokori, Ravi Patel, Gbolahan Olatunji, Bonaventure Michael Ukoaka, Israel Charles Abraham, Victor Oluwatomiwa Ajekiigbe, Julia Mimi Kwape, Adetola Emmanuel Babalola, Ntishor Gabriel Udam, Nicholas Aderinto",10-Dec-24,"Abstract
Heart failure is a complex and prevalent condition with significant implications for patient management and survival prediction. Traditional predictive models often fall short in accuracy due to their reliance on pre-specified predictors and assumptions of variable independence. This review aims to assess the role of machine learning (ML) algorithms in predicting heart failure survival, comparing their performance with traditional statistical methods and identifying key predictive features. We conducted a review of studies utilizing ML algorithms for heart failure survival prediction. Data were sourced from PubMed/MEDLINE, Google Scholar, ScienceDirect, Embase, DOAJ, and the Cochrane Library, covering studies published until July 2024. A total of 10 studies were reviewed, encompassing 468,171 patients with heart failure. ML algorithms, particularly random forests and gradient boosting methods, demonstrated superior performance compared to traditional statistical models. These algorithms effectively identified key risk factors and stratified patients into risk categories with high accuracy. Notably, extreme learning machine (ELM) and CatBoost models showed exceptional predictive capabilities, as indicated by metrics such as Harrell’s concordance index (C-index) and area under the curve (AUC). Key predictive features included ejection fraction (EF), serum creatinine (S Cr), and blood urea nitrogen (BUN). ML algorithms offer significant advantages in predicting heart failure survival by uncovering complex patterns and improving risk stratification. Their integration into clinical practice could lead to more personalized treatment strategies and enhanced patient outcomes. However, challenges such as data quality, model interpretability, and integration into clinical workflows need to be addressed.",https://link.springer.com/article/10.1007/s10741-024-10474-y
43,Robust forecasting of packaging chemical migration into water and food,"Changjin Wei, Farag M. A. Altalbawy, Dharmesh Sur, Amar Shankar, Subhashree Ray, Aashna Sinha, Neha Joshi, Farzona Alimova, Krishan Kumar Sah, Ahmad Ewadi, Mehrdad Mottaghi",9-Sep-25,"ABSTRACT
Chemical migration from food contact materials (FCMs) into food and water poses significant safety concerns. Accurate prediction of this migration is essential for risk assessment and regulatory compliance, yet experimental testing is time-consuming and costly. This research employs a varied array of machine learning (ML) techniques to predict packaging chemical migration, expressed as logKmW. A dataset of 1,847 experimental logKpf values covering 232 materials across 19 packaging compounds was used. Key input variables included material type, temperature (275–313 K), ethanol equivalency (0–100%), and logKow at 298 K. Preprocessing involved z-score normalization, one-hot encoding, and Monte Carlo Outlier Detection (MCOD). Fifteen ML models were tested, including XGBoost, LightGBM, Random Forest, SVR, ANN, and CNN. Correlation analysis showed that logKeq @ 298K (r = 0.63) and silicone rubber (r = 0.59) positively influenced migration, while EtOH-eq (r = –0.68) and temperature (r = –0.26) had negative effects. Among the models, XGBoost performed best with R2 = 0.9957, MSE = 0.0067, and MRD% = 17.29 on the test set. LightGBM and Random Forest also yielded high accuracy. Visualization and SHAP analysis confirmed the dominance of physicochemical variables in predicting migration behavior. The results demonstrate that advanced ML models, especially ensemble tree-based methods, can effectively predict chemical migration into food and water. This work provides a scalable and reliable framework for modeling migration and identifying key influencing variables.",https://www.tandfonline.com/doi/abs/10.1080/10942912.2025.2558009
44,Predicting the risk of depression in older adults with disability using machine learning: an analysis based on CHARLS data,"Tongtong Jin, Ayitijiang· Halili",7/2/2025,"Abstract

Background: The advancement of artificial intelligence technologies has opened new avenues for depression prevention and management in older adults with disability (defined by basic or instrumental activities of daily living, BADL/IADL). This study systematically developed machine learning (ML) models to predict depression risk in disabled elderly individuals using longitudinal data from the China Health and Retirement Longitudinal Study (CHARLS), providing a potentially generalizable tool for early screening.

Methods: This study utilized longitudinal data from the CHARLS 2011–2015 cohort. A three-stage serial consensus approach feature selection framework (LASSO, Elastic Net, and Boruta) was employed to identify 21 robust predictors from 74 candidate variables. Ten ML algorithms were evaluated: LR, HistGBM, MLP, XGBoost, bagging, DT, LightGBM, RF, SVM, and CatBoost. Temporal external validation was performed using an independent 2018–2020 cohort to assess model generalizability. Performance was comprehensively evaluated using accuracy, AUC, F1-score, precision, and recall metrics. The SHAP framework was employed to interpret feature contribution mechanisms.

Results: 

Results demonstrated that the HistGBM model achieved optimal overall performance on the testing sets (AUC = 0.779, F1-score = 0.735, accuracy = 0.713), with only an 8.5% AUC difference between training and testing sets and a 10% difference between external validation and testing sets, indicating temporal stability. SHAP interpretability analysis revealed that sleep time (mean SHAP value = 0.344) in the health behavior domain and life satisfaction (0.339) and episodic memory (0.220) in the subjective perception domain contributed more significantly to prediction than traditional biomedical indicators.

Conclusion: This study developed an AI-based tool for depression risk assessment in older adults with disability through a multi-stage feature selection process and a temporal external validation framework. These findings provide a practical screening instrument and a methodological reference for implementing AI technologies in geriatric mental health applications, thereby facilitating clinical translation of predictive analytics in this field.",https://www.frontiersin.org/journals/artificial-intelligence/articles/10.3389/frai.2025.1624171/full
45,Accelerate demand forecasting by hybridizing CatBoost with the dingo optimization algorithm to support supply chain conceptual framework precisely,Ahmed M. Abed,8/13/2024,"Abstract Supply chains (SCs) serve many sectors that are, in turn, affected by e-commerce which rely on the make-to-order (MTO) system to avoid a risk in following the make-to-stoke (MTS) policy due to poor forecasting demand, which will be difficult if the products have short shelf life (e.g., refrigeration foodstuffs). The weak forecasting negatively impacts SC sectors such as production, inventory tracking, circular economy, market demands, transportation and distribution, and procurement. The forecasting obstacles are in e-commerce data types that are massive, imbalanced, and chaotic. Using machine learning (ML) algorithms to solve the problem works well because they quickly classify things, which makes accurate forecasting possible. However, it was found that the accuracy of ML algorithms varies depending on the SC data sectors. Therefore, the presented conceptual framework discusses the relations among ML algorithms, the most related sectors, and the effective scope of tackling their data, which enables the companies to guarantee continuity and competitiveness by reducing shortages and return costs. The data supplied show the e-commerce sales that were made at 47 different online stores in Egypt and the KSA during 413 days. The article proposes a novel mechanism that hybridizes the CatBoost algorithm with Dingo Optimization (Cat-DO), to obtain precise forecasting. The Cat-DO has been compared with other six ML algorithms to check its superiority over autoregressive integrated moving average (ARIMA), long short-term memory (LSTM), deep neural network (DNN), categorical data boost (CatBoost), support vector machine (SVM), and LSTM-CatBoost by 0.52, 0.73, 1.43, 8.27, 15.94, and 13.12%, respectively. Transportation costs were reduced by 6.67%.",https://www.frontiersin.org/journals/sustainability/articles/10.3389/frsus.2024.1388771/full
46,A Study on Heart Failure Prediction Using Machine Learning and Explainable AI Techniques,"Kusum Sharma, Arunima Jaiswal, Nitin Sachdeva",25-Nov-25,"Abstract
Cardiovascular diseases (CVDs) including heart failure (HF) remain one of the main causes of mortality worldwide and contribute considerably to the burden of health systems. In this group of diseases, heart failure is one of the diseases with a significant rate of hospitalization as well as mortality, and causes poor quality of life for millions of patients globally. This study evaluates the use of several machine learning (ML) algorithms in the prediction, risk of hospitalization, and mortality among heart failure HF patients. Even more advanced models of prediction like XGBoost, Random Forest, and, AdaBoost achieved the most accuracy with several AUC-ROC scores of more than 0.80 shown across many datasets. However, despite their accuracy, the practical adoption of ML models in clinical  is hindered by challenges in model interpretability, generalizability, and limited availability of diverse datasets. This paper focuses on the evaluation of all ML models used for HF prediction and prevention highlighting the necessity of using SHAP and LIME as interpretable machine learning models. Furthermore, it calls for the development of standardized evaluation frameworks and larger, more inclusive datasets to enhance the real-world applicability of ML-driven heart failure management solutions.",https://link.springer.com/chapter/10.1007/978-981-96-8043-6_18
47,Predictive Performance of Machine Learning for Suicide in Adolescents: Systematic Review and Meta-Analysis,Lingjiang Liu,2025,"Abstract

Background: In the context of escalating global mental health challenges, adolescent suicide has become a critical public health concern. In current clinical practices, considerable challenges are encountered in the early identification of suicide risk, as traditional assessment tools demonstrate limited predictive accuracy. Recent advancements in machine learning (ML) present promising solutions for risk prediction. However, comprehensive evaluations of their efficacy in adolescent populations remain insufficient. 

Objective: This study systematically assessed the performance of ML-based prediction models across various suicide-related behaviors in adolescents, aiming to establish an evidence-based foundation for the development of clinically applicable risk assessment tools. 

Methods: This review assessed ML for predicting adolescent suicide–related behaviors. PubMed, Embase, Cochrane, and Web of Science databases were rigorously searched until April 20, 2024, and a multivariate prediction model was employed to assess the risk of bias. The c-index was used as the primary outcome measure to conduct a meta-analysis on nonsuicidal self-injury (NSSI), suicidal ideation, suicide attempts, suicide attempts combined with suicidal ideation, and suicide attempts combined with NSSI, evaluating their accuracy in the validation set. 

Results: A total of 42 studies published from 2018 to 2024 were included, encompassing 104 distinct ML models and 1,408,375 adolescents aged 11 to 20 years. The combined area under the receiver operating characteristic curve values for ML models in predicting NSSI, suicidal ideation, suicide attempts, suicide attempts combined with suicidal ideation, and suicide attempts combined with NSSI were 0.79 (95% CI 0.72-0.86), 0.77 (95% CI 0.71-0.83), 0.84 (95% CI 0.83-0.86), 0.82 (95% CI 0.79-0.84), and 0.75 (95% CI 0.73-0.76), respectively. The ML models demonstrated the highest combined sensitivity for suicide attempt prediction, with a value of 0.80 (95% CI 0.75-0.84), and the highest combined specificity for NSSI prediction, with a value of 0.96 (95% CI 0.94-0.99). 

Conclusions: Our findings suggest that ML techniques exhibit promising predictive performance for forecasting suicide risk in adolescents, particularly in predicting suicide attempts. Notably, ensemble methods, such as random forest and extreme gradient boosting, showed superior performance across multiple outcome types. However, this study has several limitations, including the predominance of internal validation methods employed in the included literature, with few studies employing external validation, which may limit the generalizability of the results. Future research should incorporate larger and more diverse datasets and conduct external validation to improve the prediction capability of these models, ultimately contributing to the development of ML-based adolescent suicide risk prediction tools.",https://www.jmir.org/2025/1/e73052/
48,Construction of a predictive model for postoperative hospitalization time in colorectal cancer patients based on interpretable machine learning algorithm: a prospective preliminary study,"Zhongjian Wen, Yiren Wang, Shouying Chen, Yunfei Li, Hairui Deng, Haowen Pang, Shengmin Guo, Ping Zhou, Shiqin Zhu",6/14/2024,"Abstract

Objective: This study aims to construct a predictive model based on machine learning algorithms to assess the risk of prolonged hospital stays post-surgery for colorectal cancer patients and to analyze preoperative and postoperative factors associated with extended hospitalization.

Methods: We prospectively collected clinical data from 83 colorectal cancer patients. The study included 40 variables (comprising 39 predictor variables and 1 target variable). Important variables were identified through variable selection via the Lasso regression algorithm, and predictive models were constructed using ten machine learning models, including Logistic Regression, Decision Tree, Random Forest, Support Vector Machine, Light Gradient Boosting Machine, KNN, and Extreme Gradient Boosting, Categorical Boosting, Artificial Neural Network and Deep Forest. The model performance was evaluated using Bootstrap ROC curves and calibration curves, with the optimal model selected and further interpreted using the SHAP explainability algorithm.

Results: Ten significantly correlated important variables were identified through Lasso regression, validated by 1000 Bootstrap resamplings, and represented through Bootstrap ROC curves. The Logistic Regression model achieved the highest AUC (AUC=0.99, 95% CI=0.97–0.99). The explainable machine learning algorithm revealed that the distance walked on the third day post-surgery was the most important variable for the LR model.

Conclusion: This study successfully constructed a model predicting postoperative hospital stay duration using patients’ clinical data. This model promises to provide healthcare professionals with a more precise prediction tool in clinical practice, offering a basis for personalized nursing interventions, thereby improving patient prognosis and quality of life and enhancing the efficiency of medical resource utilization.",https://www.frontiersin.org/journals/oncology/articles/10.3389/fonc.2024.1384931/full
49,Performance Evaluation Of Ensembled Learning Algorithms for Aged-Based Risk Factor Analysis Based on Hypertension and Obesity,"C. A. Likhitha Varma, K. L. V. Sai Prakash Sakuru",2023,"Abstract

The worldwide public health issues of obesity and hypertension have far-reaching effects. In this paper, the proposed three ensembled Boosting algorithms, which are CATBoost, XGBoost, and LightGBM, used to predict and gain insights into these critical health conditions. Remarkably, models achieved high accuracy, with CATBoost, XGBoost, and LightGBM delivering impressive results, including obesity and hypertension accuracies of 100% and 91.6%, 100% and 91.07%, and 100% and 91.49%, respectively. Including these results, the Identification of seven key theoretical conclusions regarding the risk factors associated with hypertension and obesity has been done. This approach contributes to a comprehensive understanding of these health issues and informs effective preventive and intervention strategies.",https://ieeexplore.ieee.org/abstract/document/10531574/
50,Construction and validation of a machine learning-based risk prediction model for invasive mechanical ventilation in AECOPD patients complicated with respiratory failure,"Xin Jiang, Ji Li, Jingjing Ju, Hao Ding, Sufang Yang",2026,"Abstract

Objective
This study aimed to create and validate a machine learning (ML) model to predict the likelihood of invasive mechanical ventilation (IMV) in patients with acute exacerbation of chronic obstructive pulmonary disease (AECOPD) complicated by respiratory failure.

Methods
Data from patients diagnosed with AECOPD and respiratory failure were retrospectively extracted from the Medical Information Mart for Intensive Care-IV (MIMIC-IV). A total of 551 cases were split 7:3 into a training set (385 cases) for model construction and an internal validation set (166 cases). The IMV served as the outcome event. Features were selected with the Boruta algorithm and least absolute shrinkage and selection operator (LASSO). Eight ML algorithms—XGBoost, decision tree (DT), random forest (RF), support-vector machine (SVM), LightGBM, CatBoost, Gaussian naïve Bayes (NB) and K-nearest neighbor (NN)—were trained with 10-fold cross-validation. Model performance was assessed by the area under the receiver operating characteristic curve (AUC), accuracy, sensitivity, specificity, F1 score, calibration curve, decision curve and clinical impact curve. An external validation cohort of 100 AECOPD-respiratory failure patients admitted to Baoying People’s Hospital between January 2020 and August 2025 was collected. The final best model was interpreted with SHapley Additive exPlanations (SHAP) to clarify feature importance and decision logic, and an interactive dynamic nomogram was plotted to increase readability.

Results
Boruta plus LASSO identified total calcium, partial pressure of oxygen (PO2), oxygen saturation (SpO2) and sepsis as significant predictors. XGBoost outperformed the other algorithms, achieving an internal validation accuracy of 72.2 %, sensitivity of 64.6 %, specificity of 79.8 %, F1 score of 69.7 % and AUC of 0.813 (95 % CI 0.748–0.878). The external validation accuracy reached 76.4 %, the sensitivity reached 82.6 %, the specificity reached 70.0 %, the F1 score reached 78.7 %, and the AUC reached 0.840 (95 % CI 0.801–0.879). SHAP analysis further indicated that PO2 and SpO2 were the primary drivers of model decisions. An interactive dynamic nomogram was successfully constructed.

Conclusion
IMV in AECOPD patients with respiratory failure was associated with total calcium, PO2, and SpO2 levels and sepsis. The developed XGBoost model demonstrated good predictive value for IMV in this clinical population.",https://www.sciencedirect.com/science/article/pii/S1386505625004617
51,The role of machine learning algorithms in detection of gestational diabetes; a narrative review of current evidence,"Emmanuel Kokori, Gbolahan Olatunji, Nicholas Aderinto, Ifeanyichukwu Muogbo, Ikponmwosa Jude Ogieuhi, David Isarinade, Bonaventure Ukoaka, Ayodeji Akinmeji, Irene Ajayi, Ezenwoba Chidiogo, Owolabi Samuel, Habeebat Nurudeen-Busari, Abdulbasit Opeyemi Muili, David B. Olawade",25-Jun-24,"Abstract
Gestational Diabetes Mellitus (GDM) poses significant health risks to mothers and infants. Early prediction and effective management are crucial to improving outcomes. Machine learning techniques have emerged as powerful tools for GDM prediction. This review compiles and analyses the available studies to highlight key findings and trends in the application of machine learning for GDM prediction. A comprehensive search of relevant studies published between 2000 and September 2023 was conducted. Fourteen studies were selected based on their focus on machine learning for GDM prediction. These studies were subjected to rigorous analysis to identify common themes and trends. The review revealed several key themes. Models capable of predicting GDM risk during the early stages of pregnancy were identified from the studies reviewed. Several studies underscored the necessity of tailoring predictive models to specific populations and demographic groups. These findings highlighted the limitations of uniform guidelines for diverse populations. Moreover, studies emphasised the value of integrating clinical data into GDM prediction models. This integration improved the treatment and care delivery for individuals diagnosed with GDM. While different machine learning models showed promise, selecting and weighing variables remains complex. The reviewed studies offer valuable insights into the complexities and potential solutions in GDM prediction using machine learning. The pursuit of accurate, early prediction models, the consideration of diverse populations, clinical data, and emerging data sources underscore the commitment of researchers to improve healthcare outcomes for pregnant individuals at risk of GDM.",https://link.springer.com/article/10.1186/s40842-024-00176-7
52,Advancements in Machine Learning and Deep Learning Techniques for Crop Yield Prediction: A Comprehensive Review.,"V Ramesh, P Kumaresan",2024,"Agriculture is the crucial pillar and basic building block of our nation. Agriculture plays a key
role as the major source of revenue for our nation. Farming is the primary financial source
of India. Abrupt environmental changes affect crop yield prediction. Unpredictable climate
changes, lack of water resources, deficiency of nutrients, depletion of soil fertility, unbalanced
irrigation systems, and conventional farming techniques are the major causes of crop yield
prediction. Today, AI, the use of machine learning, and deep learning techniques provide
an achievable solution to improve crop yields. The key intent of the survey is to accurately
predict and improve crop yield by combining agricultural statistics with machine learning and
deep learning models. To accomplish this, we have surveyed the optimization algorithms
implemented in conjunction with the Random Forest and Cat Boost models. A survey made
across multiple databases to determine the effectiveness of crop yield prediction and analysis
was performed on the included articles. The survey results show that a hybrid CNN DNN and
RNN model with optimization algorithms outperforms the other existing traditional models.",https://www.researchgate.net/profile/Ramesh-Varathan/publication/386439919_Advancements_in_Machine_Learning_and_Deep_Learning_Techniques_for_Crop_Yield_Prediction_A_Comprehensive_Review/links/67516dc9790d154bf9c6611f/Advancements-in-Machine-Learning-and-Deep-Learning-Techniques-for-Crop-Yield-Prediction-A-Comprehensive-Review.pdf
53,Predictive performance of machine learning models for kidney complications following coronary interventions: a systematic review and meta-analysis,"Soroush Najdaghi, Delaram Narimani Davani, Davood Shafie, Azin Alizadehasl",31-Oct-24,"Abstract

Background
Acute kidney injury (AKI) and contrast-induced nephropathy (CIN) are common complications following percutaneous coronary intervention (PCI) or coronary angiography (CAG), presenting significant clinical challenges. Machine learning (ML) models offer promise for improving patient outcomes through early detection and intervention strategies.

Methods
A comprehensive literature search following PRISMA guidelines was conducted in PubMed, Scopus, and Embase from inception to June 11, 2024. Study characteristics, ML models, performance metrics (AUC, accuracy, sensitivity, specificity, precision), and risk-of-bias assessment using the PROBAST tool were extracted. Statistical analysis used a random-effects model to pool AUC values, with heterogeneity assessed via the I2 statistic.

Results
From 431 initial studies, 14 met the inclusion criteria. Gradient Boosting Machine (GBM) and Support Vector Machine (SVM) models showed the highest pooled AUCs of 0.87 (95% CI: 0.82–0.92) and 0.85 (95% CI: 0.80–0.90), respectively, with low heterogeneity (I2 < 30%). Random Forest (RF) had a similar AUC of 0.85 (95% CI: 0.78–0.92) but significant heterogeneity (I2 > 90%). Multilayer perceptron (MLP) and XGBoost models had moderate pooled AUCs of 0.79 (95% CI: 0.74–0.84) with high heterogeneity. RF showed strong accuracy (0.83, 95% CI: 0.70–0.96), while SVM had balanced sensitivity (0.69, 95% CI: 0.63–0.75) and specificity (0.73, 95% CI: 0.60–0.86). Age, serum creatinine, left ventricular ejection fraction, and hemoglobin consistently influenced model efficacy.

Conclusions
GBM and SVM models, with robust AUCs and low heterogeneity, are effective in predicting AKI and CIN post-PCI/CAG. RF, MLP, and XGBoost, despite competitive AUCs, showed considerable heterogeneity, emphasizing the need for further validation.",https://link.springer.com/article/10.1007/s11255-024-04257-5
54,"Predicting Air Quality Index Using Machine Learning: A case study of Delhi, India","Pratham Chanchlani, Rushirajsinh Solanki, Pawan Bhansari, J. Angel Arul Jothi, Elakkiya Rajasekar",2025,"Abstract

This work aims to develop a predictive model that accurately forecasts Air Quality Index (AQI) levels in Delhi, one of the world's most polluted cities. For this, we explore the application of Machine Learning (ML) models including Linear Regression, Lasso Regression, Ridge Regression, Decision Tree, Random Forest, AdaBoost, CatBoost, LightGBM and XGBoost. The study uses a comprehensive dataset of daily air quality measurement which contains various pollutants. All models are evaluated using 5-fold cross-validation and a hold-out method. Experimental results reveal that different models excel under the two validation techniques. In the 5-fold cross-validation experiments, the CatBoost model outperforms the other models, achieving an R<sup xmlns:mml=""http://www.w3.org/1998/Math/MathML"" xmlns:xlink=""http://www.w3.org/1999/xlink"">2</sup> of 0.9153, MSE of 822.80, MAE of 20.29, RMSE of 28.62, and MAPE of 11.44. For the hold-out validation, the AdaBoost model with parameters optimized through a Randomized Search CV delivers the best performance, yielding a superior R<sup xmlns:mml=""http://www.w3.org/1998/Math/MathML"" xmlns:xlink=""http://www.w3.org/1999/xlink"">2</sup> of 0.9208, MAE of 19.00, and RMSE of 27.13. These results collectively favour the use of advanced ML models to accurately analyze and predict AQI.",https://ieeexplore.ieee.org/abstract/document/11451451/
55,Chronic Kidney Disease Prediction using Light Gradient Boosting Machine,"L. Rahunathan, G. Arun, Suhana Nafais A, Reena Sri S, Sugasine R B, Veeravikaas V",2025,"Abstract

Chronic Kidney Disease (CKD) is a condition categorized by progressive loss of kidney function throughout a period of time. Due to the loss of kidney function in the human body, excess fluid and waste from blood remains in the body and may lead to other health problems. Inadequate diagnosis and delayed treatment can ultimately result in end-stage renal disease. Machine Learning techniques have attained an important role in disease prediction used to forecast chronic kidney disease. Light Gradient Boosting Machine (LGBM) is the machine learning technique used for the prediction of chronic kidney disease at early stages in the human body. This research proposes a predictive model based on the LightGBM, a high-performance machine learning algorithm well-suited for large and complex medical datasets. The proposed model is designed to identify at risk of developing CKD at an early stage. This methodology involves data, feature selection, model training, and preprocessing with LGBM.",https://ieeexplore.ieee.org/abstract/document/11171278/
56,Machine-learning Algorithms for Ischemic Heart Disease Prediction: A Systematic Review,"Salam H. Bani Hani, Muayyad M. Ahmad",2023,"Abstract
Purpose: This review aims to summarize and evaluate the most accurate machinelearning algorithm used to predict ischemic heart disease. 

Methods: This systematic review was performed following PRISMA guidelines. A comprehensive search was carried out using multiple databases such as Science Direct, PubMed\ MEDLINE, CINAHL, and IEEE explore. 

Results: Thirteen articles published between 2017 to 2021 were eligible for inclusion. Three themes were extracted: the commonly used algorithm to predict ischemic heart disease, the accuracy of algorithms to predict ischemic heart disease, and the clinical outcomes to improve the quality of care. All methods have utilized supervised and unsupervised machine-learning. 

Conclusion: Applying machine-learning is expected to assist clinicians in interpreting patients’ data and implementing optimal algorithms for their datasets. Furthermore, machine-learning can build evidence-based that supports health care providers to manage individual situations who need invasive procedures such as catheterizations.
© Bentham Science Publishers",https://www.benthamdirect.com/content/journals/ccr/10.2174/1573403X18666220609123053
57,Postpartum depression risk prediction using explainable machine learning algorithms,"Xudong Huang, Lifeng Zhang, Chenyang Zhang, Jing Li, Chenyang Li",8/7/2025,"Abstract

Objective: Postpartum depression (PPD) is a common and serious mental health complication after childbirth, with potential negative consequences for both the mother and her infant. This study aimed to develop an explainable machine learning model to predict the risk of PPD and to identify its key predictive factors.

Methods: A retrospective analysis was conducted on 1,065 women who attended their 6-week postpartum follow-up visit at a tertiary maternal and child healthcare hospital in Shenyang, China, from January to December 2021. Feature selection was performed using LASSO regression and the Boruta algorithm. Eight machine learning algorithms were then employed to construct the prediction models. Model performance was evaluated according to the area under the receiver operator characteristic curve (AUC), sensitivity, specificity, recall, F1 score, and accuracy. Shapley additive explanations (SHAP) were used to visualize the features of the model and individual case predictions.

Results: Among the 1,065 women, 251 (23.5%) developed PPD. An 11-variable prediction model was developed, with XGBoost showing the best performance on both training and validation sets. After optimizing the model parameters and applying 10-fold cross-validation, the model achieved an average accuracy of 0.95, an average AUC of 0.955, average precision of 0.945, and average specificity of 0.985, indicating excellent predictive performance. The key predictive factors included weight gain during pregnancy, relationship with the mother-in-law, sleep quality, marital relationship, planned pregnancy, fetal sex preference, pregnancy-related anxiety, pelvic-floor muscle endurance, cervix status, attendance at prenatal education classes, and postpartum care satisfaction.

Conclusion: The XGBoost model demonstrated optimal performance at predicting PPD and can aid healthcare professionals to identify high-risk individuals. The SHAP method enhanced the model’s interpretability, facilitating a better understanding of the causes of PPD, how to prevent it, and how to improve patient outcomes.",https://www.frontiersin.org/journals/medicine/articles/10.3389/fmed.2025.1565374/full
58,Short-Term Energy Generation Forecasts at a Wind Farm—A Multi-Variant Comparison of the Effectiveness and Performance of Various Gradient-Boosted Decision Tree Models,"Marcin Kopyt, Paweł Piotrowski, Dariusz Baczyński",9-Dec-24,"Abstract

High-quality short-term forecasts of wind farm generation are crucial for the dynamically developing renewable energy generation sector. This article addresses the selection of appropriate gradient-boosted decision tree models (GBDT) for forecasting wind farm energy generation with a 10-min time horizon. In most forecasting studies, authors utilize a single gradient-boosted decision tree model and compare its performance with other machine learning (ML) techniques and sometimes with a naive baseline model. This paper proposes a comprehensive comparison of all gradient-boosted decision tree models (GBDTs, eXtreme Gradient Boosting (XGBoost), Light Gradient-Boosting Machine (LightGBM), and Categorical Boosting (CatBoost)) used for forecasting. The objective is to evaluate each model in terms of forecasting accuracy for wind farm energy generation (forecasting error) and computational time during model training. Computational time is a critical factor due to the necessity of testing numerous models with varying hyperparameters to identify the optimal  that minimize forecasting error. Forecast quality using default hyperparameters is used here as a reference. The research also seeks to determine the most effective sets of input variables for the predictive models. The article concludes with findings and recommendations regarding the preferred GBDT models. Among the four tested models, the oldest GBDT model demonstrated a significantly longer training time, which should be considered a major drawback of this implementation of gradient-boosted decision trees. In terms of model quality testing, the lowest nRMSE error was achieved by the oldest model—GBDT in its tuned version (with the best hyperparameter values obtained from exploring 40,000 combinations).",https://www.mdpi.com/1996-1073/17/23/6194
59,Safe-by-redesign guidance for toxic industrial chemicals using explainable artificial intelligence: Introducing the DETOX-QSAR model,"Feyza Kelleci̇ Çeli̇k, Seyyide Doğan",18-Apr-26,"Abstract
Toxic industrial chemicals (TICs) are dual-use agents with potential for immediate and lethal inhalation toxicity upon exposure. This study first introduced the Descriptor-Engineered Transition to Non-Toxicity via QSAR (DETOX-QSAR) model, a tool for predicting and designing out the acute inhalation toxicity of TICs. We aimed to proactively prevent adverse effects by addressing safety concerns early in the molecular design phase. Inhalation toxicity was modeled using Support Vector Machine (SVM), Random Forest (RF), Extreme Gradient Boosting (XGBoost), and Categorical Boosting (CatBoost) via consensus feature engineering. SHapley Additive exPlanations (SHAP) findings indicate that nX and minwHBa play a decisive role in prediction. Arsine was identified as the highest-risk pilot compound via Multi-Criteria Decision Making (MCDM) for the modification process. Guided by the local SHAP method, descriptor values of Arsine were gradually modified until toxicity was eliminated. This explainable artificial intelligence (XAI) approach advances green toxicology, enhancing international security against the growing chemical industry.",https://www.nature.com/articles/s41598-026-48176-0
60,Comparative machine learning facies prediction using ensemble boosting models and support vector machine versus unsupervised clustering,"Muhammad Risha, Paul Liu",14-Jan-26,"Abstract
This study explores the application of machine learning for facies classification in complex sandstone formations with overlapping petrophysical features. Three boosting ensemble models, Random Forest, XGBoost and CatBoost, were compared with one non-ensemble supervised model, Support Vector Machine, and one unsupervised model, K Means. Synthetic data were generated using Latin Hypercube Sampling to expand the feature space, and feature selection was performed using Random Forest importance, Recursive Feature Elimination and Lasso regression. Principal Component Analysis was used to examine feature relationships and reduce dimensional complexity. Model performance was evaluated using classification accuracy, precision recall analysis, ROC curves and confusion matrices to assess both overall and facies-level prediction reliability. CatBoost achieved the highest cross validation accuracy at 95.4%, followed by XGBoost at 93.7%, Random Forest at 89.5% and Support Vector Machine at 85.6%. K-Means showed the lowest performance with 49.7% accuracy. The results show that ensemble and supervised models provided higher consistent and accurate classifications, especially for distinguishing subtle differences between similar facies. The results also highlight the role of synthetic data in improving model generalization and the value of combining multiple feature selection methods. These findings support the integration of machine learning and data augmentation as a practical and scalable workflow for improving facies prediction and reservoir characterization in geologically variable and data-limited .",https://link.springer.com/article/10.1007/s44288-026-00398-5
61,Prediction and classification of obesity risk based on a hybrid metaheuristic machine learning approach,"Zarindokht Helforoush, Hossein Sayyad",9/30/2024,"Abstract

Introduction: As the global prevalence of obesity continues to rise, it has become a major public health concern requiring more accurate prediction methods. Traditional regression models often fail to capture the complex interactions between genetic, environmental, and behavioral factors contributing to obesity.

Methods: This study explores the potential of machine-learning techniques to improve obesity risk prediction. Various supervised learning algorithms, including the novel ANN-PSO hybrid model, were applied following comprehensive data preprocessing and evaluation.

Results: The proposed ANN-PSO model achieved a remarkable accuracy rate of 92%, outperforming traditional regression methods. SHAP was employed to analyze feature importance, offering deeper insights into the influence of various factors on obesity risk.

Discussion: The findings highlight the transformative role of advanced machine-learning models in public health research, offering a pathway for personalized healthcare interventions. By providing detailed obesity risk profiles, these models enable healthcare providers to tailor prevention and treatment strategies to individual needs. The results underscore the need to integrate innovative machine-learning approaches into global public health efforts to combat the growing obesity epidemic.",https://www.frontiersin.org/journals/big-data/articles/10.3389/fdata.2024.1469981/full
62,Classification of Motor Competence in Schoolchildren Using Wearable Technology and Machine Learning with Hyperparameter Optimization,"José Sulla-Torres, Alexander Calla Gamboa, Christopher Avendaño Llanque, Javier Angulo Osorio, Manuel Zúñiga Carnero",14-Jan-24,"Abstract

Determining the classification of motor competence is an essential aspect of physical activity that must be carried out during school years. The objective is to evaluate motor competence in schoolchildren using smart bands, generate percentiles of the evaluation metrics, and classify motor performance through machine learning with hyperparameter optimization. A cross-sectional descriptive study was carried out on 764 schoolchildren (451 males and 313 females) aged 6 to 17 years. Five state schools in the city of Arequipa, Peru were evaluated. Weight, height, and waist circumference were assessed, and body mass index (BMI) was calculated. The tests evaluated in the schoolchildren measured walking and running for 6 minutes. These tests were carried out using smart bands, capturing cadence, number of steps, calories consumed, speed, stride, and heart rate. As a result, the percentiles were created through the LMS method [L (asymmetry: lambda), M (median: mu), and S (coefficient of variation: sigma)]. The cut-off points considered were <P25 (below average), p25 to p75 (average), and >p75 (above average). For classification, the machine-learning algorithms random forest, decision tree, support vector machine, naive Bayes, logistic regression, k-nearest neighbor, neural network, gradient boosting, XGBboost, LightGBM, and CatBoost were used, and the hyperparameters of the models were optimized using the RandomizedSearchCV technique. In conclusion, it was possible to classify motor competence with the tests carried out on schoolchildren, significantly improving the accuracy of the machine-learning algorithms through the selected hyperparameters, with the gradient boosting classifier being the best result at 0.95 accuracy and in the ROC-AUC curves with a 0.98. The reference values proposed in this study can be used to classify the walking motor competence of schoolchildren. Finally, the mobile software product built based on the proposed model was validated using the prototype of the Software Quality Systemic Model (SQSM) based on three specific categories: functionality, reliability, and usability, obtaining 77.09%. The results obtained can be used in educational centers to achieve the suggested recommendations for physical activity in schoolchildren.",https://www.mdpi.com/2076-3417/14/2/707
63,Credit Risk Prediction Based on Improved ADASYN Sampling and Optimized LightGBM,"Mei Song, He Ma, Yi Zhu, Mengdi Zhang",2024,"Abstract

A credit risk prediction model named KM-ADASYN-TL-FLLightGBM (KADT-FLightGBM) is proposed in this study. Firstly, to overcome the limitation of traditional sampling methods in dealing with imbalanced datasets, an improved ADASYN sampling with K-means clustering algorithm is constructed. Moreover, the Tomek Links method is used to filter the generated samples. Secondly, an utilized an optimized LightGBM algorithm with the Focal Loss is employed to training the model using the datasets obtained by the improved ADASYN sampling. Finally, the comparative analysis between the ensemble model and other different sampling methodologies is conducted on the Lending Club dataset. The results demonstrate that the proposed model effectively minimizes the misclassification of minority classes in credit risk prediction and can be used as a reference for similar studies.",https://ieeexplore.ieee.org/abstract/document/10767777/
64,"Crop yield prediction in agriculture: A comprehensive review of machine learning and deep learning approaches, with insights for future research and sustainability","Md. Abu Jabed, Masrah Azrifah Azmi Murad",30-Dec-24,"Abstract
The agriculture sector is confronted with numerous challenges in the quest for accurate crop yield estimation, which is essential for efficient resource management and mitigating food scarcity in a rapidly growing global population. This research paper delves into the application of advanced Artificial Intelligence (AI) techniques to enhance crop yield estimation in the context of diverse agricultural challenges. Through a systematic literature review and analysis of relevant studies, this paper explores the role of AI methods, such as Machine Learning (ML) and Deep Learning (DL), in addressing the complexities posed by geographical variations, crop diversity, and cultivation areas. The review identifies a wealth of AI-powered solutions employed in crop yield prediction, emphasizing the importance of precise environmental and agricultural data. Key factors contributing to accurate estimation include temperature, rainfall, soil type, humidity, and various vegetation indices, such as NDVI, EVI, LAI, and NDWI. The research paper also examines the algorithms frequently utilized in the machine learning domain, including Random Forest (RF), Artificial Neural Networks (ANN), and Support Vector Machine (SVM). In the realm of deep learning, Convolutional Neural Networks (CNN), Long-Short Term Memory (LSTM), and Deep Neural Networks (DNN) emerge as promising candidates. The findings of this study shed light on the transformative potential of advanced AI techniques in improving crop yield estimation accuracy, ultimately enhancing agricultural planning and resource management. By addressing the challenges posed by geographical diversity, crop heterogeneity, and changing environmental conditions, AI-driven models offer new avenues for sustainable agriculture in an ever-evolving world. This research paper provides valuable insights and directions for future studies, highlighting the critical role of AI in ensuring food security and sustainability in agriculture.",https://www.cell.com/heliyon/fulltext/S2405-8440(24)16867-3
65,Chopped and minibars reinforced high-performance concrete: machine learning prediction of mechanical properties,"Nikolai Ivanovich Vatin, Mohammad Hematibahar, Tesfaldet Hadgembes Gebre",4/8/2025,"Abstract A novel form of high-tech concrete known basalt fiber-reinforced high-performance concrete (BFHPC) has been developed using traditional materials that require extra admixtures to improve its mechanical properties. Machine learning (ML) techniques provide a more flexible and economical way to predict the mechanical property of chopped and minibar basalt fiber-reinforced high-performance concrete based on material properties and processing parameters, enabling durable and environmentally friendly construction. Predicting the mechanical properties of BFHPC precisely is crucial since it reduces design costs and time, and it also minimizes material waste from several mixing experiments. In this study, the compressive strength and flexural strength are predicted via different types of machine learning models. Experiments carried out in the laboratory under standard controlled  at 7, 14, and 28-day curing periods yielded sample data for analysis and model development. The mechanical characteristics of BFHPC have been predicted using a combination of decision tree, partial least squares, lasso, rigid, random forest regressor, K Neighbours, and linear regressions. According to the results, all types of regression have the best results except KNeighbors Regressor, Random Forest Regressor, and Lasso Regression, with a correlation coefficient of R2 93%. Each model’s performance and application are examined thoroughly, leading to the identification of useful suggestions, existing knowledge gaps, and areas in need of further study.",https://www.frontiersin.org/journals/built-environment/articles/10.3389/fbuil.2025.1558394/full
66,"Forecasting Blue and Green Water Footprint of Wheat Based on Single, Hybrid, and Stacking Ensemble Machine Learning Algorithms Under Diverse Agro-Climatic Conditions in Nile Delta, Egypt","Ashrakat A. Lotfy, Mohamed E. Abuarab, Eslam Farag, Bilal Derardja, Roula Khadra, Ahmed A. Abdelmoneim, Ali Mokhtar",13-Nov-24,"Abstract

The aim of this research is to develop and compare single, hybrid, and stacking ensemble machine learning models under spatial and temporal climate variations in the Nile Delta regarding the estimation of the blue and green water footprint (BWFP and GWFP) for wheat. Thus, four single machine learning models (XGB, RF, LASSO, and CatBoost) and eight hybrid machine learning models (XGB-RF, XGB-LASSO, XGB-CatBoost, RF-LASSO, CatBoost-LASSO, CatBoost-RF, XGB-RF-LASSO, and XGB-CatBoost-LASSO) were used, along with stacking ensembles, with five scenarios including climate and crop parameters and remote sensing-based indices. The highest R2 value for predicting wheat BWFP was achieved with XGB-LASSO under scenario 4 at 100%, while the minimum was 0.16 with LASSO under scenario 3 (remote sensing indices). To predict wheat GWFP, the highest R2 value of 100% was achieved with RF-LASSO across scenario 1 (all parameters), scenario 2 (climate parameters), scenario 4 (Peeff, Tmax, Tmin, and SA), and scenario 5 (Peeff and Tmax). The lowest value was recorded with LASSO and scenario 3. The use of individual and hybrid machine learning models showed high efficiency in predicting the blue and green water footprint of wheat, with high ratings according to statistical performance standards. However, the hybrid programs, whether binary or triple, outperformed both the single models and stacking ensemble.",https://www.mdpi.com/2072-4292/16/22/4224
67,Machine learning-based fetal health prediction and development of smart web application,"Chetan Puri, K. T. V. Reddy, Pradnyawant M. Gote",7/8/2026,"Abstract

Introduction: Fetal health monitoring is critical for early identification of pregnancy-related risks. Manual interpretation of cardiotocography (CTG) signals is subjective and variable among healthcare professionals.

Methods: A machine learning-based framework was developed to classify fetal health into Normal, Suspect, and Pathological categories using CTG-derived clinical features. The dataset was preprocessed through duplicate removal, normalization, class balancing using SMOTEENN, multicollinearity analysis via VIF, and Kruskal–Wallis statistical feature selection. Eleven machine learning and neural network models were trained and compared, including Logistic Regression, K-Nearest Neighbors, SVM, Decision Tree, Random Forest, Gradient Boosting, AdaBoost, XGBoost, LightGBM, Multi-Layer Perceptron, and Deep Neural Network.

Results: LightGBM achieved the best overall performance with 96.03% accuracy, 91.99% balanced accuracy, 93.05% macro F1-score, 99.02% ROC-AUC, 88.91% Cohen's Kappa, and 89.01% MCC. SHAP-based explainability identified abnormal short-term variability and fetal heart rate accelerations as the most important features.

Discussion: The best-performing LightGBM model was integrated into a Streamlit-based web application for real-time fetal health prediction, demonstrating its potential as a clinical decision-support tool.",https://www.frontiersin.org/journals/artificial-intelligence/articles/10.3389/frai.2026.1829833/full
68,A Data Driven Assessment to Predict TOC of a Shale Formation Using Machine Learning,"Md. Imran Hossain, Mohammad Mamun Ur Rashid, Arpan Sen Gupta",2025,"Abstract

Since shale formations are becoming a more significant and dependable source of energy in the future, it is crucial for reservoir characterization and development planning to accurately anticipate Total Organic Carbon (TOC). Conventional well log interpretation and geochemical analyses are the mainstays of TOC estimate, but they can be expensive, time-consuming, and have limited predictive accuracy. Recent developments in machine learning (ML) and artificial intelligence (AI) have made data-driven approaches very promising for increasing the accuracy of TOC predictions. This study is novel in that it compares five underutilized supervised machine learning models, specifically for TOC prediction using traditional well log data: Adaptive Boosting (AdaBoost), Categorical Boosting (CatBoost), Light Gradient-Boosting Machine (LGBM), Gradient Boosting (GB), and Decision Tree (DT).This dataset includes data from shale formations for neutron gamma rays, caliper logs (CAL), acoustic logs (AC), density logs (DEN), compensated neutron logs (CNL), and resistivity logs <tex xmlns:mml=""http://www.w3.org/1998/Math/MathML"" xmlns:xlink=""http://www.w3.org/1999/xlink"">$\left(R_{t}\right)$</tex>. Mean Absolute Error (MAE), Root Mean Square Error (RMSE), and <tex xmlns:mml=""http://www.w3.org/1998/Math/MathML"" xmlns:xlink=""http://www.w3.org/1999/xlink"">$R$</tex>-squared (<tex xmlns:mml=""http://www.w3.org/1998/Math/MathML"" xmlns:xlink=""http://www.w3.org/1999/xlink"">$R^{2}$</tex>) metrics were used to assess the model's performance. The outcomes show that CatBoost performed better than the other models, obtaining a <tex xmlns:mml=""http://www.w3.org/1998/Math/MathML"" xmlns:xlink=""http://www.w3.org/1999/xlink"">$R^{2}$</tex> value of 0.88 with little computing effort. The relative <tex xmlns:mml=""http://www.w3.org/1998/Math/MathML"" xmlns:xlink=""http://www.w3.org/1999/xlink"">$R^{2}$</tex> values for the AdaBoost, GB, DT, and LGBM models were 0.85, 0.86, 0.73, and 0.84 respectively. These results validate the better predictive capacity and practical usability of modern boosting algorithms in TOC estimation and real-field shale reservoir characterization.",https://ieeexplore.ieee.org/abstract/document/11171993/
69,Machine learning to predict adverse drug events based on electronic health records: a systematic review and meta-analysis,"Qiaozhi Hu, Jiafeng Li, Zhiyao He",2024,"Abstract

Objective This systematic review aimed to provide a comprehensive overview of the application of machine learning (ML) in predicting multiple adverse drug event...",https://journals.sagepub.com/doi/abs/10.1177/03000605241302304
70,National-Scale Electricity Consumption Forecasting in Turkey Using Ensemble Machine Learning Models: An Interpretability-Centered Approach,Ahmet Sabri Öğütlü,4-Nov-25,"Abstract

This study presents an advanced, interpretability-focused machine learning framework for forecasting electricity consumption in Turkey over the period 2016–2024. The proposed approach is based on a high-dimensional dataset that incorporates a diverse set of variables, including sector-specific electricity usage (residential, industrial, lighting, agricultural, and commercial), electricity production, trade metrics (imports and exports in USD), and macroeconomic indicators such as the Industrial Production Index (IPI). A comprehensive set of eight state-of-the-art regression algorithms—including ensemble models such as CatBoost, LightGBM, Random Forest, and Bagging Regressor—were developed and rigorously evaluated. Among these, CatBoost emerged as the most accurate model, achieving R2 values of 0.9144 for electricity production and 0.8247 for electricity consumption. Random Forest and LightGBM followed closely, further confirming the effectiveness of tree-based ensemble methods in capturing nonlinear relationships in complex datasets. To enhance model interpretability, SHAP (SHapley Additive exPlanations) and traditional feature importance analyses were applied, revealing that residential electricity consumption was the dominant predictor across all models, accounting for more than 70% of the variance explained in consumption forecasts. In contrast, macroeconomic indicators and temporal variables showed marginal contributions, suggesting that electricity demand in Turkey is predominantly driven by internal sectoral consumption trends rather than external economic or seasonal dynamics. In addition to historical evaluation, scenario-based forecasting was conducted for the 2025–2030 period, incorporating varying assumptions about economic growth and population trends. These scenarios demonstrated the model’s robustness and adaptability to different future trajectories, offering valuable foresight for strategic energy planning. The methodological contributions of this study lie in its integration of high-dimensional, multivariate data with transparent, interpretable machine learning models, making it a robust and scalable decision-support tool for policymakers, energy authorities, and infrastructure planners aiming to enhance national energy resilience and policy responsiveness.",https://www.mdpi.com/2071-1050/17/21/9829
71,Applications of Machine Learning Algorithms in Geriatrics,"Adrian Stancu, Cosmina-Mihaela Rosca, Emilian Marian Iovanovici",6-Aug-25,"Abstract

The increase in the elderly population globally reflects a change in the population’s mindset regarding preventive health measures and necessitates a rethinking of healthcare strategies. The integration of machine learning (ML)-type algorithms in geriatrics represents a direction for optimizing prevention, diagnosis, prediction, monitoring, and treatment. This paper presents a systematic review of the scientific literature published between 1 January 2020 and 31 May 2025. The paper is based on the applicability of ML techniques in the field of geriatrics. The study is conducted using the Web of Science database for a detailed discussion. The most studied algorithms in research articles are Random Forest, Extreme Gradient Boosting, and support vector machines. They are preferred due to their performance in processing incomplete clinical data. The performance metrics reported in the analyzed papers include the accuracy, sensitivity, F1-score, and Area under the Receiver Operating Characteristic Curve. Nine search categories are investigated through four databases: WOS, PubMed, Scopus, and IEEE. A comparative analysis shows that the field of geriatrics, through an ML approach in the context of elderly nutrition, is insufficiently explored, as evidenced by the 61 articles analyzed from the four databases. The analysis highlights gaps regarding the explainability of the models used, the transparency of cross-sectional datasets, and the validity of the data in real clinical contexts. The paper highlights the potential of ML models in transforming geriatrics within the context of personalized predictive care and outlines a series of future research directions, recommending the development of standardized databases, the integration of algorithmic explanations, the promotion of interdisciplinary collaborations, and the implementation of ethical norms of artificial intelligence in geriatric medical practice.",https://www.mdpi.com/2076-3417/15/15/8699
72,Exploring Machine Learning Methods for Aflatoxin M1 Prediction in Jordanian Breast Milk Samples,"Abdullah Aref, Eman Omar, Eman Alseidi, Nour Elhuda A. Alqudah, Sharaf Omar",7-Nov-24,"Abstract

The presence of aflatoxin M1 in breast milk poses a serious risk to the health of infants because of its potential to cause cancer and have negative effects on development. Detecting AFM1 in milk samples using conventional methods is often time-consuming and may not provide real-time monitoring capabilities. The use of machine learning techniques to forecast aflatoxin M1 levels in breast milk samples is examined in this study. To develop predictive models of aflatoxin M1 in breast milk, we employed well-known supervised machine learning algorithms such as Random Forest and Gradient Boosting. The findings show that machine learning can be used for the identification of aflatoxin M1 in breast milk. By actively monitoring breast quality, this research highlights the significance of machine learning in protecting babies’ health and advances the prediction skills in food safety.",https://www.mdpi.com/2073-431X/13/11/288
73,Optimizing Electricity Demand Forecasting with Ensemble Learning: A Dynamic Factor Perspective,"Anjana Patney, Ravindra Patel",2025,"Abstract
Accurate electricity demand forecasting is critical for efficient energy management and grid stability. This study explores the optimization of electricity demand forecasting using ensemble learning techniques, incorporating a dynamic factor perspective. By leveraging multiple machine learning models, including Extreme Gradient Boosting (XGBoost), Light Gradient Boosting Machine (LightGBM), and Random Forest, the proposed ensemble approach aims to enhance prediction accuracy and robustness. The dynamic factor model integrates weather conditions, which is a dynamic factor and historical consumption patterns, allowing for a comprehensive analysis of their impact on electricity demand. Experimental results demonstrate that the ensemble learning framework significantly outperforms traditional single-model approaches, providing more reliable and precise forecasts. This research contributes to the development of advanced forecasting methodologies, offering valuable insights for policymakers and energy providers in optimizing resource allocation and ensuring sustainable energy supply.",https://www.sciencedirect.com/science/article/pii/S1877050925014814
74,"Article
Airstacknet: A Stacking Ensemble-Based Approach for Air Quality Prediction","Amel Ksibi, Amina Salhi, Ala Saleh Alluhaidan, Sahar A. El-Rahman",2022,"Abstract

The quality of the air we breathe during the courses of our daily lives has a significant impact on our health and well-being as individuals. Unfortunately, personal air quality measurement remains challenging. In this study, we investigate the use of first-person photos for the prediction of air quality. The main idea is to harness the power of a generalized stacking approach and the importance of haze features extracted from first-person images to create an efficient new stacking model called AirStackNet for air pollution prediction. AirStackNet consists of two layers and four regression models, where the first layer generates meta-data from Light Gradient Boosting Machine (LightGBM), Extreme Gradient Boosting Regression (XGBoost) and CatBoost Regression (CatBoost), whereas the second layer computes the final prediction from the meta-data of the first layer using Extra Tree Regression (ET). The performance of the proposed AirStackNet model is validated using public Personal Air Quality Dataset (PAQD). Our experiments are evaluated using Mean Absolute Error (MAE), Root Mean Square Error (RMSE), Coefficient of Determination (R2), Mean Squared Error (MSE), Root Mean Squared Logarithmic Error (RMSLE), and Mean Absolute Percentage Error (MAPE). Experimental 

Results indicate that the proposed AirStackNet model not only can effectively improve air pollution prediction performance by overcoming the Bias-Variance tradeoff, but also outperforms baseline and state of the art models.",https://www.sciencedirect.com/org/science/article/pii/S1546221822002314
75,A Predictive Model for Data-Driven Insights into MonkeyPox Virus Outbreaks and Case Trends in Africa,"O. Onyijen, F. Ikpotokin, Celestine Agwi, F. Sadiq, S. Awojide, M. Odighi",2024,"Abstract

Human monkeypox (MP) is a zoonotic disease caused by the monkeypox virus (MPV). It is considered one of the most significant orthopoxvirus infections after smallpox. MPV originated from the Congo Basin and West African clades, MP virus has spread globally, with recent outbreaks highlighting the need for predictive models in understanding its transmission. The aim of the study is to deploy machine learning models for monkeypox outbreak prediction across Africa. In this work, the most recent monkeypox dataset was evaluated and the significant instances were visualised. Feature extraction techniques like Recursive Feature Elimination (RFE), and Least Absolute Shrinkage and Selection Operator (LASSO) were deployed. These methods identify key predictors of monkeypox cases, including total cases, new cases smoothed, and total deaths, to improve model accuracy and interpretability. The various machine learning models employed are Random Forest, Decision Tree, Support Vector Machine, XGBoost, LightGBM, and CatBoost to evaluates their effectiveness in outbreak prediction. The results indicate that Random Forest and XGBoost performed best, achieving accuracy scores of 0.9696 and 0.8949, respectively, with R² values near 1.0 and low RMSE values of 1.29 and 5.51 for Random Forest and XGBoost respectively. The study showed that Random Forest and XGBoost are reliable tools for understanding monkeypox virus transmission dynamics across African countries. These models provide valuable insights for public health interventions and help to identify trends and factors influencing outbreaks.",https://www.authorea.com/doi/full/10.22541/au.173535297.79369962
76,Pyroptosis-Related Gene Signatures Can Robustly Diagnose Skin Cutaneous Melanoma and Predict the Prognosis,"Anji Ju, Jiaze Tang, Shuohua Chen, Yan Fu, Yongzhang Luo",7/13/2021,"Abstract Skin cutaneous melanoma (SKCM) is a chronically malignant tumor with a high mortality rate. Pyroptosis, a kind of pro-inflammatory programmed cell death, has been linked to cancer in recent studies. However, the value of pyroptosis in the diagnosis and prognosis of SKCM is not clear. In this study, it was discovered that 20 pyroptosis-related genes (PRGs) differed in expression between SKCM and normal tissues, which were related to diagnosis and prognosis. Firstly, based on these genes, nine machine-learning algorithms were shown to perform well in constructing diagnostic classifiers, including K-Nearest Neighbor (KNN), logistic regression, Support Vector Machine (SVM), Artificial Neural Network (ANN), decision tree, random forest, XGBoost, LightGBM, and CatBoost. Secondly, the least absolute shrinkage and selection operator (LASSO) Cox regression analysis was applied and the prognostic model was constructed based on 9 PRGs. Subgroups in low and high risks determined by the prognostic model were shown to have different survival. Thirdly, functional enrichment analyses were performed by applying the gene set enrichment analysis (GSEA), and results suggested that the risk was related to immune response. In conclusion, the expression signatures of pyroptosis-related genes are effective and robust in the diagnosis and prognosis of SKCM, which is related to immunity.",https://www.frontiersin.org/journals/oncology/articles/10.3389/fonc.2021.709077/full
77,Automatic Feature Selection for Imbalanced Echocardiogram Data Using Event-Based Self-Similarity,"Huang-Nan Huang, Hong-Min Chen, Wei-Wen Lin, Rita Wiryasaputra, Yung-Cheng Chen, Yu-Huei Wang, Chao-Tung Yang",11-Apr-25,"Abstract

Background and 

Objective: Using echocardiogram data for cardiovascular disease (CVD) can lead to difficulties due to imbalanced datasets, leading to biased predictions. Machine learning models can enhance prognosis accuracy, but their effectiveness is influenced by optimal feature selection and robust classification techniques. This study introduces an event-based self-similarity approach to enhance automatic feature selection approach for imbalanced echocardiogram data. Critical features correlated with disease progression were identified by leveraging self-similarity patterns. This study used an echocardiogram dataset, visual presentations of high-frequency sound wave signals, and data of patients with heart disease who are treated using three treatment methods: catheter ablation, ventricular defibrillator, and drug control—over the course of three years. 

Methods: The dataset was classified into nine categories and Recursive Feature Elimination (RFE) was applied to identify the most relevant features, reducing model complexity while maintaining diagnostic accuracy. Machine learning classification models, including XGBoost and CATBoost, were trained and evaluated. 

Results: Both models achieved comparable accuracy values, 84.3% and 88.4%, respectively, under different normalization techniques. To further optimize performance, the models were combined into a voting ensemble, improving feature selection and predictive accuracy. Four essential features—age, aorta (AO), left ventricular (LV), and left atrium (LA)—were identified as critical for prognosis and were found in Random Forest (RF)-voting ensemble classifier. The results underscore the importance of feature selection techniques in handling imbalanced datasets, improving classification robustness, and reducing bias in automated prognosis systems. 

Conclusions: Our findings highlight the potential of machine learning-driven echocardiogram analysis to enhance patient care by providing accurate, data-driven assessments.",https://www.mdpi.com/2075-4418/15/8/976
78,Recent progress in the data-driven discovery of novel photovoltaic materials,"Tian Lu, Minjie Li, Tong-Yi Zhang",2022,"Abstract

The discovery of new photovoltaic materials can facilitate technological progress in clean energy and hence benefit overall societal development. Machine learning (ML) and deep learning (DL) technologies integrated with domain knowledge are revolutionizing the traditional trial-and-error research paradigm that is associated with high costs, inefficiency, and significant human effort. This review provides an overview of the recent progress in the data-driven discovery of novel photovoltaic materials for perovskite, dye-sensitized and organic solar cells. The integral workflow of the ML/DL training progress is briefly introduced, covering data preparation, feature engineering, model building and their applications. The cutting-edge challenges and issues in the ML/DL workflow are summarized specifically for photovoltaic materials. Real examples are emphasized to illustrate how to utilize ML/DL techniques in the discovery of novel photovoltaic materials. The prospects and future directions of the data-driven discovery of novel photovoltaic materials are also provided.",https://www.oaepublish.com/articles/jmi.2022.07
79,Identification of prognostic signatures in remnant gastric cancer through an interpretable risk model based on machine learning: a multicenter cohort study,"Zhouwei Zhan, Bijuan Chen, Hui Cheng, Shaohua Xu, Chunping Huang, Sijing Zhou, Haiting Chen, Xuanping Lin, Ruyu Lin, Wanting Huang, Xiaohuan Ma, Yu Fu, Zhipeng Chen, Hanchen Zheng, Songchang Shi, Zengqing Guo, Lihui Zhang",30-Apr-24,"Abstract

Objective
The purpose of this study was to develop an individual survival prediction model based on multiple machine learning (ML) algorithms to predict survival probability for remnant gastric cancer (RGC).

Methods
Clinicopathologic data of 286 patients with RGC undergoing operation (radical resection and palliative resection) from a multi-institution database were enrolled and analyzed retrospectively. These individuals were split into training (80%) and test cohort (20%) by using random allocation. Nine commonly used ML methods were employed to construct survival prediction models. Algorithm performance was estimated by analyzing accuracy, precision, recall, F1-score, area under the receiver operating characteristic curve (AUC), confusion matrices, five-fold cross-validation, decision curve analysis (DCA), and calibration curve. The best model was selected through appropriate verification and validation and was suitably explained by the SHapley Additive exPlanations (SHAP) approach.

Results
Compared with the traditional methods, the RGC survival prediction models employing ML exhibited good performance. Except for the decision tree model, all other models performed well, with a mean ROC AUC above 0.7. The DCA findings suggest that the developed models have the potential to enhance clinical decision-making processes, thereby improving patient outcomes. The calibration curve reveals that all models except the decision tree model displayed commendable predictive performance. Through CatBoost-based modeling and SHAP analysis, the five-year survival probability is significantly influenced by several factors: the lymph node ratio (LNR), T stage, tumor size, resection margins, perineural invasion, and distant metastasis.

Conclusions
This study established predictive models for survival probability at five years in RGC patients based on ML algorithms which showed high accuracy and applicative value.",https://link.springer.com/article/10.1186/s12885-024-12303-9
80,Ensemble learning based on efficient features combination can predict the outcome of recurrence-free survival in patients with hepatocellular carcinoma within three years after surgery,"Liyang Wang, Meilong Wu, Chengzhan Zhu, Rui Li, Shiyun Bao, Shizhong Yang, Jiahong Dong",11/10/2022,"Abstract Preoperative prediction of recurrence outcome in hepatocellular carcinoma (HCC) facilitates physicians’ clinical decision-making. Preoperative imaging and related clinical baseline data of patients are valuable for evaluating prognosis. With the widespread application of machine learning techniques, the present study proposed the ensemble learning method based on efficient feature representations to predict recurrence outcomes within three years after surgery. Radiomics features during arterial phase (AP) and clinical data were selected for training the ensemble models. In order to improve the efficiency of the process, the lesion area was automatically segmented by 3D U-Net. It was found that the mIoU of the segmentation model was 0.8874, and the Light Gradient Boosting Machine (LightGBM) was the most superior, with an average accuracy of 0.7600, a recall of 0.7673, a F1 score of 0.7553, and an AUC of 0.8338 when inputting radiomics features during AP and clinical baseline indicators. Studies have shown that the proposed strategy can relatively accurately predict the recurrence outcome within three years, which is helpful for physicians to evaluate individual patients before surgery.",https://www.frontiersin.org/journals/oncology/articles/10.3389/fonc.2022.1019009/full
81,The transformative potential of artificial intelligence in solid organ transplantation,"Mouhamad Al Moussawy, Zoe S. Lakkis, Zuhayr A. Ansari, Aravind R. Cherukuri, Khodor I. Abou-Daya",3/15/2024,"Abstract Solid organ transplantation confronts numerous challenges ranging from donor organ shortage to post-transplant complications. Here, we provide an overview of the latest attempts to address some of these challenges using artificial intelligence (AI). We delve into the application of machine learning in pretransplant evaluation, predicting transplant rejection, and post-operative patient outcomes. By providing a comprehensive overview of AI's current impact, this review aims to inform clinicians, researchers, and policy-makers about the transformative power of AI in enhancing solid organ transplantation and facilitating personalized medicine in transplant care.",https://www.frontiersin.org/journals/transplantation/articles/10.3389/frtra.2024.1361491/full
82,Research on the development of an intelligent prediction model for blood pressure variability during hemodialysis,"Zhijian Ren, Minqiao Zhang, Pingping Wang, Kanan Chen, Jing Wang, Lingping Wu, Yue Hong, Yihui Qu, Qun Luo, Kedan Cai",17-Feb-25,"Abstract

Objective
Blood pressure fluctuations during dialysis, including intradialytic hypotension (IDH) and intradialytic hypertension (IDHTN), are common complications among patients undergoing maintenance hemodialysis. Early prediction of IDH and IDHTN can help reduce the occurrence of these fluctuations. With the development of artificial intelligence, machine learning and deep learning models have become increasingly sophisticated in the field of hemodialysis. Utilizing machine learning to predict blood pressure fluctuations during dialysis has become a viable predictive method.

Methods
Our study included data from 67,524 hemodialysis sessions conducted at Ningbo No.2 Hospital and Xiangshan First People’s Hospital from August 1, 2019, to September 30, 2023. 47,053 sessions were used for model training and testing, while 20,471 sessions were used for external validation. We collected 45 features, including general information, vital signs, blood routine, blood biochemistry, and other relevant data. Data not meeting the inclusion criteria were excluded, and feature engineering was performed. The definitions of IDH and IDHTN were clarified, and 10 machine learning algorithms were used to build the models. For model development, the dialysis data were randomly split into a training set (80%) and a testing set (20%). To evaluate model performance, six metrics were used: accuracy, precision, recall, F1 score, ROC-AUC, and PR-AUC. Shapley Additive Explanation (SHAP) method was employed to identify eight key features, which were used to develop a clinical application utilizing the Streamlit framework.

Results
Statistical analysis showed that IDH occurred in 56.63% of hemodialysis sessions, while the incidence of IDHTN was 23.53%. Multiple machine learning models (e.g., CatBoost, RF) were developed to predict IDH and IDHTN events. XGBoost performed the best, achieving ROC-AUC scores of 0.89 for both IDH and IDHTN in internal validation, with PR-AUC scores of 0.95 and 0.78, and high accuracy, precision, recall, and F1 scores. The SHAP method identified pre-dialysis systolic blood pressure, BMI, and pre-dialysis mean arterial pressure as the top three important features. It has been translated into a convenient application for use in clinical .

Conclusion
Using machine learning models to predict IDH and IDHTN during hemodialysis is feasible and provides clinically reliable predictive performance. This can help timely implement interventions during hemodialysis to prevent problems, reduce blood pressure fluctuations during dialysis, and improve patient outcomes.",https://link.springer.com/article/10.1186/s12882-025-03959-x
83,"Research on the Nonlinear Relationship Between Carbon Emissions from Residential Land and the Built Environment: A Case Study of Susong County, Anhui Province Using the XGBoost-SHAP Model","Congguang Xu, Wei Xiong, Simin Zhang, Hailiang Shi, Shichao Wu, Shanju Bao, Tieqiao Xiao",20-Feb-25,"Abstract

Residential land is the basic unit of urban-scale carbon emissions (CEs). Quantifying and predicting CEs from residential land are conducive to achieving urban carbon neutrality. This study took 84 residential communities in Susong County, Anhui Province as its research object, exploring the nonlinear relationship between the urban built environment and CEs from residential land. By identifying CEs from residential land through building electricity consumption, 14 built environment indicators, including land area (LA), floor area ratio (FAR), greening ratio (GA), building density (BD), gross floor area (GFA), land use mix rate (Phh), and permanent population density (PPD), were selected to establish an interpretable machine learning (ML) model based on the XGBoost-SHAP attribution analysis framework. The research results show that, first, the goodness of fit of the XGBoost model reached 91.9%, and its prediction accuracy was better than that of gradient boosting decision tree (GBDT), random forest (RF), the Adaboost model, and the traditional logistic model. Second, compared with other ML models, the XGBoost-SHAP model explained the influencing factors of CEs from residential land more clearly. The SHAP attribution analysis results indicate that BD, FAR, and Phh were the most important factors affecting CEs. Third, there was a significant nonlinear relationship and threshold effect between built environment characteristic variables and CEs from residential land. Fourth, there was an interaction between different dimensions of environmental factors, and BD, FAR, and Phh played a dominant role in the interaction. Reducing FAR is considered to be an effective CE reduction strategy. This research provides practical suggestions for urban planners on reducing CEs from residential land, which has important policy implications and practical significance.",https://www.mdpi.com/2073-445X/14/3/440
84,Comparison of Different Machine Learning Models with Data Balancing for Prediction of Cardiovascular Disease Risks Based on Big Data,Gözde Özsezer,2026,"Abstract

Cardiovascular diseases (CVD) are a leading global cause of death and morbidity. This study evaluates data balancing techniques (SMOTE, ENN, SMOTE-ENN, SMOTE-Tomek) and machine learning (ML) algorithms for predicting CVD risk using big data. The 2021 CDC BRFSS dataset, with 308,854 records, was preprocessed by removing missing and irrelevant data. The dataset was split into 80% training and 20% testing subsets. ML models, including logistic regression, random forest, LightGBM, XGBoost, and CatBoost, were trained on balanced data. Performance metrics such as accuracy, precision, recall, F1 score, ROC curve, and AUC were used for evaluation. SMOTE-ENN and SMOTE-Tomek improved model performance, with LightGBM and CatBoost achieving the highest AUC and F1 scores. 

Results demonstrate that data balancing, especially SMOTE-ENN, enhances model sensitivity, aiding CVD risk identification. These findings underscore the potential for ML in nursing to develop targeted interventions and improve outcomes.",https://dergipark.org.tr/en/pub/jist/article/1800624
85,Modeling of New Agents with Potential Antidiabetic Activity Based on Machine Learning Algorithms,"Yevhen Pruhlo, Ivan Iurchenko, Alina Tomenko",27-Oct-25,"Abstract

Type 2 diabetes mellitus (T2DM) is a growing global health challenge, expected to affect over 600 million people by 2045. The discovery of new antidiabetic agents remains resource-intensive, motivating the use of machine learning (ML) for virtual screening based on molecular structure. In this study, we developed a predictive pipeline integrating two distinct descriptor types: high-dimensional numerical features from the Mordred library (>1800 2D/3D descriptors) and categorical ontological annotations from the ClassyFire and ChEBI systems. These encode hierarchical chemical classifications and functional group labels. The dataset included 45 active compounds and thousands of inactive molecules, depending on the descriptor system. To address class imbalance, we applied SMOTE and created balanced training and test sets while preserving independent validation sets. Thirteen ML models—including regression, SVM, naive Bayes, decision trees, ensemble methods, and others—were trained using stratified 12-fold cross-validation and evaluated across training, test, and validation. Ridge Regression showed the best generalization (MCC = 0.814), with Gradient Boosting following (MCC = 0.570). Feature importance analysis highlighted the complementary nature of the descriptors: Ridge Regression emphasized ClassyFire taxonomies such as CHEMONTID:0000229 and CHEBI:35622, while Mordred-based models (e.g., Random Forest) prioritized structural and electronic features like MAXsssCH and ETA_dEpsilon_D. This study is the first to systematically integrate and compare structural and ontological descriptors for antidiabetic compound prediction. The framework offers a scalable and interpretable approach to virtual screening and can be extended to other therapeutic domains to accelerate early-stage drug discovery.",https://www.mdpi.com/2673-9623/5/4/30
86,"Chongqing Mental Health Center, Chongqing, 401147, China 2 The First Clinical College, Chongqing Medical University, Chongqing, 400016, China 3 College of …","M Yuan, S Bi, Z Chen, X Fan, X Chen, K Shen",2026,"Background:
This study aimed to establish and validate interpretable Machine Learning
(ML) models for predicting falls and fall-related injuries in middle-aged and
ACCEPTED MANUSCRIPT
ARTICLE IN PRESS
ARTICLE IN PRESS
older adults with depressive symptoms (DS) and develop relevant online
computational tools.
Methods:
Using data from the China Health and Retirement Longitudinal Study
(CHARLS) survey from 2015 to 2018, 32 predictor variables related to the
risk of falls and fall-related injuries in middle-aged and older adults with DS
were included based on five dimensions of the health ecology model, and
the important predictor variables were screened using Principal Component
Analysis and Lasso regression at the same time. We further developed eight
ML algorithms-Logistic Regression(LR), Support Vector Machine(SVM),
Gradient Boosting Machine (GBM), Neural Network (NN), eXtreme
Gradient Boosting (XGBoost), Adaptive Boosting (AdaBoost), Light Gradient
Boosting Machine (LightGBM) and Categorical Boosting (CatBoost)-to
construct the risk prediction model. And selected the best predictive
variables based on grid search and 10-fold cross-validation. SHapley
Additive exPlanations (SHAP) were used for personalised interpretation of
the models. In addition, we further performed stratified analyses by dividing
participants into two age groups: 45–59 years and 60 years and older.
Results:
Among 3,664 middle-aged and older adults with DS, the incidence rate of
falls and fall-related injuries after three years of follow-up was 20.36% and
8.92%, respectively. Among all models, LightGBM had the best performance.
LightGBM performed the best, with an area under the curve (AUC) of 0.821
ACCEPTED MANUSCRIPT
ARTICLE IN PRESS
ARTICLE IN PRESS
(95% CI: 0.802–0.841) for the fall risk test set and an AUC of 0.905 (95% CI:
0.892–0.919) for the fall injury risk test set. We identified important risk
factors for falls and fall-related injuries in middle-aged and older adults with
DS. The optimal predictive model and risk predictors differed from those
identified before stratification by age. SHAP visualises the specific
contributions of these risk factors, thereby enhancing the model's value for
application. Online tools to implement the model are available at
https://riskpredictiontool.shinyapps.io/falls_prediction_tool/ and
https://riskpredictiontool.shinyapps.io/fall_related_injuries_prediction_tool/.
Discussion and Conclusions:
The results can help predict risk of falls and fall-related injuries among
middle-aged and older adults with DS, predict their risk of falling and
sustaining fall-related injuries. These findings provide an important guide
for the development of public health strategies.
Keywords: machine learning; middle-aged and older adults; falls;
fall-related injuries; depressive symptoms; SHAP",https://link.springer.com/content/pdf/10.1186/s12889-026-27754-x_reference.pdf
87,Informatics and Health,TA Shuvo,N/A,"ABSTRACT
Background: Suicidal ideation, plans, and attempts represent significant mental health challenges among adolescents worldwide. Early identification of adolescents at risk is critical for preventing suicidal behaviors. Machine learning provides an advanced, data-driven approach to forecasting these risks and enabling prompt
intervention accurately.
Methods: This study utilized data from the Global School-based Student Health Survey (2019–2023), analyzing
16,704 records for each suicidal behavior (ideation, plan, attempt). SMOTE was applied for data balancing, and
predictions were performed using both the balanced and imbalanced datasets. A variety of classifiers were
employed, including GNB, SVC, DT, LR, RF, KNN, XGBoost, Bagging, AdaBoost, LightGBM, and CatBoost. The
models were evaluated based on accuracy, recall, precision, F1 score, and AUC. Additionally, SHAP values were
used to measure the importance of each feature in the predictions. All analyses were conducted using Python.
Findings: The Random Forest classifier demonstrated strong predictive ability on the balanced datasets, achieving
AUC scores of 84.25 % (attempts), 82.91 % (plans), and 80.74 % (ideation). The model achieved accuracies of
74.93 %, 73.47 %, and 76.38 %, with recall values of 74.56 %, 71.11 %, and 77.92 % for suicide plans, ideation,
and attempts. Bagging and Decision Tree performed well, while XGBoost, CatBoost, and LightGBM showed
strong results. In contrast, performance on imbalanced data was limited by low recall. Gender, loneliness, and
parental attachment were key predictors of suicidal behavior.
Interpretations: The Random Forest classifier displayed powerful predictive capabilities, effectively identifying
suicide plans, ideation, and attempts. This model can be used to identify adolescents at risk for suicide, enabling
early intervention through targeted mental health support, counseling, and timely preventive measures. Despite
strong performance, the limitation of relying on self-reported data remains. Future research should focus on
using longitudinal data to track the development of suicidal behavior over time.",https://www.researchgate.net/profile/Tonmoy-Alam-Shuvo/publication/393888861_Machine_learning-based_prediction_of_suicidal_ideation_plans_and_attempts_among_school-going_adolescents/links/687ef9f1f312d71d78c8bbaf/Machine-learning-based-prediction-of-suicidal-ideation-plans-and-attempts-among-school-going-adolescents.pdf
88,SME default prediction: A systematic methods evaluation,"Hamid Cheraghali, Peter Molnár",1-Oct-24,"ABSTRACT
This study evaluates the performance of various methodologies used in the literature to predict failures in small- and medium-sized enterprises (SMEs) using a data set of U.S. SMEs. By evaluating over 6,100 models and data subsample combinations, we find that the light gradient boosting machine (LightGBM) exhibits the best out-of-sample predictive performance, closely followed by extreme gradient boosting (XGBoost). These two estimation methods perform best using their built-in feature-selection mechanisms and do not require sample rebalancing. However, for most other estimation methods, feature selection and sample rebalancing are critical. For example, logistic regression (Logit) performs significantly better with appropriate feature selection and sample rebalancing. We also provide an overview of the importance of various features in predicting failures.",https://www.tandfonline.com/doi/abs/10.1080/00472778.2024.2390500
89,Optimizing Building Short-Term Load Forecasting: A Comparative Analysis of Machine Learning Models,"Paraskevas Koukaras, Akeem Mustapha, Aristeidis Mystakidis, Christos Tjortjis",18-Mar-24,"Abstract

The building sector, known for its high energy consumption, needs to reduce its energy use due to rising greenhouse gas emissions. To attain this goal, a projection for domestic energy usage is needed. This work optimizes short-term load forecasting (STLF) in the building sector while considering several variables (energy consumption/generation, weather information, etc.) that impact energy use. It performs a comparative analysis of various machine learning (ML) models based on different data resolutions and time steps ahead (15 min, 30 min, and 1 h with 4-step-, 2-step-, and 1-step-ahead, respectively) to identify the most accurate prediction method. Performance assessment showed that models like histogram gradient-boosting regression (HGBR), light gradient-boosting machine regression (LGBMR), extra trees regression (ETR), ridge regression (RR), Bayesian ridge regression (BRR), and categorical boosting regression (CBR) outperformed others, each for a specific resolution. Model performance was reported using
R
2
, root mean square error (RMSE), coefficient of variation of RMSE (CVRMSE), normalized RMSE (NRMSE), mean absolute error (MAE), and execution time. The best overall model performance indicated that the resampled 1 h 1-step-ahead prediction was more accurate than the 15 min 4-step-ahead and the 30 min 2-step-ahead predictions. Findings reveal that data preparation is vital for the accuracy of prediction models and should be model-adjusted.",https://www.mdpi.com/1996-1073/17/6/1450
90,New hybrid multi-objective feature selection: Boruta-XGBoost,"Tohid Yousefi, Özlem Varlıklar",28-Jan-26,"Abstract

In the era of data-intensive science, feature selection has become a cornerstone of building robust machine learning models, particularly in biomedical fields where datasets are often high-dimensional. The process of identifying a subset of relevant and non-redundant features is not merely a means of reducing computational overhead; it is crucial for enhancing model accuracy, preventing overfitting, and improving the interpretability of results. Despite its importance, finding an optimal feature subset remains a significant challenge. This study introduces and validates a novel two-stage hybrid framework, named Boruta-XGBoost (Boruta-Extreme Gradient Boosting), designed to synergize feature selection and prediction. We demonstrate the efficacy of this framework on the complex task of estimating body fat percentage, a problem characterized by correlated anatomical predictors. Our primary goal is to benchmark its performance against a comprehensive suite of established machine learning algorithms. Our proposed framework unfolds in two distinct stages. Initially, we leverage the Boruta algorithm—a powerful wrapper method based on Random Forest—to systematically identify all statistically relevant features. This step ensures that no potentially important variables, including those with subtle interaction effects, are prematurely discarded. Subsequently, an Extreme Gradient Boosting (XGBoost) model is trained exclusively on this refined feature subset. To establish a robust benchmark, we evaluated 16 other models (six linear and 10 non-linear) using the complete feature set. All models were assessed via a 70/30 train-test split and validated using 10-fold cross-validation, with the coefficient of determination (R2) and Root Mean Square Error (RMSE) serving as the primary performance metrics. When trained on the full set of features, the best-performing conventional model—non-linear support vector regression—yielded an R2 of 0.77. In striking contrast, our Boruta-XGBoost framework achieved a markedly superior R2 of 0.88 and a correspondingly lower RMSE. A key finding is that this enhanced predictive accuracy was accomplished using just six features (representing only 46% of the original 13), which were autonomously identified by the Boruta stage.

Conclusion
Our results compellingly demonstrate that the proposed Boruta-XGBoost hybrid framework offers a substantial improvement over conventional modeling approaches. By intelligently decoupling feature selection from prediction, our method constructs a more parsimonious and powerful model. This two-stage strategy underscores the value of integrating rigorous statistical feature filtering with state-of-the-art predictive algorithms, presenting a potent and generalizable approach for tackling complex prediction problems.",https://peerj.com/articles/cs-3463/
91,Detecting Thyroid Disease Using Optimized Machine Learning Model Based on Differential Evolution,"Punit Gupta, Furqan Rustam, Khadija Kanwal, Wajdi Aljedaani, Sultan Alfarhood, Mejdl Safran, Imran Ashraf",3-Jan-24,"Abstract
Thyroid disease has been on the rise during the past few years. Owing to its importance in metabolism, early detection of thyroid disease is a task of critical importance. Despite several existing works on thyroid disease detection, the problem of class imbalance is not investigated very well. In addition, existing studies predominantly focus on the binary-class problem. This study aims to solve these issues by the proposed approach where ten types of thyroid diseases are considered. The proposed approach uses a differential evolution (DE)-based optimization algorithm to fine-tune the parameters of machine learning models. Moreover, conditional generative adversarial networks are used for data augmentation. Several sets of experiments are carried out to analyze the performance of the proposed approach with and without model optimization. 

Results suggest that a 0.998 accuracy score can be obtained using AdaBoost with DE optimization which is better than existing state-of-the-art models.",https://link.springer.com/article/10.1007/s44196-023-00388-2
92,Predicting consumer loan default risk and systemic risk in financial institutions through machine learning techniques: a systematic literature review,"Ahmad Yar, Muhammad Usman",2026,"Abstract

This study aims to systematically review the application of machine learning (ML) techniques in predicting two major categories of financial risk: consumer loan default risk (CLDR) and systemic risk (SR) arising from institutional interconnectedness. The purpose is to identify the dominant models and methodological trends that define the current research landscape.

Using the preferred reporting items for systematic reviews and meta-analyses framework, this review initially retrieved 130 journal articles from the Scopus database, of which 50 met the inclusion criteria. The selected studies were comparatively analyzed to identify common prevailing ML techniques, data sets and evaluation metrics used for predicting CLDR and SR.

The review finds that models such as decision trees, support vector machines, naïve Bayes, random forest, LightGBM, XGBoost and artificial neural networks dominate CLDR prediction research. For SR, complex network embeddings methods, graph neural networks, recurrent neural networks (RNN), convolutional neural networks and network centrality measures are prevalent.

The review also identifies contextual limitations and recommends incorporating hybrid models that combine deep learning with tree-based algorithms and explainable artificial intelligence interpretability for CLDR prediction. For SR, multivariate RNN-based models are recommended, and network-based analyses should be extended to include nonbank intermediaries, incorporating macroeconomic factors, policy environments and broader data sets in future research.

The findings offer valuable insights for implementing accurate, interpretable ML models to improve loan approval processes, credit risk monitoring and SR mitigation strategies.

Enhanced financial risk prediction can strengthen economic stability, protect consumers from default and mitigate systemic crises, while interpretable ML models promote transparency and trust in automated financial decisions.

This study offers a comprehensive synthesis of ML approaches to financial risk prediction, emphasizing hybrid models, interpretability and broader systemic analysis. It serves as a guide for researchers and practitioners to develop more robust and context-aware predictive frameworks in financial institutions.",https://www.emerald.com/jm2/article/doi/10.1108/JM2-07-2025-0378/1384049
93,Towards a Data-Driven Approach for Early Identification of High-Risk Differentiated Thyroid Cancer Using Clinicopathologic Features,"Tahmima Hoque Eid, Ashim Dey",2026,"Abstract

Differentiated thyroid cancer (DTC) is primarily categorized into papillary and follicular types. It generally exhibits a good long-term prognosis, but some patients experience recurrence that adversely affects their health and treatment options. To facilitate the early detection of patients at greater risk, we propose an interpretable machine learning-based approach that combines domain-informed clinicopathologic encoding, foldwise handling of class imbalance, and ensemble learning with cross-validated model interpretation. We assessed multiple models across outer test folds, with the Bagging Classifier showing the best overall performance under nested cross-validation, yielding an accuracy of <tex xmlns:mml=""http://www.w3.org/1998/Math/MathML"" xmlns:xlink=""http://www.w3.org/1999/xlink"">$\mathbf{9 6. 1 \%}$</tex> and an F1-score of <tex xmlns:mml=""http://www.w3.org/1998/Math/MathML"" xmlns:xlink=""http://www.w3.org/1999/xlink"">$\mathbf{9 2. 9 1 \%}$</tex>. Moreover, we applied three diverse models using standardized <tex xmlns:mml=""http://www.w3.org/1998/Math/MathML"" xmlns:xlink=""http://www.w3.org/1999/xlink"">$\mathbf{T}$</tex> and <tex xmlns:mml=""http://www.w3.org/1998/Math/MathML"" xmlns:xlink=""http://www.w3.org/1999/xlink"">$\mathbf{N}$</tex> staging features and analyzed model decisions with SHAP. Nodal status (N) and tumor size (T) were the key staging predictors, exhibiting notable cross-interactions. They also interacted with clinical features such as Response and Risk, highlighting their combined association with recurrence risk. By integrating strong predictive performance with case-specific insights, this framework provides meaningful risk stratification and improves interpretability for healthcare practitioners. Before implementing this methodology in standard practice, multicenter validation and the inclusion of additional clinical biomarkers are essential.",https://ieeexplore.ieee.org/abstract/document/11546215/
94,Recent advances in machine learning for the design and performance prediction of corrosion inhibitors,"…, ZE Jumaeva, AI Kholboyeva…",2026,"Abstract
Recent advances in corrosion science and materials engineering have been significantly
accelerated by the integration of artificial intelligence (AI), machine learning (ML), and highthroughput experimental techniques. This review and research compilation highlights the
development of predictive models for corrosion assessment in metals, reinforced concrete, and
biomedical alloys, combining non-destructive testing, electrochemical methods, and
computational simulations. AI-driven approaches—including QSAR, gradient boosting,
convolutional neural networks, and molecular dynamics—have been successfully applied to
predict corrosion inhibition efficiency, detect structural degradation, and optimize inhibitor
design. Case studies demonstrate the effectiveness of eco-friendly inhibitors such as guava leaf
extract and Congo Red dye, hybrid nanocomposites, and quaternary ammonium salts, with
experimental validation confirming high inhibition efficiencies. The integration of theoretical
descriptors, imaging data, and deep learning facilitates rapid, accurate, and sustainable corrosion
management, offering mechanistic insights into adsorption processes, surface protection, and
fatigue behavior. These findings underscore the transformative potential of AI-assisted
methodologies in accelerating corrosion research, inhibitor discovery, and structural health
monitoring across diverse industrial and biomedical applications.",https://www.researchgate.net/profile/Zebiniso-Qurbonova/publication/404926379_Recent_advances_in_machine_learning_for_the_design_and_performance_prediction_of_corrosion_inhibitors/links/6a0f38180fc2cb502285b327/Recent-advances-in-machine-learning-for-the-design-and-performance-prediction-of-corrosion-inhibitors.pdf
95,Feature selection and classification in machine learning: methods and models for peer-to-peer lending,"M Atef, MI Gabr, W Seoud, S Ouf",2025,,https://msamsj.journals.ekb.eg/article_445111.html
96,Machine learning-assisted construction of COPD self-evaluation questionnaire (COPD-EQ): a national multicentre study in China,"Yiming Ma, Zijie Zhan, Yahong Chen, Jing Zhang, Wen Li, Zhiyi He, Jungang Xie, Haijin Zhao, Anping Xu, Kun Peng, Gang Wang, Qingping Zeng, Ting Yang, Yan Chen, Chen Wang",2025,"Abstract

Background Approximately 70% of chronic obstructive pulmonary disease (COPD) is underdiagnosed worldwide. We aimed to develop and validate a COPD self-evaluation questionnaire (COPD-EQ) that is better suited for COPD screening in China. 

Methods We developed a primary version of COPD-EQ based on the Delphi method. Then, we conducted a nationwide multicentre prospective to validate our novel COPD-EQ screening ability. To improve the screening ability of COPD-EQ, we used a series of machine learning (ML)-based methods, including logistic regression, XgBoost, LightGBM, and CatBoost. These models were developed and then evaluated on a random 3:1 train/test split. 

Results Through the Delphi approach, we developed the primary version of COPD-EQ with nine items. In the following prospective multicentre study, we recruited 1824 outpatients from 12 sites, of whom 404 (22.1%) were diagnosed with COPD. After the score assignment assisted by ML models and the Shapley Additive Explanation method, six of nine items were retained for a briefer version of COPD-EQ. The scoring-based method achieves an AUC score of 0.734 at a threshold of 4.0. Finally, a novel six-item COPD-EQ questionnaire was developed. 

Conclusions The COPD-EQ questionnaire was validated to be reliable and accurate in COPD screening for the Chinese population. The ML model can further improve the questionnaire’s screening ability.",https://pmc.ncbi.nlm.nih.gov/articles/PMC11699521/
97,Artificial Intelligence and Machine Learning Approaches for Indoor Air Quality Prediction: A Comprehensive Review of Methods and Applications,"Dominik Latoń, Jakub Grela, Andrzej Ożadowicz, Lukasz Wisniewski",30-Sep-25,"Abstract

Indoor air quality (IAQ) is a critical determinant of health, comfort, and productivity, and is strongly connected to building energy demand due to the role of ventilation and air treatment in HVAC systems. This review examines recent applications of Artificial Intelligence (AI) and Machine Learning (ML) for IAQ prediction across residential, educational, commercial, and public environments. Approaches are categorized by predicted parameters, forecasting horizons, facility types, and model architectures. Particular focus is given to pollutants such as CO2, PM2.5, PM10, VOCs, and formaldehyde. Deep learning methods, especially the LSTM and GRU networks, achieve superior accuracy in short-term forecasting, while hybrid models integrating physical simulations or optimization algorithms enhance robustness and generalizability. Importantly, predictive IAQ frameworks are increasingly applied to support demand-controlled ventilation, adaptive HVAC strategies, and retrofit planning, contributing directly to reduced energy consumption and carbon emissions without compromising indoor environmental quality. Remaining challenges include data heterogeneity, sensor reliability, and limited interpretability of deep models. This review highlights the need for scalable, explainable, and energy-aware IAQ prediction systems that align health-oriented indoor management with energy efficiency and sustainability goals. Such approaches directly contribute to policy priorities, including the EU Green Deal and Fit for 55 package, advancing both occupant well-being and low-carbon smart building operation.",https://www.mdpi.com/1996-1073/18/19/5194
98,The Role of Machine Learning in Enhancing Particulate Matter Estimation: A Systematic Literature Review,"Amjad Alkhodaidi, Afraa Attiah, Alaa Mhawish, Abeer Hakeem",15-Oct-24,"Abstract

As urbanization and industrial activities accelerate globally, air quality has become a pressing concern, particularly due to the harmful effects of particulate matter (PM), notably PM2.5 and PM10. This review paper presents a comprehensive systematic assessment of machine learning (ML) techniques for estimating PM concentrations, drawing on studies published from 2018 to 2024. Traditional statistical methods often fail to account for the complex dynamics of air pollution, leading to inaccurate predictions, especially during peak pollution events. In contrast, ML approaches have emerged as powerful tools that leverage large datasets to capture nonlinear, intricate relationships among various environmental, meteorological, and anthropogenic factors. This review synthesizes findings from 32 studies, demonstrating that ML techniques, particularly ensemble learning models, significantly enhance estimation accuracy. However, challenges remain, including data quality, the need for diverse and balanced datasets, issues related to feature selection, and spatial discontinuity. This paper identifies critical research gaps and proposes future directions to improve model robustness and applicability. By advancing the understanding of ML applications in air quality monitoring, this review seeks to contribute to developing effective strategies for mitigating air pollution and protecting public health.",https://www.mdpi.com/2227-7080/12/10/198
99,Application of machine learning techniques for multi-class classification performance on mental disorders,Ümit Can,2026,"Abstract

The contemporary social framework is predicated on a fiercely competitive system, which amplifies individual pressure and subsequently elevates the incidence of mental diseases, significantly affecting public health. Consequently, governmental and non-governmental groups allocate considerable resources to tackle these concerns. The precise identification of such illnesses via artificial intelligence techniques has become critically significant. These methodologies, widely used across several healthcare sectors, have been increasingly adopted in psychiatry. Evaluating psychiatric data to forecast disease accurately enables doctors to make better decisions and establishes a robust decision-support framework. This work employed prevalent machine learning techniques to identify mental illnesses utilizing a dataset with labels for seven distinct mental states—six disorders and one normative condition. The approaches were initially evaluated on an imbalanced dataset and subsequently on a balanced dataset, facilitating comparison of the outcomes. Among Categorical Boosting, Gradient Boosting, Extreme Gradient Boosting, Support Vector Machine, and Logistic Regression, the Support Vector Machine method demonstrated superior performance on both balanced and imbalanced datasets.",https://dergipark.org.tr/en/pub/ijpas/article/1925035
100,"Predicting blue water footprint and green water footprint of orange in Nile Delta based on single, hybrid, and stacking hybridization machine learning algorithms under diverse agro-climatic conditions","Ashrakat A. Lotfy, Mohamed E. Abuarab, Eslam Farag, Bilal Derardja, Roula Khadra, Ahmed A. Ayoub, Ali Mokhtar",13-Feb-26,"Abstract
This study aims to investigate the effects of climate change on the Blue water footprint (BWFP) and Green water footprint (GWFP) of oranges in the El-Beheira and Al-Sharkia governorates in the Nile Delta using data from 2013 to 2022. Various machine learning (ML) models, including LASSO, RF, XGB, and CATBOOST, as well as hybrid models like XGB-RF, RF-LASSO-CAT-LASSO, XGB-LASSO, XGB-CAT, XGB-CAT-LASSO, XGB-RF-LASSO, and stacked ensemble models, were employed to assess the impact of climate change in Egypt and determine the most accurate model for predicting BWFP and GWFP of orange crops. The models were tested under different scenarios (Sc) involving climate parameters, crop parameters, and remote sensing indices (Normalized Difference Vegetative Index (NDVI), Normalized Difference Moisture Index (NDMI), Enhanced vegetation index (EVI), Soil-adjusted Vegetation Index (SAVI), Green Chlorophyll Index (GCI), and Land Surface Temperature (LST)). The CatBoost-RF hybrid model in Sc5 (Peeff, Tmax) showed the highest accuracy of 1.00 for BWFP, while the LASSO model in Sc3 had the lowest accuracy of 0.846. For GWFP, all hybrid models achieved a maximum accuracy of 1.0. The R2 value for predicting BWFP was highest at 0.98 under Sc2 using RF-LASSO hybrid models and lowest at 0.63 under Sc3 with RF. As for GWFP, the highest R2 value of 1.0 was obtained under Sc1 with XGB-CatBoost-LASSO, while the lowest value of 0.07 was seen under Sc3 with XGB-RF-LASSO. The lowest RMSE value of 0.15 was observed with the RF-LASSO hybrid model, while the highest value of 0.31 was seen with the LASSO model in Sc2 for BWFP. For GWFP, the minimum and maximum RMSE values were 0.01 and 0.06 under XGB-RF-LASSO and CatBoost models, respectively, in Sc4 (Peeff, Tmax, Tmin). The study suggests utilizing hybrid models, either double or triple, especially for RF-LASSO and XGB-CAT-LASSO, to effectively predict the BWFP and GWFP of oranges in arid regions.",https://link.springer.com/article/10.1007/s13201-025-02725-6
101,Transforming ESG Analytics With Machine Learning: A Systematic Literature Review Using TCCM Framework,Richard Yeaw Chong Seow,23-Jul-25,"Abstract

ABSTRACT
The integration of machine learning into environmental, social, and governance (ESG) research has gained significant traction, offering advanced predictive capabilities, enhanced decision-making, and improved transparency in sustainable finance. Despite a growing body of literature, no systematic effort has been made to comprehensively map the intersection of ESG and machine learning. This study conducts a systematic literature review, synthesizing insights from 57 high-quality articles published between 2004 and 2024 on the Web of Science and Scopus. Employing bibliometric analysis, thematic analysis, and the TCCM framework, this study identifies dominant research themes, methodological advancements, and persistent gaps in ESG-machine learning literature. Findings reveal the increasing application of machine learning in ESG score prediction, risk assessment, investment decision-making, and controversy detection while highlighting key challenges such as data standardization, model explainability, and algorithmic bias. Random Forest consistently demonstrated the highest prediction accuracy across several studies. This study offers valuable implications for academics, practitioners, and policymakers, providing a structured foundation for advancing ESG analytics and fostering responsible artificial intelligence-driven sustainability strategies.",https://onlinelibrary.wiley.com/doi/abs/10.1002/csr.70089
102,Utilizing machine learning algorithms for cardiovascular disease prediction: “Detailed analysis based on medical parameters”,"Mahesh Kumar Joshi, Deepak Dembla, Suman Bhatia",2025,"Abstract

Utilizing machine learning algorithms for cardiovascular disease prediction: “Detailed analysis based on medical parameters”, Joshi, Mahesh Kumar, Dembla, Deepak, Bhatia, Suman",https://iopscience.iop.org/article/10.1016/j.medengphy.2025.104347/meta
103,A Machine Learning-Based Model for Predicting Credit Facility Defaulters in Uganda,Muddu George,2024,"Abstract

Predicting credit facility defaulters in Uganda poses a significant challenge, particularly for individuals lacking formal banking histories. This study aims to address this gap by leveraging machine learning techniques on a diverse set of financial data, including mobile money transactions, FinTech services, and traditional banking records. By developing a more inclusive creditworthiness assessment tool, we seek to enhance financial inclusion for underserved populations. Several machine learning algorithms to predict loan defaults were evaluated, including Logistic Regression, Support Vector Machines (SVM), and Extreme Gradient Boosting (XGBoost). The XGBoost model emerged as the most effective, achieving an accuracy of 95.23%, a recall of 73.32%, a precision of 94.11%, and an AUC of 0.8119. In contrast, the Logistic Regression model attained an accuracy of 89.53%, with a significantly lower recall of 43.24% and precision of 66.59%. The SVM model performed moderately, with an accuracy of 93.21% and a recall of 62.80%, but it still fell short compared to XGBoost. The findings highlight the potential of advanced machine learning models like XGBoost to significantly improve credit scoring systems. By providing a more accurate and inclusive tool for credit evaluation, financial institutions and policymakers can better identify potential defaulters, mitigate loan defaults, and foster economic growth among underserved communities",https://ir.kiu.ac.ug/items/3c4bc5be-7e84-4926-b6d4-7a82ffa88610
104,Hybrid light gradient boosting model-metaheuristic optimization framework with NASA POWER data for tropical streamflow prediction,"Azlan Saleh, Mou Leong Tan, Fadzli Mohamed Nazri, Zaher Mundher Yaseen, Fei Zhang",16-Jun-26,"ABSTRACT
Accurate streamflow prediction is vital for water resource management, particularly in data-scarce tropical regions. This study develops a hybrid streamflow prediction framework that integrates the Light Gradient Boosting Model (LGBM) with metaheuristic optimization, feature selection techniques, and NASA POWER meteorological data for the Muda River Basin, Malaysia. The LGBM performed best with the Grey Wolf Optimizer (GWO) and Sequential Forward Selection (SFS) at Syed Omar Bridge (NSE = 0.83, RMSE = 20.38 m3/s, WI = 0.95, PBIAS = +2.93%), whereas at Ladang Victoria it achieved the highest accuracy using the Teaching–Learning-Based Optimizer (TLO) and Boruta feature selection method (NSE = 0.84, RMSE = 33.54 m3/s, WI = 0.95, PBIAS = −1.00%). Compared with baseline models, the optimized LGBM frameworks consistently reduced prediction errors, improved efficiency metrics, and minimized systematic bias. These findings demonstrate the potential of open-source, data-driven, optimized machine learning models for reliable streamflow prediction in tropical basins.",https://www.tandfonline.com/doi/abs/10.1080/02626667.2026.2674167
105,Estimated glucose disposal rate predicts frailty through diabetes: Evidence from machine learning and mediation models in NHANES,"Wentao Yang, Qian Cheng, Guoxin Huang, Hongming Lin",2025,"Abstract

Objective
As an emerging insulin resistance marker, the relationship between estimated glucose disposal rate (eGDR) and frailty needs further exploration. This study examines the eGDR-frailty link, develops a machine learning predictive model to address this gap, and explores diabetes mellitus (DM) as a mediator, providing new insights for clinical intervention.

Methods
Using National Health and Nutrition Examination Survey (NHANES) 2005–2010 data, we analyzed glucose disposal and frailty associations. Feature selection used LASSO, and class imbalance was handled by SMOTEN. The resampled data were split 7:3 into a training set (n = 29,309) and a test set (n = 12,561).Ten machine learning models were built, with discrimination, calibration, and clinical utility evaluated to identify the optimal model. Confusion matrices visualized performance. Mediation analysis assessed DM’s role in the eGDR-frailty relationship.

Results
Among 26,282 participants, eGDR negatively correlated with frailty. Higher eGDR significantly reduced frailty risk in subgroups: women, age ≤ 60, normal/high BMI, never/current smokers, and alcohol users. LASSO selected 12 predictors. Across 10 models, CatBoost performed best on the test set (AUC = 0.970, accuracy = 0.920, F1 = 0.918), with robust calibration and decision-curve net benefit. SHAP interpretation ranked eGDR among the most influential predictors: SHAP summary and dependence plots indicated that higher eGDR decreased the model’s predicted probability of frailty. Confusion matrices validated classification accuracy. Mediation analysis showed DM partially mediated the eGDR-frailty relationship: indirect effect β=−0.003 (95% CI −0.003 to −0.002; P < 0.001), mediation proportion = 8.71%.

Conclusion
This first NHANES-based study demonstrates a significant negative correlation between eGDR and frailty, confirming DM’s partial mediating role. The developed machine learning models effectively support early frailty risk assessment and intervention.",https://journals.plos.org/plosone/article?id=10.1371/journal.pone.0333388
106,Winning beyond scoring: an explainable machine learning framework for identifying key performance indicators in the Chinese Basketball Association,"Rui Dong, Yingkang Peng, Qing Liu, Miguel-Angel Gómez-Ruano, Shaoliang Zhang, Xiao Xu, Bin Yang, Hongyou Liu",10-Mar-26,"Abstract

Background
Understanding why teams win in professional basketball requires more than examining isolated statistics. Performance adapts under changing competitive constraints, and key performance indicators (KPIs) must therefore be interpreted within context. This study aimed to develop an explainable, multi-model machine learning (ML) framework to identify score-line dependent KPIs associated with winning outcomes in the Chinese Basketball Association (CBA).

Methods
A total of 3,249 games from the 2018–2022 CBA regular seasons were analyzed. Based on final score margin, games were classified into close (1–9 points) and balanced (10–18 points) contexts using k-means clustering. For each context, game-related statistics and play-type variables were initially screened using conventional statistical procedures. A dual-stage feature selection process combining lasso and stepwise logistic regression retained indicators consistently selected by both models. Ten commonly used ML classifiers were then trained and evaluated using nested cross-validation. Rather than benchmarking predictive accuracy alone, a convergence-based strategy was adopted, treating KPI relevance consistently identified across classifiers as stronger structural evidence. Shapley Additive exPlanations (SHAP) were used to quantify the magnitude and direction of each KPI's contribution within the top-performing classifiers.

Results
Model performance differed across score-line contexts. In close games, the BP neural network, support vector machine, and logistic regression achieved the best performance (accuracy: 71.2%–76.4%; AUC: 0.80–0.83), while tree-based ensemble classifiers (e.g., XGBoost, CatBoost, and LightGBM) showed superior discrimination in balanced games (accuracy: 83.9%–86.7%, AUC: 0.92–0.93). SHAP analysis revealed distinct context-dependent KPI structures. Close game wins were characterized by greater defensive rebounding and fewer turnovers, defensive fouls, and missed perimeter attempts. Screen-off made actions emerged as the only retained play-type indicator. Balanced games displayed a broader KPI structure involving higher relevance of rebounding, contested field-goal efficiency, steals, and play-type behaviors including screen-off, pick-and-roll roller, and pick-and-pop actions.

Conclusion
Winning outcomes in the CBA depend less on scoring volume alone and more on how teams regulate coordination and possession stability under different score-line constraints. Close games favor defensive integrity and the control of destabilizing events, while balanced games reward sustained possession management and diversified off-ball coordination. These findings provide actionable guidance for context-sensitive training design and tactical decision-making in professional basketball.",https://link.springer.com/article/10.1186/s13102-026-01620-0
107,"Recent Trends in Machine Learning, Deep Learning, Ensemble Learning, and Explainable Artificial Intelligence Techniques for Evaluating Crop Yields Under Abnormal Climate Conditions","Ji Won Choi, Mohamad Soleh Hidayat, Soo Been Cho, Woon-Ha Hwang, Hoonsoo Lee, Byoung-Kwan Cho, Moon S. Kim, Insuck Baek, Geonwoo Kim",11-Sep-25,"Abstract

Crop yield prediction (CYP) has become increasingly critical in addressing the adverse effects of abnormal climate and enhancing agricultural productivity. This review investigates the application of advanced Artificial Intelligence (AI) techniques including Machine Learning (ML), Deep Learning (DL), Ensemble Learning, and Explainable AI (XAI) to CYP. It also explores the use of remote sensing and imaging technologies, identifies key environmental factors, and analyzes the primary causes of yield reduction. A wide diversity of input features was observed across studies, largely influenced by data availability and specific research goals. Stepwise feature selection was found to be more effective than increasing feature volume in improving model accuracy. Frequently used algorithms include Random Forest (RF) and Support Vector Machines (SVM) for ML, Artificial Neural Networks (ANNs) and Convolutional Neural Networks (CNNs) for DL, as well as stacking-based ensemble methods. Although XAI remains in the early stages of adoption, it shows strong potential for interpreting complex, multi-dimensional CYP models. Hyperspectral imaging (HSI) and multispectral imaging (MSI), often collected via drones, were the most commonly used sensing techniques. Major factors contributing to yield reduction included atmospheric and soil-related conditions under abnormal climate, as well as pest outbreaks, declining soil fertility, and economic constraints. Providing a comprehensive overview of AI-driven CYP frameworks, this review offers insights that support the advancement of precision agriculture and the development of data-informed agricultural policies.",https://www.mdpi.com/2223-7747/14/18/2841
108,Exploring Prognostic Gene Factors in Breast Cancer via Machine Learning,"QingLan Ma, Lei Chen, KaiYan Feng, Wei Guo, Tao Huang, Yu-Dong Cai",21-Feb-24,"Abstract
Breast cancer remains the most prevalent cancer in women. To date, its underlying molecular mechanisms have not been fully uncovered. The determination of gene factors is important to improve our understanding on breast cancer, which can correlate the specific gene expression and tumor staging. However, the knowledge in this regard is still far from complete. Thus, this study aimed to explore these knowledge gaps by analyzing existing gene expression profile data from 3149 breast cancer samples, where each sample was represented by the expression of 19,644 genes and classified into Nottingham histological grade (NHG) classes (Grade 1, 2, and 3). To this end, a machine learning–based framework was designed. First, the profile data were analyzed by using seven feature ranking algorithms to evaluate the importance of features (genes). Seven feature lists were generated, each of which sorted features in accordance with feature importance evaluated from a special aspect. Then, the incremental feature selection method was applied to each list to determine essential features for classification and building efficient classifiers. Consequently, overlapping genes, such as AURKA, CBX2, and MYBL2, were deemed as potentially related to breast cancer malignancy and prognosis, indicating that such genes were identified to be important by multiple feature ranking algorithms. In addition, the study formulated classification rules to reflect special gene expression patterns for three NHG classes. Some genes and rules were analyzed and supported by recent literature, providing new references for studying breast cancer.",https://link.springer.com/article/10.1007/s10528-024-10712-w
109,Machine learning and shap-based prediction of multifactor thermal-oxidative aging behavior in glass fiber reinforced polyamide6,"Hui Zhan#, Jie Liu#, Tongfei Shi",2026,"Abstract

In this study, glass fiber-reinforced polyamide 6 (PA6-GF) was selected as a representative system to establish a predictive framework for thermal-oxidative aging behavior. Through nonlinear fitting of traditional empirical models followed by the evaluation of twelve machine learning algorithms, it was found that the conventional models exhibited limited predictive accuracy and generalization capability, whereas the machine learning approaches were able to more effectively capture the complex nonlinear interactions among temperature, oxygen partial pressure, specimen thickness, and aging time. To further elucidate the underlying mechanisms, SHapley Additive exPlanations (SHAP) analysis was employed, highlighting the distinct roles and relative contributions of aging time, oxygen partial pressure, temperature, and thickness in governing the thermal-oxidative aging process. These findings enhance the understanding of multi-factor aging mechanisms and provide practical guidance for improving the long-term durability and reliability of engineering components operating under complex service conditions.",https://www.oaepublish.com/articles/jmi.2025.81
110,Applications of Machine Learning in Food Safety and HACCP Monitoring of Animal-Source Foods,"Panagiota-Kyriaki Revelou, Efstathia Tsakali, Anthimia Batrinou, Irini F. Strati",8-Mar-25,"Abstract

Integrating advanced computing techniques into food safety management has attracted significant attention recently. Machine learning (ML) algorithms offer innovative solutions for Hazard Analysis Critical Control Point (HACCP) monitoring by providing advanced data analysis capabilities and have proven to be powerful tools for assessing the safety of Animal-Source Foods (ASFs). Studies that link ML with HACCP monitoring in ASFs are limited. The present review provides an overview of ML, feature extraction, and selection algorithms employed for food safety. Several non-destructive techniques are presented, including spectroscopic methods, smartphone-based sensors, paper chromogenic arrays, machine vision, and hyperspectral imaging combined with ML algorithms. Prospects include enhancing predictive models for food safety with the development of hybrid Artificial Intelligence (AI) models and the automation of quality control processes using AI-driven computer vision, which could revolutionize food safety inspections. However, handling conceivable inclinations in AI models is vital to guaranteeing reasonable and exact hazard assessments in an assortment of nourishment generation . Moreover, moving forward, the interpretability of ML models will make them more straightforward and dependable. Conclusively, applying ML algorithms allows real-time monitoring and predictive analytics and can significantly reduce the risks associated with ASF consumption.",https://www.mdpi.com/2304-8158/14/6/922
111,OA Identification of Key Features Pivotal to the Characteristics and Functions of Gut Bacteria Taxa through Machine Learning Methods,"ZhanDong Li, QingLan Ma, Hao Li, Lin Lu, Lei Chen, Wei Guo, KaiYan Feng, Tao Huang, Yu-Dong Cai",2025,"Abstract

Methods:",https://www.benthamdirect.com/content/journals/cgt/10.2174/0115665232367064250630202337
112,Interpretable machine learning approach for predicting COVID-19 risk status of an individual,A Onoja,2021,"Abstract
This study aimed to ascertained using Statistical feature selection methods and interpretable Machine learning models, the best features that predict individuals' risk status (""Low"", ""Medium"", ""High"") to COVID-19 infection. This study utilizes a publicly available dataset obtained via; online web-based risk assessment calculator to ascertain the risk status of COVID-19 infection. 57 out of 59 features were first filtered for multicollinearity using the Pearson correlation coefficient and further shrunk to 55 features by the LASSO GLM approach. SMOTE resampling technique was further used to overcome the problem of imbalanced class distribution in the dataset. Interpretable ML algorithms (Logistic Regression, Decision tree, and Random Forest classifiers) were implored during the classification phase. The best classifier prediction was saved as a new instance and perturbed using a single Decision tree classifier. To further build trust and explainability of the best model, the XGBoost classifier was used as a global surrogate model to train predictions of the best model. The XGBoost individual's explanation was done using the SHAP explainable AI framework. Random Forest classifier emerged as the best model classifier with a validation accuracy score of 96.35 % from 55 features reduced by feature selection. The decision tree classifier approximated the best classifier correctly with a prediction accuracy score of 92.23 % and Matthew's correlation coefficient of 0.8960. The XGBoost classifier approximated the best classifier model with a prediction score of 99.7 %. This study identified COVID-19 positive, COVID-19 contacts, COVID-19 symptoms, Health workers, and Public transport count as the five most consistent features that predict an individual's risk exposure to COVID-19.

",https://www.academia.edu/download/67825250/edited_manuscript_Onoja_Mary_Ayesan_reviewed_corrected.pdf
113,Machine learning boosted design of ionic liquid-based deep eutectic solvents for CO2 capture,"Ruina Zhang, Guokai Cui, Guoxiong Zhan, Mengyi Ma, Xiaochun Zhang, Xiangping Zhang, Hanfeng Lu",2026,"Abstract

The escalating atmospheric CO2 concentration demands sustainable and scalable carbon capture technologies. Deep eutectic solvents (DESs), especially those based on ionic liquids (ILs), offer a green and tunable alternative to conventional absorbents. However, their virtually infinite chemical space makes exhaustive experimental screening impossible. Artificial intelligence (AI) has emerged as a promising tool to bypass trial-and-error approaches by enabling high-throughput virtual screening and the discovery of structure–property relationships. This review provides a systematic analysis of recent advances from 2020 to 2025 in machine learning (ML) driven design of DESs for CO2 capture. A comprehensive database of CO2 absorption data for DESs reported during 2008–2025 is compiled, covering a wide range of chemical compositions and operating conditions. Feature engineering strategies are surveyed, ranging from basic molecular descriptors to advanced quantum chemical and COSMO-RS derived features. A multi-dimensional evaluation framework is introduced that assesses model performance not only in terms of predictive accuracy but also in terms of generalization capability and interpretability. The evolution of ML models from linear and kernel methods to ensemble trees and neural networks is critically discussed, with ensemble tree models (e.g., CatBoost and XGBoost) highlighted as the dominant approaches due to their generally high predictive accuracy and interpretability. Finally, key challenges such as data sparsity, model extrapolation, and integration with process simulation are identified, and future directions are proposed, including active learning platforms, physics-informed models, and generative design across scales. This review offers a systematic technical reference and a methodology to guide the intelligent design of next-generation absorbents for CO2 capture.",https://pubs.rsc.org/gc/article-abstract/28/24/9959/1224023
114,Machine Learning in Healthcare Analytics: A State-of-the-Art Review,"Surajit Das, Samaleswari P. Nayak, Biswajit Sahoo, Sarat Chandra Nayak",4-Apr-24,"Abstract
The use of machine learning (ML) models have become a crucial factor in the growing field of healthcare, ushering in a new era of medical research and diagnosis. This study rigorously reviews research publications published in reputable journals during the last five years. The pace and dynamic nature of machine learning in the healthcare domains demonstrated by the arduous criteria, which are used to sort through these articles. Disease-centric analysis uncovered a wide range of deep learning and machine learning models which are designed to address particular medical problems. Convolutional neural networks (CNNs), one of the most complex deep learning architectures, coexist with more conventional statistical models like logistic regression and support vector machines. CNNs are particularly prominent when it comes to disorders that need picture processing, which highlights the significant influence of deep learning in deciphering complex medical patterns. The popularity of ensemble methods, such as Random Forest, Gradient Boosting, and AdaBoost, indicates that their ability to combine predictive capability and strengthen model resilience is well acknowledged. Hybrid techniques, which integrate the advantages of many models, provide novel approaches to tackle distinct healthcare problems. This research also sheds light on a nuanced approach for model selection, wherein deep learning models performs well with huge datasets and image analysis, while statistical and ensemble models provides better results with numerical and categorical data. The adaptability needed in healthcare analytics is shown by hybrid models, which frequently combine standard models for classification with deep learning for feature extraction. The present review can endow problems related to ML in healthcare domain, possible solutions, potential directions and some knowledge to the researchers working in this field.",https://link.springer.com/article/10.1007/s11831-024-10098-3
115,Machine learning based model for the early detection of Gestational Diabetes Mellitus,"Hesham Zaky, Eleni Fthenou, Luma Srour, Thomas Farrell, Mohammed Bashir, Nady El Hajj, Tanvir Alam",13-Mar-25,"Abstract

Background
Gestational Diabetes Mellitus (GDM) is one of the most common medical complications during pregnancy. In the Gulf region, the prevalence of GDM is higher than in other parts of the world. Thus, there is a need for the early detection of GDM to avoid critical health conditions in newborns and post-pregnancy complexities of mothers.

Methods
In this article, we propose a machine learning (ML)-based techniques for early detection of GDM. For this purpose, we considered clinical measurements taken during the first trimester to predict the onset of GDM in the second trimester.

Results
The proposed ensemble-based model achieved high accuracy in predicting the onset of GDM with around 89% accuracy using only the first trimester data. We confirmed biomarkers, i.e., a history of high glucose level/diabetes, insulin and cholesterol, which align with the previous studies. Moreover, we proposed potential novel biomarkers such as HbA1C %, Glucose, MCH, NT pro-BNP, HOMA-IR- (22.5 Scale), HOMA-IR- (405 Scale), Magnesium, Uric Acid. C-Peptide, Triglyceride, Urea, Chloride, Fibrinogen, MCHC, ALT, family history of Diabetes, Vit B12, TSH, Potassium, Alk Phos, FT4, Homocysteine Plasma LC-MSMS, Monocyte Auto.

Conclusion
We believe our findings will complement the current clinical practice of GDM diagnosis at an early stage of pregnancy, leading toward minimizing its burden on the healthcare system.Source code is available in GitHub at: https://github.com/H-Zaky/GD.git",https://link.springer.com/article/10.1186/s12911-025-02947-3
116,Customer Churn Prediction in Banking–Machine Learning Application,"Hien Thi Thu Hoang, Trieu Viet Dang, Linh Thuy Dang Do",28-Jul-26,"Abstract
This study applies machine learning to predict customer churn in commercial banking, using a publicly available dataset of 10,000 customers from Kaggle, comprising 14 demographic, behavioural and account-level features with an approximate 4:1 class imbalance ratio between nonchurners and churners. The 7 classifiers (logistic regression, decision tree, random forest, support vector machine, K-nearest neighbours, LightGBM and XGBoost) were tested on five performance metrics: precision, recall, F1-score, AUC-ROC and MCC. To address class imbalance, we applied SMOTE + ENN to the training set following data partitioning, while the test set retained its original distribution for unbiased evaluation. The optimisation of hyperparameters was done using Grid Search with stratified cross-validation. In addition to predictive benchmarking, this study proposes a three-level business analytics framework: Layer 1 filters significant churn predictors using permutation feature importance; Layer 2 utilizes K-means to categorize users into interpretable risk tiers; and Layer 3 leverages a bank-specific cost matrix to identify the optimal threshold that maximizes net financial value. Random forest outperformed other classifiers, achieving the highest AUC-ROC, F1-score and MCC, potentially the most effective model for customer churn prediction. The proposed framework provides a pipeline for commercial banks to move from a reactive to a proactive customer retention. Moreover, it provides an interpretable model and is both computationally efficient and practical, given the operational constraints of commercial banking. This framework can be extended in future work by leveraging longitudinal data at the transaction level with sequential techniques for better prediction regarding “when” customers actually churn.",https://onlinelibrary.wiley.com/doi/abs/10.1155/acis/8889093
117,Machine Learning-Based Identification of Candidate Serum miRNA Features for Pan-Cancer and Cancer Type Classification,"Kaiyan Feng, Yusheng Bao, Jingxin Ren, Wei Guo, Deling Wang, Tao Huang, Yu-Dong Cai",20-May-26,"Abstract

MicroRNA (miRNA) regulation plays a pivotal role in intracellular gene expression. Analysis of miRNA profiles can provide critical insights into disease states. As cancer-associated molecules reported in previous studies, miRNAs may serve as candidate classificatory features for exploratory cancer classification. This research analyzed serum miRNA data from patients with 13 solid cancer types and individuals without cancer. The study comprised two distinct analyses: first, stratifying the dataset into cancer and non-cancer groups to identify miRNAs differentially represented in cancer patients; and second, subdividing the cancer patient data into 13 predefined solid-cancer types to identify candidate miRNA features that discriminate among these cancer types. We employed seven feature-ranking algorithms to evaluate miRNA contributions in both analyses and generate feature lists. Each list was examined using an incremental feature selection method to extract essential miRNAs and build good-performing classification models. Several candidate miRNAs were identified for distinguishing pan-cancer samples from non-cancer ones: miR-4783-3p has been linked to associated with the regulation of endocrine cell differentiation, and miR-663a has been reported in hepatocellular carcinoma and thyroid carcinoma. The analysis also highlighted miRNAs that differentiate solid cancer types, including miR-629-3p, reported to be upregulated in lung and breast cancer, and miR-6087, reported to be downregulated in osteosarcoma and bladder cancer.",https://www.mdpi.com/2075-1729/16/5/850
118,Machine Learning Crime Prediction Models and the Gap Between Research and Implementation: A Systematic Review,"Ricardo Huamantingo, Miguel Cano-Lengua, Ciro Rodriguez",2025,"Abstract

A crime is an illegal or violent act committed by one individual against another. The increasing crime rate has become a major concern as it negatively affects people's quality of life and generates significant social and economic costs. This study aims to identify the most widely used machine learning (ML) models for crime prediction, determine evaluation metrics for assessing model performance, and analyze key data characteristics to enhance real-world implementation. The study follows the Preferred Reporting Items for Systematic Reviews and Meta-Analyses (PRISMA) methodology. A search string was formulated using the population, intervention, comparison, and outcomes (PICO) framework and applied to the Scopus and Web of Science database. After applying eligibility criteria, 50 articles were selected for in depth analysis. The findings indicate that the most prominent ML models include extreme gradient boosting (XGBoost), random forest (RF), gradient boosting decision trees (GBDT), and auto-regressive integrated moving average (ARIMA), as well as deep learning models such as long short-term memory (LSTM), which showed high performance in dynamic urban environments. The most relevant metrics for classification are accuracy, recall, F1-score, precision, and area under the curve (AUC), while for regression, mean absolute error (MAE), root mean squared error (RMSE), and R-squared (R2 ) are preferred. Key data features include date, time, age, gender, education level, location, and coordinates. Additionally, integrating climate and temperature data is recommended. This study provides a structured analysis of crime prediction models and proposes an architecture for their development and deployment, offering valuable insights for future research and practical applications.",https://kijoms.uokerbala.edu.iq/home/vol11/iss3/11/
119,Prediction Models for Psychological Distress in Patients With Malignant Tumors: A Scoping Review,"Huangli Chen, Wenjing Zhang, Xinyu Li, Junyi Li, Xiaodong Ning, Xueqin Yang",8-Jul-26,"Abstract

ABSTRACT

Objective
Psychological distress is common among patients with malignant tumors and adversely affects treatment adherence and quality of life. Numerous prediction models have been developed to identify high-risk patients, yet few have been implemented clinically. This scoping review synthesizes the development methods, performance, validation methods, and limitations of existing models to inform future research and support clinical translation.

Methods
Following the Joanna Briggs Institute (JBI) methodology, eight databases were searched from inception to June 10, 2026. Two reviewers independently conducted screening, data extraction, and quality assessment.

Results
Thirteen studies involving 26 prediction models were included. Logistic Regression (LR), Random Forests (RF), eXtreme Gradient Boosting (XGBoost), and Artificial Neural Network (ANN) were the most common development methods. Reported sensitivities ranged from 0.518 to 0.968, specificities from 0.651 to 1.000, and Areas Under the Curve (AUCs) from 0.673 to 1.000. Thirteen studies underwent internal validation only; none underwent external validation, and all were rated as high risk of bias. Frequently included predictors were tumor stage, sleep quality, pain degree, age, financial problems, and coping style. Nomograms and web-based calculators were the predominant presentation formats.

Conclusion
Although models developed using XGBoost, RF, and ANN reported high performance, these findings are likely inflated due to small sample sizes, low Events Per Variable (EPV), and lack of external validation. Future research should strengthen methodological rigor, increase sample sizes, and conduct external validation to support clinical adoption.",https://onlinelibrary.wiley.com/doi/abs/10.1002/pon.70540
120,"Lung Cancer Prediction Using Machine Learning on Structured Clinical Data: A Systematic Review of Diagnosis, Risk, and Survival Models","Towhidul Islam, Safa Asgar, Sajjad Mahmood",2025,"Abstract

Context: Lung cancer is a leading cause of cancer-related mortality world- wide. While machine learning (ML) offers significant potential for improving prediction tasks, comprehensive reviews synthesizing its application across the full spectrum of lung cancer prediction—from diagnosis and risk to sur- vival—using structured data are scarce. 

Objective: This systematic review aims to comprehensively analyze ML techniques for three key lung cancer prediction tasks—diagnosis, risk assessment, and survival analysis—using structured or tabular data sources. Method: We followed the PRISMA 2020 guidelines, systematically searching five databases (PubMed, Scopus, IEEE Xplore, ACM Digital Library, Science Direct) for studies published by August 2025. From an initial 772 records, 42 studies met our inclusion criteria, which mandated the use of structured data and ML models for pre- diction. 

Results: Ensemble methods, particularly XGBoost and Random Forest, were the most prevalent and high-performing models across all tasks. However, performance was highly task-dependent. Key predictive features included demographics, clinical parameters, and lifestyle factors. Datasets were also task-specific: SEER and NLST for diagnosis; population registries (e.g., Danish) for risk; and SEER and TCGA for survival. Common val- idation techniques included holdout and cross-validation, with SHAP and LIME emerging as dominant interpretability tools. While many studies re- ported high performance (e.g., accuracies up to 99%), these results must be interpreted with caution due to dataset imbalances and a general lack of external validation. 

Conclusion: This review provides a structured syn- thesis of ML applications across the lung cancer prediction continuum. It highlights the dominance of ensemble methods and the critical importance of task-specific data and modeling. The findings reveal a pressing need for more rigorous external validation, standardized reporting, and direct com- parison to established clinical models to foster the development of robust, clinically actionable ML tools.",https://www.preprints.org/manuscript/202512.0398
121,Accurate Cardiovascular Disease Prediction: Leveraging Opt_hpLGBM With Dual-Tier Feature Selection,"J. Jasmine Gabriel, L. Jani Anbarasi",2024,"Abstract

Reliable forecasting of cardiovascular disease (CVD) outcomes is crucial for efficient patient management. While machine learning (ML) holds promise for disease prediction, challenges arise, particularly with smaller clinical datasets. Feature engineering is essential in this context, as it involves analyzing missing values, managing outliers, and addressing multicollinearity. This process is key to identifying and eliminating unnecessary features from the dataset. To tackle this, a scalable ML based Dual-Tier feature selection framework called ANOVA Chi-Squared (AnoX2) is proposed, utilizing a hybrid statistical method. The framework integrates validation using five different ML classifiers with the selected features from AnoX2. The proposed model Opt_hpLGBM (Optuna hyperparameter tuned Light Gradient Boost Machine) along with AnoX2 feature selection exhibits outstanding performance across four publicly available datasets, consistently achieving remarkable accuracy. For instance, it achieves 94.87% accuracy in the Cleveland dataset with 8 features, 95.12% in the Statlog dataset with the same number of features, 92.81% accuracy with 7 features in the heart disease dataset, and an impressive 98.85% accuracy in the z-Alizadeh Sani dataset with 12 features. These results exceed current benchmarks, establishing it as an industry leader in terms of the number of features utilized, accuracy, precision, recall, F1 score, and log loss metrics. With its potential for early diagnosis and treatment, this innovative framework can transform healthcare, significantly reducing mortality rates associated with cardiovascular disease.",https://ieeexplore.ieee.org/abstract/document/10699320/
122,Advances in Cancer Through Machine Learning Models,"R Cosmina-Mihaela, A Stancu, AG Brezoi",2026,"The integration of machine learning (ML) algorithms in oncology creates a new path for
prognosis, early diagnosis, prevention, and treatment customization. However, large-scale
clinical implementation is difficult due to the lack of standardized assessments and the
variation in reported performance. A systematic review of the most recent research on ML
applications in oncology (1 January 2020–31 December 2025) was conducted. The databases
employed are Web of Science, Scopus, and PubMed. Filters applied for open-access articles
that were simultaneously indexed and had numerical data in the abstract. From an initial
of 13,292 articles, successive selection according to the PRISMA diagram resulted in a
final set of 1364 studies. These were analyzed from four perspectives: the types of cancer
investigated, the characteristics of the datasets (reproducibility and generalizability), the
ML models used, and the performance achieved (accuracy, precision, recall, F1-score, and
AUC). There is high interest in breast cancer (350 articles), colorectal cancer (337 articles),
and lung cancer (151 articles), with frequent use of the databases The Cancer Genome Atlas
(133 studies), Gene Expression Omnibus (94 studies), and Surveillance, Epidemiology, and
End Results (72 studies). The Random Forest model proved to be predominant due to its
tolerance for incomplete data. Reported performance varies considerably between cancer
types and even within the same type. This analysis demonstrates the potential of ML
methods for deciphering genomic alterations and supports the development of integrated
personalized medicine approaches in oncology",https://www.researchgate.net/profile/Adrian-Stancu-2/publication/401252841_Advances_in_Cancer_Through_Machine_Learning_Models/links/69a5c475c7bd2e79e78ac17f/Advances-in-Cancer-Through-Machine-Learning-Models.pdf
123,Gradient Boosted Trees on Transcriptomics: Diagnosis of Acute Myeloid Leukaemia,I Soulioti,2021,"Acute myeloid leukaemia (AML) is a type of cancer which mostly occurs in adults with
occasionally lack of symptoms. It is characterized by proliferative, abnormally differentiated
and infrequently poorly differentiated hemopoietic cells (Döhner et al., 2015). It affects 0.3
to 5.3 per 100000 people around the world each year. If the AML patients do not undergo
treatment, the median survival is approximately 2 months (Sekeres et al., 2004). Its quick
diagnosis is very important and can benefit the overall survival (Mottal et al., 2020).
The current diploma thesis describes the work of Angelakis & Soulioti, 2021. Machine learning
techniques are applied on transcriptomics data in order to develop a new screening tool
which could predict if an individual has AML or is healthy. More specifically, a state-of-the-art
machine learning algorithm which belongs to the category of gradient boosted trees,
CatBoost, is applied on gene expression microarray datasets that consist of 3374 individuals,
AML patients and healthy subjects, and 34 probe sets as features (CatBoost34) and a subset
of 3374 subjects which consists of 2177 individuals, their age and 26 probe sets as features
(CatBoost26). The performance of CatBoost26 model is the best one in the literature as
regards the prediction of AML using similar or not data.",https://pergamos.lib.uoa.gr/uoa/dl/object/2963114/file.pdf
124,A Review of Neuro-ML Breakthroughs in Addressing Neurological Disorders,"Cosmina-Mihaela Rosca, Adrian Stancu",13-May-25,"Abstract

This research aims to explore the interdisciplinary connection between the field of neurology and artificial intelligence (AI) through machine learning (ML) algorithms. The central objective is to evaluate the current state of research in the Neuro-ML field and identify gaps in the literature that require additional approaches. To achieve this objective, 10 analyses were introduced that analyze the distribution of articles based on keywords, countries, years, publishers, and ML algorithms used in the context of neurological diseases. Surveys were also conducted to identify the diseases most frequently studied through ML algorithms. Thus, it was found that Alzheimer’s disease (37 articles for Support Vector Regression—SVR; 31 for Random Forest—RF), Parkinson’s disease (46 articles for SVM and 48 for RF), and multiple sclerosis (9 articles for SVM) are the most studied diseases in the field of Neuro-ML. The study analyzes Alzheimer’s, Parkinson’s, and multiple sclerosis in detail by focusing on diagnosis. The overall results highlight an increase in researchers’ interest in applying ML in neurology, with models such as SVM (597 articles), Artificial Neural Network (525 articles), and RF (457 articles) being the most used. The results highlighted three major gaps: the underrepresentation of rare diseases, the lack of standardization in evaluating the performance of ML models, and the lack of exploration of algorithms with greater implementation difficulty, such as Extreme Gradient Boosting and Multilayer Perceptron. The value analysis of the performance metrics of ML models demonstrates the ability to correctly classify neuro-degenerative diseases, with high accuracy in some cases (for example, 97.46% accuracy in Alzheimer’s diagnosis), but there may still be improvements. Future directions include exploring rare diseases, investigating underutilized algorithms, and developing standardized protocols for evaluating the performance of ML models, which will facilitate the comparison of results across different studies.",https://www.mdpi.com/2076-3417/15/10/5442
125,Systematic review and topic classification of soft computing and machine learning in water resources management,"Maria Drogkoula, Nicholas Samaras, Omiros Iatrellis, Eftihia Nathanail, Konstantinos Kokkinos",25-Aug-25,"Abstract
This paper aims to explore trends in the application of big data and Machine Learning (ML) in Water Resources Management (WRM) by categorizing research studies into distinct scientific subfields. A comprehensive analysis was performed on articles published between 2018 and 2024. Leveraging a dataset of 6,430 collected papers, 173 articles were evaluated using bibliometric techniques to track the development of academic interest and recognize pivotal studies. Our suggested unsupervised classification model established categories and organized relevant articles according to their specific scientific focus, using keywords extracted from titles, abstracts, and author-defined keywords, with stop-words excluded. The model achieved a validation accuracy of 90.16% through the Multinomial Naïve Bayesian (MNB), 86.54% Random Forest (RF) and 84.61% Support Vector Machine (SVM) approaches. The analysis revealed 10 distinct research topics, emphasizing WRM and innovative city applications as leading categories. This study contributes to the literature by introducing a methodology for analyzing existing research, uncovering emerging scientific areas within WRM, and highlighting potential avenues for future investigation.",https://link.springer.com/article/10.1007/s43621-025-01832-3
126,Integration of Machine Learning and Remote Sensing for Water Quality Monitoring and Prediction: A Review,"Shashank Mohan, Brajesh Kumar, A. Pouyan Nejadhashemi",26-Jan-25,"Abstract

Aquatic ecosystems play a crucial role in sustaining life and supporting key green and blue economic sectors globally. However, the growing population and increasing anthropogenic pressures are significantly degrading terrestrial water resources, threatening their ability to provide essential socioeconomic services. To safeguard these ecosystems and their benefits, it is critical to continuously monitor changes in water quality. Remote sensing technologies, which offer high-resolution spatial and temporal data over large geographic areas, including surface water bodies, have become indispensable for these monitoring efforts. They enable the observation of various physical, chemical, and biological water quality indicators, which are essential for assessing ecosystem health. Machine learning algorithms are well suited to handle the complex and often non-linear relationships between remote sensing data and water quality parameters. By integrating remote sensing with machine learning techniques, it is possible to develop predictive models that enhance the accuracy and efficiency of water quality assessments. These models can identify and predict trends in water quality, supporting timely interventions to protect aquatic ecosystems. This paper provides a thorough review of the major remote sensing techniques for estimating water quality indicators (e.g., chlorophyll-a, turbidity, temperature, total nitrogen and total phosphorous, dissolved organic, total suspended solids, dissolved oxygen, and hydrogen power). It examines how machine learning can improve water quality assessments. Additionally, it identifies key research gaps in current methodologies and suggests future directions to address challenges in water quality monitoring, aiming to improve the precision and scope of these critical efforts.",https://www.mdpi.com/2071-1050/17/3/998
127,"Predictive analytics in heart failure risk, readmission, and mortality prediction: A review","QA Hidayaturrohman, E Hanada, E HANADA",2024,"Abstract

Heart failure is a leading cause of death among people worldwide. The cost of treatment can be prohibitive, and early prediction of heart failure would reduce treatment costs to patients and hospitals. Improved readmission prediction would also greatly help hospitals, allowing them to manage their treatment programs and budgets better. This literature review aims to summarize recent studies of predictive analytics models that have been constructed to predict heart failure risk, readmission, and mortality. Random forest, logistic regression, neural networks, and XGBoost were among the most common modeling techniques applied. Most selected studies leveraged structured electronic health record data, including demographics, clinical values, lifestyle, and comorbidities, with some incorporating unstructured clinical . Preprocessing through imputation and feature selection were frequently employed in building the predictive analytics models. The reviewed studies exhibit demonstrated promise for predictive analytics in improving early heart failure diagnosis, readmission risk stratification, and mortality prediction. This review study highlights rising research activities and the potential of predictive analytics, especially the implementation of machine learning, in advancing heart failure outcomes. Further rigorous, comprehensive syntheses and head-to-head benchmarking of predictive models are needed to derive robust evidence for clinical adoption. Categories: Cardiology, Healthcare Technology",https://www.cureus.com/articles/308264-predictive-analytics-in-heart-failure-risk-readmission-and-mortality-prediction-a-review.pdf
128,Artificial Intelligence and Machine Learning in the Diagnosis and Prognosis of Diseases Through Breath Analysis: A Scoping Review,"Christos Kokkotis, Serafeim Moustakidis, Stefan James Swift, Flora Kontopidou, Ioannis Kavouras, Anastasios Doulamis, Stamatios Giannoukos",10-Nov-25,"Abstract

Breath analysis is a non-invasive diagnostic method that offers insights into both physiological and pathological conditions. Exhaled breath contains volatile organic compounds, which act as biomarkers for disease detection, allowing for the monitoring of treatments and the tailoring of medicine to individuals. Recent advancements in chemical sensing, mass spectrometry, and spectroscopy have improved the ability to identify these biomarkers; however, traditional statistical approaches often struggle to handle the complexities of breath data. Artificial intelligence (AI) and machine learning (ML) have revolutionized breath analysis by uncovering intricate patterns among volatile breath markers, enhancing diagnostic precision, and facilitating real-time disease identification. Despite significant progress, challenges remain, including issues with data standardization, model interpretability, and the necessity for extensive and varied datasets. This study reviews the applications of ML in analyzing breath volatile organic compounds, highlighting methodological shortcomings and obstacles to clinical validation. A thorough literature review was performed using the PubMed and Scopus databases, which included studies that focused specifically on the role of machine learning in disease diagnosis and incidence prediction via breath analysis. Among the 524 articles reviewed, 97 satisfied the specified inclusion criteria. The selected studies applied ML techniques, fell within the scope of this review, and emphasize the potential of ML models for non-invasive diagnostics. The findings indicate that traditional ML methods dominate, while ensemble methods are on the rise, and deep learning (DL) techniques (especially CNNs and LSTMs) are increasingly used for classifying respiratory diseases. Techniques for feature selection (such as PCA and ML-based methods) were frequently implemented, though challenges related to explainability and data standardization persist. Future studies should focus on enhancing model transparency and developing methods to further integrate AI into the clinical setting to facilitate early disease detection and advance precision medicine.",https://www.mdpi.com/2078-2489/16/11/968
129,Machine learning to predict adverse drug reaction or event based on electronic health records: a systematic review and meta-analysis,"Q Hu, X Li",2024,"Abstract

Introduction Machine learning (ML) for adverse drug reaction or event (ADR/ADE) prediction is emerging as the promising method for improving medical quality. We aimed to conduct a systematic review to comprehensively summarize ML prediction for ADR/ADE based on electronic health record (EHR). Materials and methods We systematically searched the PubMed, Web of Science, Embase, and IEEE Xplore databases from database inception to 21 Nov. 2023, to identify eligible studies. Any study that developed ML model to predict multiple ADR/ADE based on EHR was included in the nal review. The pooled sensitivity, specicity and their 95% CI were calculated. Binary accuracy data were extracted for meta-analysis to derive area under the curve (AUC). 

Results 5704 studies were identied, of which 10 studies met the inclusion criteria. Among the 20 ML methods reported in the including studies, Random Forest (RF) was reported the most (n=9), followed by Adaboost (n=4), eXtreme Gradient Boosting (n=3) and support vector machine (n=3). The mean AUC for ML prediction was 75.71% (26.00-94.57). RF combined with resampling based approaches might get high AUC, the mean was 82.92% (94.48-94.57). The length of stay, number of drugs, admission type, age, and high-risk drug used, such as antiviral agents, rifamycin, were the common risk factors for ADR/ADE prediction. The pooled estimated AUC of summary receiver operator characteristics was 72.00% (68.00-75.00). 

Conclusions Acceptable prediction performance of ADR/ADE with ML algorithmwas highlighted. More rigorous reporting standards and the new ML methods that take into account the unique challenges of ML research could improve future studies and help the application of ML models in clinical practice.",https://assets-eu.researchsquare.com/files/rs-4081881/v1/15959d15-874f-4578-850a-1e24ecf11f91.pdf
130,SOD-FE: a supervised outlier detection and feature engineering approach for student dropout prediction,"Eissa Alzabidi, Önder Yakut, Sabah Saad, Oğuz Fındık",9-Jun-26,"Abstract
Student dropout in higher education creates academic and socio-economic challenges for institutions and students. Effective early prediction models are essential to identify at-risk students and implement timely interventions. This paper proposes SOD-FE, a supervised machine learning approach that combines label-aware outlier detection with feature engineering to enhance dropout prediction. The approach integrates interquartile range (IQR) based outlier detection with mutual information and Pearson correlation to identify and mitigate the impact of outliers before constructing the final model. Then, a feature selection strategy is applied to refine the dataset. The approach is evaluated through experiments on two real-world datasets (Portugal and Slovakia) utilizing five classification algorithms, including Random Forest (RF) and Extreme Gradient Boosting (XGB). Performance improved markedly with the RF classifier, achieving F1 scores of 98.09% and 98.33% on the Portugal and Slovakia benchmark datasets, respectively, under 5-fold cross-validation. Furthermore, the SOD-FE approach outperformed the baseline RF models by 7.46% and 3.37% in F1 score across the two datasets, demonstrating highly competitive results that align with or exceed the highest reported performances in recent literature by up to 7.33%. The proposed approach also incorporates explainable AI techniques (SHAP) to enhance model transparency and support data-driven educational policy. These findings show the significant potential of the SOD-FE method for improving student retention and early intervention systems in educational institutions.",https://www.nature.com/articles/s41598-026-56591-6
131,Predicting the critical temperature of superconductors and materials classification with a balanced dataset without prior knowledge,"P. A. H. Nawoda, Gayan P. Hettiarachchi, M. D. T. Attygalle",2026,"Abstract

The discovery of new superconductors through traditional trial-and-error experimental methods is both challenging and costly. A data-driven strategy can speed up the time-consuming exploration processes and also potentially reveal new insights into the complex correlations at play. Several material databases have been created for predicting the superconducting critical temperature (Tc), but they are confined solely to superconducting materials, limiting their prediction capabilities. In addressing this, we compiled a comprehensive open-source dataset encompassing both superconductors and non-superconductors. Our dataset contains 13 415 superconductors and 13 425 non-superconductors, each characterized by 212 features. Novel features, namely, CuO layers, ionic radius, heat of vaporization, cohesive energy, and thermal conductivity with respect to every element in the material were included. Another feature named “material type” was introduced to classify materials as low-temperature superconductors, high-temperature superconductors, and non-superconductors. Various machine learning techniques, including boosting and bagging methods, were employed to predict Tc. The light gradient boosting model emerged as the most effective, achieving a coefficient of determination of 93% and a mean absolute error of 2.93 K. While this novel, comprehensive material dataset is made available to enrich future research, a web application is also developed for predicting Tc of any material in relation to the material type based on the best of trained models.",https://pubs.aip.org/aip/jap/article/139/2/023903/3377287
132,A review of AI and machine learning applications in manufacturing processes,"Mohamed El Amine Gorine, Lyes Nechak, Mohamed Ichchou, Yann Pichenot",23-Mar-26,"Abstract
This paper reviews the current applications of artificial intelligence (AI) and machine learning (ML) techniques in industrial manufacturing processes. It provides a comprehensive overview of the three main learning paradigms, supervised, unsupervised, and reinforcement learning and maps their algorithmic families to four major process domains: forming, machining, joining, and additive manufacturing. For each domain, sensor modalities, data characteristics, data acquisition feasibility, and control challenges are analyzed to assess the conditions influencing ML adoption. Differences in maturity levels are shown to arise primarily from variations in data availability, sensor integration complexity, and process automation readiness. The review offers an application-oriented synthesis covering predictive maintenance, real-time process optimization, and automated quality inspection. A publication-weighted maturity matrix demonstrates that supervised learning is well established in machining and additive manufacturing, where standardized sensors and abundant labeled data enable mature AI solutions. By contrast, unsupervised methods are commonly applied for anomaly detection in domains with limited labeled data, such as joining. Reinforcement learning is emerging as a viable approach for closed-loop control, particularly in contexts where reliable digital twins and robust simulation environments support model training. Cross-cutting techniques including physics-informed learning, explainable AI, multi-fidelity surrogate modeling, and edge-to-cloud computing architectures are also discussed. The paper concludes with a proposed future research agenda emphasizing the development of open benchmark datasets, improved simulator fidelity, and interpretable hybrid models, with the broader goal of bridging the gap between academic research and industrial deployment.",https://link.springer.com/article/10.1007/s10845-026-02826-2
133,Vertical stratification-enabled early monitoring of cotton Verticillium wilt using in-situ leaf spectroscopy via machine learning models,"Yi Gao, Changping Huang, Xia Zhang, Ze Zhang, Bing Chen",6/23/2025,"Abstract Early monitoring of cotton Verticillium wilt (VW) is crucial for preventing significant yield losses and quality deterioration. Current hyperspectral approaches often overlook the bottom-up disease progression and the impact of leaf stratification on VW detection. To address this, vertical spectral traits were examined to improve early diagnosis. A total of 551 in-situ leaf spectra were averaged from thousands of measurements, alongside corresponding RGB images from top, middle, and bottom leaf layers. Five severity levels (SL=0-4) were classified based on lesion coverage. Various vegetation indices and signal features were extracted for VW identification. Three feature selection methods, Relief-F, Lasso, and Random Forest (RF), were integrated with five machine learning models, including LightGBM, ANN, XGBoost, RF, and SVM. 

Results showed that spectral reflectance varied significantly by severity and layer, with the most pronounced variations in the bottom layer’s visible spectrum. LightGBM with RF-selected features achieved the best performance and fastest training, with accuracies of 0.82, 0.81, and 0.91 for the top, middle, and bottom leaf layers, respectively. Early-stage detection (SL=0-2) was most effective in the lowest layer, showing 38% and 34% higher precision (SL=1) than the upper two. Critical spectral features varied with vertical leaf layers and disease severity, with blue and red-edge bands identified as most important. For assessing five disease severity levels, the most informative features for the top, middle, and bottom layers were AntGitelson, Blue Index (B), and PRI570. For detecting early symptoms (SL=1), the blue band was particularly effective, followed by water-related bands. At the initial infection stage, the most significant indicators for top, middle, and bottom layers were Blue/red index (BRI), B, and WSCT, respectively. This study deepens understanding of vertical leaf spectral dynamics and enables rapid, non-destructive in vivo detection of cotton Verticillium wilt, enhancing the applicability of portable hyperspectral devices and informing leaf-layer-aware precision disease management strategies.",https://www.frontiersin.org/journals/plant-science/articles/10.3389/fpls.2025.1599877/full
134,Identifying Key Clinical Indicators Associated with the Risk of Death in Hospitalized COVID-19 Patients,"QingLan Ma, Jingxin Ren, Lei Chen, Wei Guo, KaiYan Feng, Tao Huang, Yu-Dong Cai",2024,"Abstract

Background
Accurately predicting survival in hospitalized COVID-19 patients is crucial but challenging due to multiple risk factors. This study addresses the limitations of existing research by proposing a comprehensive machine-learning framework to identify key mortality risk factors and develop a robust predictive model.

Objective
This study proposes an analytical framework that leverages various machine learning techniques to predict the survival of hospitalized COVID-19 patients accurately. The framework comprehensively evaluates multiple clinical indicators and their associations with mortality risk.

Methods
Patient data, including gender, age, health condition, and smoking habits, was divided into discharged (n=507) and deceased (n=300) categories. Each patient was characterized by 92 clinical features. The framework incorporated seven feature ranking algorithms (LASSO, LightGBM, MCFS, mRMR, RF, CATBoost, and XGBoost), the IFS method, and four classification algorithms (DT, KNN, RF, and SVM).

Results
Age, diabetes, dyspnea, chronic kidney failure, and high blood pressure were identified as the most important risk factors. The best model achieved an F1-score of 0.857 using KNN with 34 selected features.

Conclusion
Our findings provide a comprehensive analysis of COVID-19 mortality risk factors and develops a robust predictive model. The findings highlight the increased risk in patients with comorbidities, consistent with existing literature. The proposed framework can aid in developing personalized treatment plans and allocating healthcare resources effectively.
© 2025 Bentham Science Publishers",https://www.benthamdirect.com/content/journals/cbio/10.2174/0115748936306893240720192301
135,"A Transparent House Price Prediction Framework Using Ensemble Learning, Genetic Algorithm-Based Tuning, and ANOVA-Based Feature Analysis","Mohammed Ibrahim Hussain, Arslan Munir, Mohammad Mamun, Safiul Haque Chowdhury, Nazim Uddin, Muhammad Minoar Hossain",18-Jul-25,"Abstract

House price prediction is crucial in real estate for informed decision-making. This paper presents an automated prediction system that combines genetic algorithms (GA) for feature optimization and Analysis of Variance (ANOVA) for statistical analysis. We apply and compare five ensemble machine learning (ML) models, namely Extreme Gradient Boosting Regression (XGBR), random forest regression (RFR), Categorical Boosting Regression (CBR), Adaptive Boosting Regression (ADBR), and Gradient Boosted Decision Trees Regression (GBDTR), on a comprehensive dataset. We used a dataset with 1000 samples with eight features and a secondary dataset for external validation with 3865 samples. Our integrated approach identifies Categorical Boosting with GA (CBRGA) as the best performer, achieving an R2 of 0.9973 and outperforming existing state-of-the-art methods. ANOVA-based analysis further enhances model interpretability and performance by isolating key factors such as square footage and lot size. To ensure robustness and transparency, we conduct 10-fold cross-validation and employ explainable AI techniques such as Shapley Additive Explanations (SHAP) and Local Interpretable Model-Agnostic Explanations (LIME), providing insights into model decision-making and feature importance.",https://www.mdpi.com/2674-1032/4/3/33
136,PREDICTING LOAN DEFAULT: A COMPARATIVE ANALYSIS OF FEATURE SELECTION,Yuelin Jiang,2024,"Abstract

Financial decision-making, particularly in loan approval, requires precise risk prediction. To enhance the prediction accuracy, this study utilizes various machine learning models, namely Logistic Regression, XGBoost, an Artificial Neural Network (ANN), and a hybrid XGBoost + Logistic Regression (XGB+LR). These models were selected based on their unique capacities to capture complex patterns and relationships within the data, thereby potentially improving the loan default prediction task. The training and validation of these models were performed on a meticulously prepared dataset, following crucial preprocessing steps such as one-hot encoding, feature selection, and scaling. To ensure the models' optimal performance, intensive hyperparameter tuning was conducted. The application of these techniques resulted in a robust set of models. Each model's performance was rigorously evaluated through established metrics, including the Area Under the ROC Curve (AUC) and Accuracy (ACC). Among these models, the XGBoost model demonstrated superior predictive power, achieving an AUC of 0.798 and an ACC of 0.861 on the validation set. A detailed feature importance analysis using the XGBoost model further revealed that Credit_Score and Loan_Amount were the primary factors impacting loan approval decisions. Despite slight overfitting observed in the models, the results confirm the potential of machine learning in improving financial decision-making processes. This study sets the foundation for future advancements, which may include the application of advanced regularization techniques, further hyperparameter optimization, and the inclusion of a broader feature set.",http://arno.uvt.nl/show.cgi?fid=187994
137,Enhanced CAD patient length of stay prediction using the Graph Neuro Boost model,"M. Geetha Pratyusha, Arun Kumar Sinha",12-Aug-26,"Abstract
Coronary Artery Disease (CAD) remains one of the leading causes of mortality worldwide and accounts for a great number of prolonged hospital stays, which increase the cost of healthcare and its resource consumption. This research presents Graph Neuro Boost, a new method of predicting hospital LOS for CAD patients based on hybrid feature selection and classification, and characterized by high accuracy of prediction. Using the MIMIC-III dataset, the method involves complete data preparation, analysis, and preprocessing. A Graph Neuro Feature Selector was built by combining the autoencoder-based embedded method and the filter method using graph theory and Kruskal’s algorithm. The method efficiently identified 16 critical features in just 2.68 seconds, surpassing traditional hybrid feature selection approaches. Those features were then optimized using Bayesian optimization together with XGBoost, implementing a balanced Expected Improvement and Upper Confidence Bound technique to reduce log loss. Graph Neuro Boost resulted in an accuracy of 98.57%. In addition to superior accuracy, Graph Neuro Boost demonstrated outstanding performance relative to baseline models on multiple evaluation metrics. The SHAP analysis was also employed to interpret feature contributions, improving model transparency and supporting clinical decision-making, patient management, and efficient healthcare resource allocation.",https://www.tandfonline.com/doi/abs/10.1080/09540091.2026.2692841
138,A Comprehensive Review of Machine-Learning Approaches for Crystal Structure/Property Prediction,"Mostafa Sadeghian, Arvydas Palevicius, Giedrius Janusas",28-Oct-25,"Abstract

Crystal Property Prediction (CPP) and Crystal Structure Prediction (CSP) play an important role in accelerating the design and discovery of advanced materials across various scientific disciplines. Traditional computational approaches to CSP/CPP often face challenges such as high computational costs, limited scalability, and difficulties in exploring complex energy surfaces. In recent years, the combination of machine learning (ML) has emerged as a powerful approach to overcome these limitations, offering data-driven methods that enhance prediction accuracy while significantly reducing computational expenses. This review provides a comprehensive overview of the evolution of CSP and CPP methodologies, with particular emphasis on the transition from classical optimization algorithms to modern ML-based methods. Various supervised and unsupervised ML algorithms applied in this field are discussed in detail. Beyond structure and property prediction, recent advancements in ML-based modeling of crystal defects are also reviewed. Moreover, several recent case studies on CSP/CPP are presented to demonstrate the practical effectiveness of ML approaches. Finally, the review discusses current challenges and provides recommendations for future research in ML-based investigations of CSP/CPP.",https://www.mdpi.com/2073-4352/15/11/925
139,Comparing the artificial intelligence detection models to standard diagnostic methods and alternative models in identifying Alzheimer's disease in at-risk or early …,"B Babu, G Parvathy, FSM Bawa, GS Gill, J Patel…",2024,"Abstract

Alzheimer's disease (AD) and other neurodegenerative illnesses place a heavy strain on the world's healthcare systems, particularly among the aging population. With a focus on research from January 2022 to September 2023, this scoping review, which adheres to Preferred Reporting Items for Systematic Reviews and Meta-Analysis extension for Scoping Reviews (PRISMA-Scr) criteria, examines the changing landscape of artificial intelligence (AI) applications for early AD detection and diagnosis. Forty-four carefully chosen articles were selected from a pool of 2,966 articles for the qualitative synthesis. The research reveals impressive advancements in AI-driven approaches, including neuroimaging, genomics, cognitive tests, and blood-based biomarkers. Notably, AI models focusing on deep learning (DL) algorithms demonstrate outstanding accuracy in early AD identification, often even before the onset of clinical symptoms. Multimodal approaches, which combine information from various sources, including neuroimaging and clinical assessments, provide comprehensive insights into the complex nature of AD. The study also emphasizes the critical role that blood-based and genetic biomarkers play in strengthening AD diagnosis and risk assessment. When combined with clinical or imaging data, genetic variations and polygenic risk scores help to improve prediction models. In a similar vein, blood-based biomarkers provide non-invasive instruments for detecting metabolic changes linked to AD. Cognitive and functional evaluations, which include neuropsychological examinations and assessments of daily living activities, serve as essential benchmarks for monitoring the course of AD and directing treatment interventions. When these evaluations are included in machine learning models, the diagnosis accuracy is improved, and treatment monitoring is made more accessible. In addition, including methods that support model interpretability and explainability helps in the thorough understanding and valuable implementation of AI-driven insights in clinical contexts. This review further identifies several gaps in the research landscape, including the need for diverse, highquality datasets to address data heterogeneity and improve model generalizability. Practical implementation challenges, such as integrating AI systems into clinical workflows and clinician adoption, are highlighted as critical barriers to real-world application. Moreover, ethical considerations, particularly surrounding data privacy and informed consent, must be prioritized as AI adoption in healthcare accelerates. Performance metrics (e.g., sensitivity, specificity, and area under the curve (AUC)) for AI-based approaches are discussed, with a need for clearer reporting and comparative analyses. Addressing these limitations, alongside methodological clarity and critical evaluation of biases, would strengthen the credibility of AI applications in AD detection. By expanding its scope, this study highlights areas for improvement and future opportunities in early detection, aiming to bridge the gap between innovative AI technologies and practical clinical utility. Categories: Neurology, Geriatrics, Infectious Disease",https://www.cureus.com/articles/320264-comparing-the-artificial-intelligence-detection-models-to-standard-diagnostic-methods-and-alternative-models-in-identifying-alzheimers-disease-in-at-risk-or-early-symptomatic-individuals-a-scoping-review.pdf
140,Machine Learning Techniques for Crop Yield Prediction,"Nagaveni B. Nimbal, V. Mareeswari",2024,"Abstract

Accurate crop yield prediction is crucial for global food security and effective agricultural management. This paper reviews the latest machine learning (ML) techniques used in crop yield prediction, focusing on applications, challenges, and future prospects. Traditional methods based on historical data often fail to capture the complexities of environmental and management factors. Recent ML advancements have improved accuracy by using high-dimensional data like satellite imagery and weather patterns. Key challenges include data quality, model interpretability, generalizability, and computational demands. Solutions such as data sharing, interpretable models, transfer learning, and hybrid approaches are proposed to advance crop yield prediction and promote sustainable agriculture.",https://twistjournal.net/twist/article/view/564
141,Explainable hybrid ensemble regression tree algorithms and ElasticNet regression for river suspended sediment load estimation,"Gebre Gelete, Zaher Mundher Yaseen, Hüseyin Gökçekus, Demelash Ademe Malede",24-Jun-26,"ABSTRACT
Estimating the suspended sediment load (SSL) and understanding the impacted factors can aid in watershed management. This study evaluates the potential of ElasticNet linear regression (ENLR), random forest (RF), AdaBoost, CatBoost, and extreme gradient boosting (XGB) for SSL estimation at Ziway catchment (Ethiopia). The Shapley additive explanation method was used to determine the contribution of different driving factors for river SSL generation. Then, hybrid models, namely ENLRXGB, ENLRRF, ENLRAdaBoost, and ENLRCatBoost, were proposed by coupling the ENLR model with ensemble tree models to capture both the linear and non-linear patterns of SSL. The finding revealed that XGB outperformed other individual models. In addition, combining linear and non-linear models produced better performance, i.e. ENLRXGB demonstrated the highest accuracy Nash-Sutcliffe efficiency (NSE = 0.967), improving the base model’s NSE by 3.755–21.33%. Overall, the results demonstrate the efficiency of hybrid models for estimating river SSL in this data-limited agricultural catchment.",https://www.tandfonline.com/doi/abs/10.1080/02626667.2026.2664061
142,Development and validation of a prediction model for VTE risk in gastric and esophageal cancer patients,"Xingyue Zheng, Liuyun Wu, Lian Li, Yin Wang, Qinan Yin, Lizhu Han, Xingwei Wu, Yuan Bian",2/28/2025,"Abstract

Objective: This study focuses on the risk of venous thromboembolism (VTE) in patients with gastric or esophageal cancer (GC/EC), investigating the risk factors for VTE in this population. Utilizing machine learning techniques, the research aims to develop an interpretable VTE risk prediction model. The goal is to identify patients with gastric or esophageal cancer who are at high risk of VTE at an early stage in clinical practice, thereby enabling precise anticoagulant prophylaxis and thrombus management.

Methods: This study is a real-world investigation aimed at predicting VTE in patients with GC/EC. Data were collected from inpatients diagnosed with GC/EC at Sichuan Provincial People’s Hospital between 1 January 2018, and 31 June 2023. Using nine supervised learning algorithms, 576 prediction models were developed based on 56 available variables. Subsequently, a simplified modeling approach was employed using the top 12 feature variables from the best-performing model. The primary metric for assessing the predictive performance of the models was the area under the ROC curve (AUC). Additionally, the training data used to construct the best model in this study were employed to externally validate several existing assessment models, including the Padua, Caprini, Khorana, and COMPASS-CAT scores.

Results: A total of 3,742 cases of GC/EC patients were collected after excluding duplicate visit information. The study included 861 (23.0%) patients, of which 124 (14.4%) developed VTE. The top five models based on AUC for full-variable modeling are as follows: GBoost (0.9646), Logic Regression (0.9443), AdaBoost (0.9382), CatBoost (0.9354), XGBoost (0.8097). For simplified modeling, the models are: Simp-CatBoost (0.8811), Simp-GBoost (0.8771), Simp-Random Forest (0.8736), Simp-AdaBoost (0.8263), Simp-Logistic Regression (0.8090). After evaluating predictive performance and practicality, the Simp-GBoost model was determined as the best model for this study. External validation of the Padua score, Caprini score, Khorana score, and COMPASS-CAT score based on the training set of the Simp-GBoost model yielded AUCs of 0.4367, 0.2900, 0.5000, and 0.3633, respectively.

Conclusion: In this study, we analyzed the risk factors of VTE in GC/EC patients, and constructed a well-performing VTE risk prediction model capable of accurately identifying the extent of VTE risk in patients. Four VTE prediction scoring systems were introduced to externally validate the dataset of this study. The results demonstrated that the VTE risk prediction model established in this study held greater clinical utility for patients with GC/EC. The Simp-GB model can provide intelligent assistance in the early clinical assessment of VTE risk in these patients.",https://www.frontiersin.org/journals/pharmacology/articles/10.3389/fphar.2025.1448879/full
143,A hybrid approach for pattern recognition and interpretation in age-related false memory,"Noorbakhsh Amiri Golilarz, Elias Hossain, Shahram Rahimi, Hossein Karimi",7/23/2025,"Abstract

Introduction: Aging is associated with a decline in essential cognitive functions such as language processing, memory, and attention, which significantly impacts the quality of life in later years. Despite the serious consequences of age-related cognitive decline, particularly in the formation of false memories, the underlying mechanisms remain poorly understood. This knowledge gap is partly due to limitations in current methodologies used to examine age-related cognitive changes and their origins.

Methods: In the present study, a hybrid approach was developed that combines optimized machine learning techniques with large-scale transformer-based language models to identify behavioral patterns distinguishing true from false memories in both younger and older adults. The best-performing model, a modified version of the Light Gradient Boosting Machine (LightGBM), identified nine key features using permutation importance. Feature interactions with age were further examined to understand their relationship with cognitive decline. Additionally, the modified LightGBM was integrated with a language model to enhance interpretability.

Results: The findings revealed that younger adults benefited from target encoding time during reading, which helped them correctly reject misleading information (lures), whereas older adults were more vulnerable to inference caused by semantic similarity.

Discussion: These results offer important insights into the mechanisms of false memory in aging populations and demonstrate the utility of hybrid computational methods in uncovering behavioral patterns related to memory decline. The modified LightGBM achieved the highest overall performance with an F1-score of 0.82 and recall of 0.88, outperforming all evaluated deep learning and transformer-based models.",https://www.frontiersin.org/journals/psychology/articles/10.3389/fpsyg.2025.1579259/full
144,Advancing precision rheumatology: applications of machine learning for rheumatoid arthritis management,"Yiming Shi, Mi Zhou, Cen Chang, Ping Jiang, Kai Wei, Jianan Zhao, Yu Shan, Yixin Zheng, Fuyu Zhao, Xinliang Lv, Shicheng Guo, Fubo Wang, Dongyi He",6/10/2024,"Abstract Rheumatoid arthritis (RA) is an autoimmune disease causing progressive joint damage. Early diagnosis and treatment is critical, but remains challenging due to RA complexity and heterogeneity. Machine learning (ML) techniques may enhance RA management by identifying patterns within multidimensional biomedical data to improve classification, diagnosis, and treatment predictions. In this review, we summarize the applications of ML for RA management. Emerging studies or applications have developed diagnostic and predictive models for RA that utilize a variety of data modalities, including electronic health records, imaging, and multi-omics data. High-performance supervised learning models have demonstrated an Area Under the Curve (AUC) exceeding 0.85, which is used for identifying RA patients and predicting treatment responses. Unsupervised learning has revealed potential RA subtypes. Ongoing research is integrating multimodal data with deep learning to further improve performance. However, key challenges remain regarding model overfitting, generalizability, validation in clinical , and interpretability. Small sample sizes and lack of diverse population testing risks overestimating model performance. Prospective studies evaluating real-world clinical utility are lacking. Enhancing model interpretability is critical for clinician acceptance. In summary, while ML shows promise for transforming RA management through earlier diagnosis and optimized treatment, larger scale multisite data, prospective clinical validation of interpretable models, and testing across diverse populations is still needed. As these gaps are addressed, ML may pave the way towards precision medicine in RA.",https://www.frontiersin.org/journals/immunology/articles/10.3389/fimmu.2024.1409555/full
145,"Research article
Nonlinear and interactive effects of human capital skills on twin green-digital transition: Evidence from recruitment data and explainable machine learning","Weiwei Chen, Shunyi Li, Ling Wang",2026,"Abstract

Highlights
•
Quantified the impact of seven human capital skills on corporate green-digital transition.
•
Used CatBoost-SHAP to reveal nonlinear and interaction effects among critical skills.
•
Digital transformation skills are the key driver of firms' green-digital transition.
•
Circular lifecycle skills show strong synergy with cross-cutting and innovation skills.
•
Employee training amplifies key skill effects, especially in large-scale firms.",https://www.sciencedirect.com/science/article/pii/S0301479726013757
146,Identifying Contributing Factors to Injury Severity in Road Accidents During Dawn and Dusk Using Explainable Machine Learning,Ahmed Mohamed,2025,"Understanding road traffic accidents is essential for designing effective, targeted safety interventions, given their substantial role in fatalities and injuries. Nonetheless, previous studies have frequently neglected the unique transitional periods of dawn and dusk, constraining insights into the injury severity of crashes during these specific periods. To address this gap, a comprehensive analysis of the factors that influence the injury severity of crashes during dawn and dusk is essential. This study utilized an 11-year (2013-2023) dataset from Bahrain, employing a disaggregated analytical approach that focuses on the person level. This includes drivers, passengers, and pedestrians involved in the accidents. This study developed and evaluated six machine learning (ML) models for predicting crash injury severity. The ML models included two baseline models, logistic regression (LR) and decision tree (DT). In addition, four ensemble learning models based on bagging and boosting techniques were utilized, namely random forest (RF), adaptive boosting (AdaBoost), gradient boosting (GB), and extreme gradient boosting (XGBoost). Among the developed models, AdaBoost achieved the best overall performance on both dawn and dusk datasets based on different weighted average performance metrics, including accuracy, precision, recall (sensitivity), F1-score, and the area under the Receiver Operation Characteristic Curve (AUC-ROC). To address the challenges associated with interpretability inherent in machine learning (ML) models, the SHapley Additive exPlanations (SHAP) analysis was utilized as an explainable machine learning (XML) technique to interpret the AdaBoost model and assess the significance and contribution of features to injury severity using both global and local explanations. The analysis identified several contributing features that significantly influence injury severity, including passenger, dual carriageway 50-80 KPH, no off-road impact, winter, non-Bahraini, male, road section with streetlight, and pedestrian. These features exhibited differing risk patterns throughout dawn and dusk periods. To ensure the robustness of these findings, sensitivity and stability analyses were conducted using cosine similarity for SHAP value perturbations. The results validated the robustness of the key features (predictors). Overall, these findings underscore the key factors influencing injury severity during dawn and dusk periods and provide actionable practical for targeted interventions.",https://eprints.kfupm.edu.sa/id/eprint/143647/
147,Comparative Insights Into E-Scooter Usage Prediction Through Machine Learning and Deep Learning Techniques,"Gokhan Yurdakul, Nezir Aydin, Sukran Seker, Hao Yu",29-Oct-25,"Abstract
Shared micromobility services are experiencing rapid growth, particularly in addressing last-mile transportation needs. The most crucial questions focus on identifying the determinants of user behavior and the factors driving demand for micromobility vehicles. Investigating this topic is thus essential for meeting the demand of micromobility vehicles, ensuring their dynamic and flexible deployment, and optimizing overall system planning. In this study, demand forecasting was performed using a shared electric scooter (e-scooter) dataset and by comparing 19 distinct machine learning (ML) and deep learning (DL) algorithms, including traditional ML algorithms, neural network–based (NN) models , ANN and metaheuristic hybrid models, and ensemble models. Algorithm performance, evaluated using R2 and RMSE metrics, shows that boosting and hybrid models significantly outperform traditional algorithms. In this study, the algorithms were compared not only with RMSE and R2 but also with their running times. Our analysis reveals that GRU, ANN–Grid–Search, ANN–Bayesian, ANN–Randomize–Search, ANN-PSO, and ANN-GA models achieve the highest performance, though this performance is inversely related to their computational cost. When the running time is included in the analysis, the GRU algorithm ranks best (RMSE: 0.945248, R2: 0.174226, runtime: 6.1), followed by ANN-GA and ANN-PSO models. These findings will help e-scooter providers plan effectively and make informed investment decisions.",https://onlinelibrary.wiley.com/doi/abs/10.1155/atr/8794166
148,Application of intellectual capital in SME bankruptcy,"Lenka Papíková, Mário Papík",18-Nov-23,"ABSTRACT
Previous studies indicate that applying solely financial ratios (FR) provides limited SME bankruptcy prediction performance. On the other hand, the application of non-financial features is cost-ineffective for SMEs. Intellectual capital (IC) features provide a meaningful alternative to analyse SMEs’ financial performance since companies with higher IC regularly achieve consistently higher sales growth. This paper aims to examine the possibilities of applying intellectual capital features in predicting SME bankruptcy. 14 IC features and 27 FR of 54,003 SMEs from 2016 to 2021 were collected from financial statements. Three groups of XGBoost and CatBoost models were developed – with only IC features, with only FR and combining FR and IC features. The results show that IC features are a practical addition to FR, with the best AUC equal to 89%, and their combination outperforms models using only FR by an average of 2.3%. Moreover, IC features such as capital employed efficiency and structural capital reduced the likelihood of SMEs’ bankruptcy. The implication of this study is that SME bankruptcy models perform better using IC features without significantly increasing financial cost or processing time, which can be helpful for financial institutions. Additionally, this can contribute to developing other methods of measuring IC.",https://www.tandfonline.com/doi/abs/10.1080/00036846.2023.2281291
149,Machine Learning in Materials Science: A Review,J Hägele,2025,"Abstract
For different purposes, different materials are needed with specific property requirements. Finding the best-suited materials fulfilling these properties comes with its own
set of challenges and limitations, and forms the field of materials science. One of the
limiting factors is the time and resource investment required, whether by experimental
methods or computational simulations, to search the material space for good candidates. Experimental methods heavily rely on domain expertise and intuition and can
take multiple years for results. Simulations, like Density Functional Theory (DFT) and
Molecular Dyncamics (MD) simulations, are faster, but can still take a long time and are
limited by available computing power. However, in the field of computational materials
science, Machine Learning (ML) based methods are on the rise. They have shown to
deliver good results at a fraction of the time cost that the aforementioned methods
come with, and build on the data gathered from traditional methods in the past. ML
models can classify materials and predict their properties, detect defects, systematically
search for good candidates, and even directly generate potential materials fulfilling
property requirements. This review will give an introduction to ML algorithms and
how they work, and cover different ways the technology is utilized for different materials. Superconductors, perovskites, polymers, fibre-reinforced polymers (FRPs), and
Metal-Organic Frameworks (MOFs) specifically will get a more detailed coverage. The
current state of the art, as well as the direction research could head in the future, will
be presented, giving a good overall picture of ML in materials science.",https://mediatum.ub.tum.de/doc/1836241/document.pdf
150,"Recent Advances in Machine
Learning Models for Predicting
Toxicity of Inorganic Nanoparticles","Mingli Li, Qiao-Zhi Li, Yuliang Zhao, Xingfa Gao",2025,"Abstract

Nanoparticles (NPs) such as engineered inorganic NPs (metals, metal oxides, carbon materials, etc.) can induce cytotoxicity in normal biological systems when used for disease treatment or when exposed to the environment, which has raised widespread concerns about their safety in biomedicine, environmental chemistry, and other application fields. Therefore, developing efficient strategies for the hazard and risk assessment of NPs is extremely important to ensure their safety and sustainable development in above applications. Herein, we provide a systematic and comprehensive review that includes the following sections: (i) mechanisms and influencing factors of nanotoxicity, (ii) the classical statistical cytotoxicity prediction models such as nano-quantitative structure–activity relationship (nanoQSAR), physiologically based pharmacokinetic (PBPK), and meta-analysis (MA) models, (iii) the ML-accelerated development of the above three types of models, and (iv) some important nanotoxicity databases. The ML-accelerated nanoQSAR, PBPK, and MA models are mainly focused, in which the ML algorithms, advantages, and schemes for model development are described, and also the prediction performance and key features that influence the cytotoxicity for the developed models are discussed in detail. In addition, future opportunities and challenges in promoting the development of highly efficient, robust, and interpretable ML models for predicting the cytotoxicity of NPs are also highlighted.",https://pmc.ncbi.nlm.nih.gov/articles/PMC12670184/
151,Navigating the evolution of two-dimensional carbon nitride research: integrating machine learning into conventional approaches,"Deep Mondal, Sujoy Datta, Debnarayan Jana",2025,"Abstract

Carbon nitride research has reached a promising point in today's research endeavours with diverse applications including photocatalysis, energy storage, and sensing due to their unique electronic and structural properties. Recent advances in machine learning (ML) have opened new avenues for exploring and optimizing the potential of these materials. This study presents a comprehensive review of the integration of ML techniques in carbon nitride research with an introduction to CN classifications and recent advancements. We discuss the methodologies employed, such as supervised learning, unsupervised learning, and reinforcement learning, in predicting material properties, optimizing synthesis conditions, and enhancing performance metrics. Key findings indicate that ML algorithms can significantly reduce experimental trial-and-error, accelerate discovery processes, and provide deeper insights into the structure–property relationships of carbon nitride. The synergistic effect of combining ML with traditional experimental approaches is highlighted, showcasing studies where ML driven models have successfully predicted novel carbon nitride compositions with enhanced functional properties. Future directions in this field are also proposed, emphasizing the need for high-quality datasets, advanced ML models, and interdisciplinary collaborations to fully realize the potential of carbon nitride materials in next-generation technologies.",https://pubs.rsc.org/cp/article-abstract/27/9/4531/844415
152,The Development and Application of Machine Learning in Atmospheric Environment Studies,"Lianming Zheng, Rui Lin, Xuemei Wang, Weihua Chen",29-Nov-21,"Abstract

Machine learning (ML) plays an important role in atmospheric environment prediction, having been widely applied in atmospheric science with significant progress in algorithms and hardware. In this paper, we present a brief overview of the development of ML models as well as their application to atmospheric environment studies. ML model performance is then compared based on the main air pollutants (i.e., PM2.5, O3, and NO2) and model type. Moreover, we identify the key driving variables for ML models in predicting particulate matter (PM) pollutants by quantitative statistics. Additionally, a case study for wet nitrogen deposition estimation is carried out based on ML models. Finally, the prospects of ML for atmospheric prediction are discussed.",https://www.mdpi.com/2072-4292/13/23/4839
153,"Advanced applications in chronic disease monitoring using IoT mobile sensing device data, machine learning algorithms and frame theory: a systematic review","Yu Liu, Boyuan Wang",2/21/2025,"Abstract The escalating demand for chronic disease management has presented substantial challenges to traditional methods. However, the emergence of Internet of Things (IoT) and artificial intelligence (AI) technologies offers a potential resolution by facilitating more precise chronic disease management through data-driven strategies. This review concentrates on the utilization of IoT mobile sensing devices in managing major chronic diseases such as cardiovascular diseases, cancer, chronic respiratory diseases, and diabetes. It scrutinizes their efficacy in disease diagnosis and management when integrated with machine learning algorithms, such as ANN, SVM, RF, and deep learning models. Through an exhaustive literature review, this study dissects how these technologies aid in risk assessment, personalized treatment planning, and disease management. This research addresses a gap in the existing literature concerning the application of IoT and AI technologies in the management of specific chronic diseases. It particularly demonstrates methodological novelty by introducing advanced models based on deep learning, tight frame-based methodologies and real-time monitoring systems. This review employs a rigorous examination method, which includes systematically searching relevant databases, filtering literature that meets specific inclusion and exclusion criteria, and adopting quality assessment tools to ensure the rigor of selected studies. This study identifies potential biases and weaknesses related to data collection, algorithm selection, and user interaction. The research demonstrates that platforms integrating IoT and machine learning algorithms for chronic disease monitoring and management are not only technically viable but also yield substantial economic and social advantages in real-world applications. Future studies could investigate the use of quantum computing for processing vast medical datasets and novel techniques that merge biosensors with nanotechnology for drug delivery and disease surveillance. Furthermore, this paper examines recent progress in medical image reconstruction, emphasizing tight frame-based methodologies. We discuss the principles, benefits, and constraints of these methods, assessing their efficacy across diverse application contexts.",https://www.frontiersin.org/journals/public-health/articles/10.3389/fpubh.2025.1510456/full
154,"A molecular image-based novel quantitative structure-activity relationship approach, deepsnap-deep learning and machine learning","Y Matsuzaka, Y Uesawa",2021,"Abstract

The quantitative structure-activity relationship (QSAR) approach has been used in numerous chemical compounds as in silico computational assessment for a long time. Further, owing to the high-performance modeling of QSAR, machine learning methods have been developed and upgraded. Particularly, the threedimensional structure of chemical compounds has been gaining increasing attention owing to the representation of a large amount of information. However, only many of feature extraction is impossible to build models with the high-ability of the prediction. Thus, suitable extraction and effective selection of features are essential for models with excellent performance. Recently, the deep learning method has been employed to construct prediction models with very high performance using big data, especially, in the field of classification. Therefore, in this study, we developed a molecular image-based novel QSAR approach, called DeepSnap-Deep learning approach for designing high-performance models. In addition, this DeepSnap-Deep learning approach outperformed the conventional machine learnings when they are compared. Herein, we discuss the advantage and disadvantages of the machine learnings as well as the availability of the DeepSnap-Deep learning approach.",https://pdfs.semanticscholar.org/8ace/99e33e7dc1c05dab987b8a36ccec95599e24.pdf
155,Development and Validation of a Machine Learning Predictive Model for Cardiac Surgery-Associated Acute Kidney Injury,"Qian Li, Hong Lv, Yuye Chen, Jingjia Shen, Jia Shi, Chenghui Zhou",1-Feb-23,"Abstract

Objective: We aimed to develop and validate a predictive machine learning (ML) model for cardiac surgery associated with acute kidney injury (CSA-AKI) based on a multicenter randomized control trial (RCT) and a Medical Information Mart for Intensive Care-IV (MIMIC-IV) dataset. 

Methods: This was a subanalysis from a completed RCT approved by the Ethics Committee of Fuwai Hospital in Beijing, China (NCT03782350). Data from Fuwai Hospital were randomly assigned, with 80% for the training dataset and 20% for the testing dataset. The data from three other centers were used for the external validation dataset. Furthermore, the MIMIC-IV dataset was also utilized to validate the performance of the predictive model. The area under the receiver operating characteristic curve (ROC-AUC), the precision-recall curve (PR-AUC), and the calibration brier score were applied to evaluate the performance of the traditional logistic regression (LR) and eleven ML algorithms. Additionally, the Shapley Additive Explanations (SHAP) interpreter was used to explain the potential risk factors for CSA-AKI. Result: A total of 6495 eligible patients undergoing cardiopulmonary bypass (CPB) were eventually included in this study, 2416 of whom were from Fuwai Hospital (Beijing), for model development, 562 from three other cardiac centers in China, and 3517 from the MIMICIV dataset, were used, respectively, for external validation. The CatBoostClassifier algorithms outperformed other models, with excellent discrimination and calibration performance for the development, as well as the MIMIC-IV, datasets. In addition, the CatBoostClassifier achieved ROC-AUCs of 0.85, 0.67, and 0.77 and brier scores of 0.14, 0.19, and 0.16 in the testing, external, and MIMIC-IV datasets, respectively. Moreover, the utmost important risk factor, the N-terminal brain sodium peptide (NT-proBNP), was confirmed by the LASSO method in the feature section process. Notably, the SHAP explainer identified that the preoperative blood urea nitrogen level, prothrombin time, serum creatinine level, total bilirubin level, and age were positively correlated with CSA-AKI; preoperative platelets level, systolic and diastolic blood pressure, albumin level, and body weight were negatively associated with CSA-AKI. 

Conclusions: The CatBoostClassifier algorithms outperformed other ML models in the discrimination and calibration of CSA-AKI prediction cardiac surgery with CPB, based on a multicenter RCT and MIMIC-IV dataset. Moreover, the preoperative NT-proBNP level was confirmed to be strongly related to CSA-AKI.",https://www.mdpi.com/2077-0383/12/3/1166
156,Optuna-optimized stacking models for predicting total phenolic content in NFC compound juices based on routine physicochemical attributes: Interpretability analysis via SHAP,"Fangchen Ding, Rili Zha, Juan Francisco García-Martín, Weijie Lan",2026,"Abstract

Highlights
•
Six regression base-models were established and optimized using Optuna platform.
•
TPC prediction models were comparatively evaluated with different RPA subsets.
•
Stacking strategy improved model robustness and generalization for TPC prediction.
•
SHAP analysis revealed RPA contributions and enabled transparent TPC assessment.
•
SHAP-guided model simplification from six to four RPAs without performance loss.",https://www.sciencedirect.com/science/article/pii/S0308814626030645
157,Application of Machine Learning for Patients With Cardiac Arrest: Systematic Review and Meta-Analysis,Shengfeng Wei,2025,"Abstract

Background: Currently, there is a lack of effective early assessment tools for predicting the onset and development of cardiac arrest (CA). With the increasing attention of clinical researchers on machine learning (ML), some researchers have developed ML models for predicting the occurrence and prognosis of CA, with certain models appearing to outperform traditional scoring tools. However, these models still lack systematic evidence to substantiate their efficacy.

Objective: This systematic review and meta-analysis was conducted to evaluate the prediction value of ML in CA for occurrence, good neurological prognosis, mortality, and the return of spontaneous circulation (ROSC), thereby providing evidence-based support for the development and refinement of applicable clinical tools.

Methods: PubMed, Embase, the Cochrane Library, and Web of Science were systematically searched from their establishment until May 17, 2024. The risk of bias in all prediction models was assessed using the Prediction Model Risk of Bias Assessment Tool.

Results: In total, 93 studies were selected, encompassing 5,729,721 in-hospital and out-of-hospital patients. The meta-analysis revealed that, for predicting CA, the pooled C-index, sensitivity, and specificity derived from the imbalanced validation dataset were 0.90 (95% CI 0.87-0.93), 0.83 (95% CI 0.79-0.87), and 0.93 (95% CI 0.88-0.96), respectively. On the basis of the balanced validation dataset, the pooled C-index, sensitivity, and specificity were 0.88 (95% CI 0.86-0.90), 0.72 (95% CI 0.49-0.95), and 0.79 (95% CI 0.68-0.91), respectively. For predicting the good cerebral performance category score 1 to 2, the pooled C-index, sensitivity, and specificity based on the validation dataset were 0.86 (95% CI 0.85-0.87), 0.72 (95% CI 0.61-0.81), and 0.79 (95% CI 0.66-0.88), respectively. For predicting CA mortality, the pooled C-index, sensitivity, and specificity based on the validation dataset were 0.85 (95% CI 0.82-0.87), 0.83 (95% CI 0.79-0.87), and 0.79 (95% CI 0.74-0.83), respectively. For predicting ROSC, the pooled C-index, sensitivity, and specificity based on the validation dataset were 0.77 (95% CI 0.74-0.80), 0.53 (95% CI 0.31-0.74), and 0.88 (95% CI 0.71-0.96), respectively. In predicting CA, the most significant modeling variables were respiratory rate, blood pressure, age, and temperature. In predicting a good cerebral performance category score 1 to 2, the most significant modeling variables in the in-hospital CA group were rhythm (shockable or nonshockable), age, medication use, and gender; the most significant modeling variables in the out-of-hospital CA group were age, rhythm (shockable or nonshockable), medication use, and ROSC.

Conclusions: ML represents a currently promising approach for predicting the occurrence and outcomes of CA. Therefore, in future research on CA, we may attempt to systematically update traditional scoring tools based on the superior performance of ML in specific outcomes, achieving artificial intelligence–driven enhancements.",https://www.jmir.org/2025/1/e67871/
158,"Effects of classification, feature selection, and resampling methods on bankruptcy prediction of small and medium-sized enterprises","Lenka Papíková, Mário Papík",15-Sep-22,"Abstract

Summary
Small and medium-sized enterprises are the pillars of an economy, and their poor performance has a negative impact on living standards of population and country development. This study analyzes real-life data of 89,851 small and medium-sized enterprises, out of which 295 have declared bankruptcy. The analysis is performed via 27 financial ratios. The study framework combines seven classifications and three resampling and seven feature selection methods. Out of all classification methods applied, CatBoost has achieved the best results for all combinations of resampling and feature selection methods. CatBoost surpassed the results of other classification methods for the area under curve parameter, achieving a value of 99.95%. The application of resampling methods on different classification models has not identified a statistically significant level of improvement in any of the resampling methods. This finding has also been observed for feature selection methods. Based on these findings, we assume that individual resampling and feature selection methods do not improve model performance compared with the original imbalanced sample's results. Our results suggest that, even though the data sample may be significantly imbalanced with a minority of bankrupt companies, most classification algorithms can handle this imbalance and achieve interesting results. Moreover, our findings provide broad practical application for all stakeholders who could need to detect bankrupting companies.",https://onlinelibrary.wiley.com/doi/abs/10.1002/isaf.1521
159,AI-enhanced bioprocess technologies: machine learning implementations from upstream to downstream operations,"Deepankar Sharma, Kavita Singh",28-Jul-25,"Abstract
Industrial bioprocesses have forged ahead in recent decades by harnessing the unmatched potential of microorganisms for bioenergy, biochemicals, pharmaceuticals, and food sectors. Any bioprocess technology involves complex upstream and downstream operations, which effectively generate large volumes of complex information across each stage of unit operation. The incorporation of machine learning practices in bioprocess technologies is one of the paradigm shifts that has led to recent advancements. The diverse ML algorithms possess the outstanding capabilities to harness the non-linear relationships and meaningful patterns that are incompletely interpreted using conventional methods. The present review is an up-to-date, in-depth approach that starts with the utilization of machine learning in upstream and downstream operations of bioprocesses. This is followed by describing the methodology of a typical ML workflow, various ML algorithms available and the real-world examples of ML applications that are reported for bioprocess technologies. The major areas covered include the utilization of ML for enhancing the biofuel and biorefinery bioprocesses, pharmaceutical bioprocesses, biochemicals production and optimization, fermented food and beverages bioprocess technologies and the use of ML for monitoring and control of bioprocesses. Moreover, the patents registered on the use of machine learning in bioprocess development are also discussed. The present review provides valuable suggestions for the deployment of diverse ML methodologies for enhancing the purity, yield and productivity of bioprocesses, soft sensors development and utilization of hybrid modeling approach for enhancing the ML- guided monitoring and control of bioprocesses.",https://link.springer.com/article/10.1007/s11274-025-04494-5
160,Machine-Learning Applications in Structural Response Prediction: A Review,"Aref Afshar, Gholamreza Nouri, Shahin Ghazvineh, Seyed Hossein Hosseini Lavassani",2024,"Abstract

Structural health monitoring (SHM) is an important and practical procedure for ensuring the structural integrity and serviceability of civil engineering structures such as bridges, buildings, and dams. Model-driven or data-driven strategies for structural response prediction are now widely combined with advances in engineering for use in SHM applications. Engineers have recently demonstrated increasing interest in using machine learning (ML) and artificial intelligence (AI) to achieve a variety of benefits and possibilities, notably for predicting structural reactions. This study serves as a comprehensive overview of the use of ML applications for structural response prediction in the context of SHM for civil engineering structures, with a particular focus on ML, deep learning (DL), and meta-heuristic algorithms. Accordingly, this study summarizes existing knowledge, presents concepts in a simple way, highlights trends, provides methodological insights, and provides a valuable resource for researchers, stakeholders, and decision-makers to benefit from. It is observed that the use of ML, DL, and meta-heuristic algorithms to predict the response of civil engineering structures within an acceptable accuracy range can be employed for SHM, resulting in improved speed, efficiency, and accuracy compared to conventional approaches.

All data, models, and code generated or used during the study appear in the published article.",https://ascelibrary.org/doi/abs/10.1061/PPSCFX.SCENG-1292
161,Enhancing student performance in African smart cities: a web-based approach through advanced ensemble modeling and genetic feature optimization,"Hayat Sahlaoui, El Arbi Abdellaoui Alaoui, Abdelaaziz Hessane, Said Agoujil, Stéphane Cédric Koumetio Tekouabou, Abdellah Barebzi",2024,"Abstract

Welcome to Cambridge Core",https://www.cambridge.org/core/journals/data-and-policy/article/enhancing-student-performance-in-african-smart-cities-a-webbased-approach-through-advanced-ensemble-modeling-and-genetic-feature-optimization/384C3986FEE465F7C87645CA87CB1DC7
162,"Advanced machine learning-based predictive tools for estimating petrophysical parameters: a case study from the Little Knife Field, North Dakota","Luc Yvan Nkok, Adesina S. Fadairo, Tomiwa Isaac Oguntade",4-Jun-25,"Abstract
Petrophysical parameters play an important role in characterizing geological formations. Water and oil saturation, permeability, effective porosity, and total porosity are among the parameters that are frequently evaluated during the field development planning using wireline measurements. It is generally acceptable that wireline measurement of these parameters may be subjected to various errors including human errors, hence compromising the accuracy of hydrocarbon reserves. In this study, machine learning has been employed due to its ability to identify and train on the controlling features that are strong for the petrophysical parameters. Well logs data with the data obtained from special core analysis in the little knife field are employed. 5 well log datasets were used as independent variables such as depth, resistivity, compressional slowness, neutron-porosity, gamma ray, and formation density. Grain density, permeability, water saturation, and porosity are obtained from core measurements. Water saturation, porosity, and permeability are the target variables. Preprocessing involves cleaning and ensuring the quality of the data, followed by subdividing the dataset into training and testing sets. Six machine learning techniques including decision tree regression, random forest regression, extreme gradient boost, extra-trees, light gradient boost machine and K-nearest neighbor were trained on the datasets. The models varied in their performance to predict water saturation, porosity, and permeability. Model effectiveness was evaluated, extra trees algorithm demonstrates superior performance in water saturation porosity and permeability predictions with R2 of 98%, 89% and 86% respectively with the lowest error metrics. This study is novel in its multi-model, multi-parameter evaluation approach within the Bakken interval, combining well log and core data for improved validation, applying hyperparameter tuning to enhance model accuracy, and benchmarking predictions against empirical methods. The results highlight the strength of ML models in capturing non-linear subsurface relationships critical to reservoir characterization.",https://link.springer.com/article/10.1007/s12145-025-01921-x
163,A review of machine learning approaches for the discovery of thermoelectric materials,"Övgü C. Yelgel, Celal Yelgel",27-Jul-25,"ABSTRACT
Thermoelectric (TE) materials have garnered significant interest due to their capacity to convert heat directly into electrical energy and vice versa, offering a sustainable route for energy harvesting and waste heat recovery. Nevertheless, many of the high-performance TE materials reported to date rely on elements that are scarce, costly, or environmentally hazardous, thereby limiting their large-scale deployment. To overcome these challenges, the development of efficient, earth-abundant, and environmentally benign alternatives is essential. Although first-principles methods provide valuable insights into the transport behavior of potential TE materials, their high computational cost restricts their utility in large-scale material screening. Recent progress in computational infrastructure, along with the advent of data-centric approaches such as machine learning (ML), has transformed the landscape of thermoelectric research. ML algorithms, trained on comprehensive datasets including experimental measurements, crystallographic data, and density functional theory (DFT) results can predict key TE metrics, such as the figure of merit (ZT), with remarkable speed and accuracy. This review explores the integration of ML into TE materials discovery, emphasizing its role in property prediction, descriptor engineering, and structural optimization. A systematic examination of ML-driven strategies promises to accelerate the discovery process and improve the efficiency of next-generation thermoelectric systems.",https://www.tandfonline.com/doi/abs/10.1080/23746149.2025.2536269
164,"Predictive modeling and benchmarking for diamond price estimation: integrating classification, regression, hyperparameter tuning and execution time analysis","Md Shaik Amzad Basha, Peerzadah Mohammad Oveis",2-Oct-24,"Abstract
The objective of this research is to provide a comprehensive analysis of diamond price prediction by evaluating a wide array of 23 machine learning models (ML), including both regression and classification techniques. This study aims to fill a gap in existing literature by applying hyperparameter tuning optimization across various models to enhance prediction accuracy, estimated values and Time execution efficiency, setting a new benchmark in the field. This approach involved a systematic assessment of multiple ML models on their base and tuned performance concerning accuracy, execution time, and predictive value alignment (under, accurate, over). The study utilized advanced hyperparameter tuning techniques to optimize each model’s performance, offering a comparative analysis that highlights the effectiveness of different models in predicting diamond prices. This research makes a distinct contribution through its extensive benchmarking of numerous ML models in the context of diamond price prediction, which is unprecedented in the literature. By applying hyperparameter tuning extensively to enhance model performance, its originality is derived from its comprehensive application of hyperparameter tuning to improve model performance by essentially tuning the model, this paper provides a novel contribution to the growing area of predictive analytics. By benchmarking an unprecedented amount of ML models for diamond price prediction and employing hyperparameter tuning, this paper moves the state of the art by noting the remarkable scope for accuracy improvements in tailored ML applications and demonstrates the extreme importance of model selection and optimization. The findings encompass that CatBoost Regressor, XGBoost Regressor still, kept high accuracy scores after tuning process and Random Forest Regressor accelerated much after tuning. Lastly, CatBoost Classifier, LightGBM Classifier existent achieving accuracies and efficiencies on the problem of diamond price classification tasks. Given its holistic nature, this study acknowledges the potential of overfitting in highly tuned models and their reliance on the specific dataset used for training. Future research might explore the generalisability of these techniques to other datasets and further investigate the trade-offs between model complexity and interpretability. The practical implications of this research are significant for stakeholders in the diamond industry such as retailers, appraisers, and investors. By identifying the most effective models for price prediction, we offer actionable insights that can improve decision-making processes, optimize inventory management, and enhance pricing policies.",https://link.springer.com/article/10.1007/s13198-024-02535-0
165,"Machine Learning for Individual Credit Risk Assessment: A Systematic Literature Review of State-of-the-Art Methods, Challenges and Perspectives","Bolun Zhang, Jun Luo, Ruobing Wu, Jie Wei, Zuzhuang Luo, Hongbo Shen",12-Aug-26,"Abstract

Credit risk assessment forms a cornerstone of banking risk management and the stability of the wider financial system. Over the past decade, the rapid development of machine learning (ML) techniques has substantially enhanced traditional credit risk assessment methodologies. ML has now emerged as a core technological pillar for the banking sector, strengthening risk identification capabilities, optimising credit decision-making, and advancing financial inclusion. Conventional credit scoring models, dominated by logistic regression (LR) and scorecard approaches, offer inherent strengths in interpretability and regulatory compliance. However, constrained by their linear assumptions, these methods struggle to capture complex non-linear relationships within credit data and deliver insufficient predictive accuracy for the “credit-invisible” population lacking formal credit histories. This paper presents a systematic literature review (SLR) of ML applications in credit risk assessment (CRA), covering publications from January 2016 to May 2026. A total of 894 papers were retrieved from five digital libraries, and following a rigorous multi-stage screening process, 129 studies were selected for final inclusion. Our analysis reveals that tree-based ensemble models and deep learning (DL) architectures predominate in contemporary research in this field. Meanwhile, post hoc explanation methods and machine learning operations (MLOps) are gaining significant traction as solutions to address fairness, transparency, and system maintenance challenges in real-world production environments. We synthesise prevailing methodologies into a unified end-to-end credit risk modelling framework spanning data preprocessing, feature engineering, model training, evaluation, and operational deployment. Through a critical assessment of the advantages, limitations, and inherent trade-offs of existing approaches, this SLR not only identifies current research gaps and future directions for the academic community, but also provides practical guidance for the banking sector to build compliant, fair, and efficient intelligent risk assessment systems.",https://www.mdpi.com/1911-8074/19/8/607
166,AI in Hepatology: Revolutionizing the Diagnosis and Management of Liver Disease,"Sheza Malik, Rishi Das, Thanita Thongtan, Kathryn Thompson, Nader Dbouk",22-Dec-24,"Abstract

The integration of artificial intelligence (AI) into hepatology is revolutionizing the diagnosis and management of liver diseases amidst a rising global burden of conditions like metabolic-associated steatotic liver disease (MASLD). AI harnesses vast datasets and complex algorithms to enhance clinical decision making and patient outcomes. AI’s applications in hepatology span a variety of conditions, including autoimmune hepatitis, primary biliary cholangitis, primary sclerosing cholangitis, MASLD, hepatitis B, and hepatocellular carcinoma. It enables early detection, predicts disease progression, and supports more precise treatment strategies. Despite its transformative potential, challenges remain, including data integration, algorithm transparency, and computational demands. This review examines the current state of AI in hepatology, exploring its applications, limitations, and the opportunities it presents to enhance liver health and care delivery.",https://www.mdpi.com/2077-0383/13/24/7833
167,"Three decades of DEA-machine learning integration (1996–2025): A
bibliometric analysis, science mapping, and state-of-the-art review","TO Kehinde, AA Oyedele, MK Kareem, J Akpan…","Temitope Olubanjo Kehinde a,* , Joseph Akpan b
, Kelvin K. Orisaremi a
,
Oludolapo A. Olanrewaju c
, Daniel Idoko Anyebe d
, Morenikeji Kabirat Kareem e","ABSTRACT
This study presents the first review that unifies a bibliometric analysis with an in-depth synthesis of methodological advances at the intersection of data envelopment analysis (DEA) and machine learning (ML), covering 3
decades of scholarly works from 1996 to 2025. Drawing on 500 peer-reviewed publications indexed in Scopus,
the review maps the field’s intellectual evolution, thematic structure, and collaboration dynamics using the
Bibliometrix package in R. The results reveal an exponential surge in research activity after 2015, driven largely
by contributions from Asia, particularly China and Iran, and methodological leadership from Europe, with Spain
emerging as the global epicenter of frontier-learning innovations. Science mapping further uncovers four
dominant thematic clusters and highlights a decisive shift from early ANN and SVM-based hybrids to deep
learning (DL), ensemble models, and recent attention-based architectures. A parallel state-of-the-art (SOTA)
synthesis shows the rise of post-DEA learning models such as Efficiency Analysis Trees (EAT), Convexified EAT
(CEAT), Data Envelopment Analysis-Based Machines (DEAM), Support Vector Frontier (SVF), Convexified SVF
(CSVF), SVF-Splines, Multivariate Adaptive Regression Splines (MARS), Relaxed Additive SVF (RASVF), Relaxed
Additive convex SVF (RAcSVF), Adaptive Constrained Enveloping Splines (ACES), and unsupervised DEA
(uDEA), signalling a conceptual transition toward ML-driven, interpretable frontier estimation. By integrating
scientometric evidence with methodological analysis, this review offers a complete survey of the DEA-ML
landscape to date and provides a foundational roadmap for future theoretical development and applied
research in dynamic efficiency modelling.",https://www.researchgate.net/profile/Joseph-Akpan-5/publication/400906218_Three_decades_of_DEA-Machine_Learning_integration_1996-2025_A_bibliometric_analysis_science_mapping_and_state-of-the-art_review/links/69e57b8ad2ec9a706ec0ec22/Three-decades-of-DEA-Machine-Learning-integration-1996-2025-A-bibliometric-analysis-science-mapping-and-state-of-the-art-review.pdf
168,Machine Learning and Metaheuristics Approach for Individual Credit Risk Assessment: A Systematic Literature Review,"Álex Paz, Broderick Crawford, Eric Monfroy, José Barrera-García, Álvaro Peña Fritz, Ricardo Soto, Felipe Cisternas-Caneo, Andrés Yáñez",17-May-25,"Abstract

Credit risk assessment plays a critical role in financial risk management, focusing on predicting borrower default to minimize losses and ensure compliance. This study systematically reviews 23 empirical articles published between 2019 and 2023, highlighting the integration of machine learning and optimization techniques, particularly bio-inspired metaheuristics, for feature selection in individual credit risk assessment. These nature-inspired algorithms, derived from biological and ecological processes, align with bio-inspired principles by mimicking natural intelligence to solve complex problems in high-dimensional feature spaces. Unlike prior reviews that adopt broader scopes combining corporate, sovereign, and individual contexts, this work focuses exclusively on methodological strategies for individual credit risk. It categorizes the use of machine learning algorithms, feature selection methods, and metaheuristic optimization techniques, including genetic algorithms, particle swarm optimization, and biogeography-based optimization. To strengthen transparency and comparability, this review also synthesizes classification performance metrics—such as accuracy, AUC, F1-score, and recall—reported across benchmark datasets. Although no unified experimental comparison was conducted due to heterogeneity in study protocols, this structured summary reveals consistent trends in algorithm effectiveness and evaluation practices. The review concludes with practical recommendations and outlines future research directions to improve fairness, scalability, and real-time application in credit risk modeling.",https://www.mdpi.com/2313-7673/10/5/326
169,Improving Sorption Capacity in Tight Reservoirs Through an Advanced Generalized Group Method of Data Handling (g-GMDH),"Elieneza Nicodemus Abelly, Feng Yang, Nafouant Mouigni Baraka, Irene Martin Ndunguru, Allou Koffi Franck Kouassi, Elizabeth Frederick Mumbuli",5-Jul-26,"Abstract
Natural gas from tight formations plays a critical role in global energy, while CO2 geo-storage offers a dual opportunity for climate mitigation and enhanced methane recovery. This paper proposes a novel generalized structure of group method of data handling (g-GMDH) to predict CO2 and CH4 sorption behavior using geological and operational inputs, including total organic carbon (TOC) content, pressure, temperature, and moisture. The g-GMDH demonstrates superior performance compared to other models, such as extreme gradient boosting (XGBoost), random forest (RF), light gradient boosting machine (LGBM), and multilayer perceptron (MLP), and show high coefficient of determination (R2) values and lower errors. During the training and testing phases, the models’ performance followed this order: g-GMDH > XGBoost > RF > LGBM > MLP. Using the g-GMDH model to predict CH4 excess sorption, the training dataset yielded R2 = 1, mean absolute error (MAE) = 0.01148, and relative root mean square error (RMSE) = 0.00193, while the testing dataset resulted in R2 = 0.998, MAE = 0.02383, and RMSE = 0.0312. Similarly, for modeling CO2 excess sorption using the g-GMDH model, the training data showed R2 = 1, MAE = 0.00283, and RMSE = 0.00126, while the testing data yielded R2 = 0.969, MAE = 0.0065, and RMSE = 0.0226. These findings highlight the substantial improvements using g-GMDH model to predict gas sorption, offering valuable insights for enhancing methane extraction efficiency and optimizing CO2 storage. This dual-purpose approach supports sustainable energy production and global climate mitigation goals.",https://link.springer.com/article/10.1007/s11053-026-10732-w
170,"Machine learning–driven biohydrogen production: a cross-pathway review of process performance, economics, and sustainability","Seyyed Alireza Ghafarian Nia, Wanxi Peng, Seyed Aryan Seyedalikhani, Ali Moadab, Sepehr Maghsoudlou, Maryam Ahmadi, Hesam Khadem Razavi, Sheida Hosseini, Reza Tashrifi, Seyed Mostafa Tabatabaie Kalejahi, Milad Golvirdizadeh, Seyyed Hassan Hosseini, Mortaza Aghbashlo",2026,"Abstract

Biohydrogen production offers a renewable route to convert biomass, organic residues, wastewater, and other biogenic carbon streams into a low-carbon energy carrier through biological, photochemical, electrochemical, and thermochemical pathways. Due to the complex, highly nonlinear nature of these conversion processes, conventional modeling approaches often struggle to capture system behavior across different operational scales and pathways. As a result, machine learning (ML) has emerged as a powerful tool for modeling and optimizing biohydrogen production systems. This review synthesizes ML-assisted biohydrogen production across feedstock–process–model relationships, algorithmic architectures, interpretability methods, optimization strategies, techno-economic performance, and environmental implications. The literature indicates that ML is primarily used as a surrogate modeling tool to predict hydrogen yield, production rate, syngas composition, electrochemical performance, and cost–emission trade-offs, with the greatest methodological focus on biomass gasification and fermentative systems. Across routes, influential descriptors cluster around feedstock chemistry, reaction environment, transport and electrochemical conditions, catalyst structure, irradiation regime, and residence-time effects. Despite their strong apparent predictive performance, current models remain limited by sparse and heterogeneous datasets, route-specific calibration, insufficient external validation, inadequate uncertainty quantification, and poor integration of mechanistic knowledge. Progress will require physics-informed and uncertainty-calibrated ML frameworks linked to active learning, external validation, techno-economic analysis, and life-cycle assessment. Such integration is essential for moving from local prediction toward transferable biohydrogen process design.",https://www.biofueljournal.com/&url=http:/www.biofueljournal.com/article_243626.html
171,Machine Learning Approaches for Bank Customer Churn Analysis,"Yasemin Bozkurt, Çiğdem Bakır",2024,"Abstract

With the development of technology, rapid developments are experienced in the banking sector, as in many other sectors. However, with these developments, many problems arise, especially customer losses. Customer losses are a common problem not only in banks but also in many institutions such as insurance, production and logistics, etc. Customer churn is when people performing banking activities begin to abandon these services. It also causes financial and prestige loss for banks. It is possible to minimize or eliminate this problem by providing good service to customers. However, in order to achieve this, it is necessary to accurately analyze the trends that customers care about when providing banking services and the characteristics that cause customer loss. For these reasons, this study aims to estimate the probability of a bank customer leaving the bank from which he receives service. In this study, a data set containing customer data of a bank was used. The data set has various features that include customers' demographic information, financial situations, and interactions with the bank. Using common machine learning algorithms such as Logistic Regression, Decision Trees, Support Vector Machines (SVM), Gradient Boosting, K-Nearest Neighbors (KNN) and Multi-Layer Perceptron (MLP), the reasons for bank customers leaving were determined and the results were evaluated. Cross-validation method was used to evaluate the performance of each proposed machine learning algorithm. Additionally, hyperparameter optimization was used to increase the classification accuracy of the proposed methods. The best parameters were determined with the GridSearchCV hyperparameter optimization method. The performances of the proposed machine learning algorithms are compared. When the findings were evaluated, it was observed that the Gradient Boosting method achieved the highest accuracy rate.",https://dergipark.org.tr/en/pub/epstem/article/1598444
172,"UTILISATION OF REMOTE SENSING, MACHINE
LEARNING, AND AGENT-BASED SIMULATION FOR
BIOPHYSICAL ASSESSMENT OF YOUNG BOREAL
FOREST",A Gyawali,2025,"Finland is transitioning to carbon neutrality, as demonstrated by the fact that in 2024, 95% of electricity production and 78% of heat production were carbon neutral. The biomass byproducts from first and pre-commercial thinning in young forests are recognised as a crucial bioenergy resource in Finland. Accurate forest monitoring in young forests is critical for sustainable biomass utilisation, carbon stock assessment, and effective silvicultural management. Remote sensing and simulation techniques offer efficient alternatives to labour-intensive field measurements for assessing key forest parameters such as tree height, canopy cover, species classification, and harvesting yield. This dissertation seeks to evaluate the performance of light detection and ranging (LiDAR) and digital aerial photogrammetry (DAP) in estimating individual tree height in young forests. It also examines boom corridor thinning as a cost-efficient management strategy, employing simulations to enhance corridor dimensions for harvester efficiency. Moreover, the estimation of forest canopy cover is assessed utilising vegetation indices derived from PlanetScope multispectral imagery, examined across six machine learning regression models. The final objectives include tree species identification using the latest YOLOv12 algorithm and semantic segmentation using random forest, CatBoost, and convolutional neural networks (CNN) models. A 30-hectare young forest in Pieksämäki, Finland, was surveyed using field measurement, UAV LiDAR, and DAP. Multispectral data from PlanetScope were collected for canopy cover modelling (regression) and tree species classification. The results show LiDAR outperformed DAP in estimating pine and birch height (R² = 0.81–0.86, RMSE = 1.44–1.56), while both performed similarly for spruce (R² = 0.83). Simulation results indicate that the optimal ratio of corridor width to unclear area length is between 0.5 and 1.0 to achieve a removal of 40% to 60%. PlanetScope-based canopy cover estimation using LightGBM yielded the highest accuracy (R² = 0.64–0.69, RMSE = 0.16). For species classification, YOLOv12 reached 79% detection accuracy, and CatBoost segmentation achieved 85% accuracy and 81% MCC, surpassing CNN when combining RGB, CHM, and vegetation indices. The results show the potential of remote sensing, simulation, and machine learning methods for forest inventory, thinning strategies, and tree species classification in boreal forests.",https://lutpub.lut.fi/handle/10024/170740
173,Energy Forecasting: A Comprehensive Review of Techniques and Technologies,"Aristeidis Mystakidis, Paraskevas Koukaras, Nikolaos Tsalikidis, Dimosthenis Ioannidis, Christos Tjortjis",30-Mar-24,"Abstract

Distribution System Operators (DSOs) and Aggregators benefit from novel energy forecasting (EF) approaches. Improved forecasting accuracy may make it easier to deal with energy imbalances between generation and consumption. It also helps operations such as Demand Response Management (DRM) in Smart Grid (SG) architectures. For utilities, companies, and consumers to manage energy resources effectively and make educated decisions about energy generation and consumption, EF is essential. For many applications, such as Energy Load Forecasting (ELF), Energy Generation Forecasting (EGF), and grid stability, accurate EF is crucial. The state of the art in EF is examined in this literature review, emphasising cutting-edge forecasting techniques and technologies and their significance for the energy industry. It gives an overview of statistical, Machine Learning (ML)-based, and Deep Learning (DL)-based methods and their ensembles that form the basis of EF. Various time-series forecasting techniques are explored, including sequence-to-sequence, recursive, and direct forecasting. Furthermore, evaluation criteria are reported, namely, relative and absolute metrics such as Mean Absolute Error (MAE), Root Mean Square Error (RMSE), Mean Absolute Percentage Error (MAPE), Coefficient of Determination (
R
2
), and Coefficient of Variation of the Root Mean Square Error (CVRMSE), as well as the Execution Time (ET), which are used to gauge prediction accuracy. Finally, an overall step-by-step standard methodology often utilised in EF problems is presented.",https://www.mdpi.com/1996-1073/17/7/1662
174,Embedded System Application for Motion Prediction in Fluorescence Imaging of Live Cell Processes,J Paez Piñeros,2025,,https://www.utupub.fi/bitstream/handle/10024/182213/Embedded%20System%20Application%20for%20Motion%20Prediction%20in%20Fluorescence%20Imaging%20of%20Live%20Cell%20Processes.pdf?sequence=1
175,"Machine learning-based comprehensive analysis of m6A RNA methylation regulators in colorectal cancer: implications for prognosis, immune microenvironment, and immunotherapy response","Feifei Kong, Jiawei Feng, Haixia Shan, Youlong Zhu, Ling-Jun Zhu",2026,"Abstract

N6-methyladenosine (m6A) RNA methylation regulators have been implicated in colorectal cancer (CRC) progression. However, systematic evaluation using multiple machine learning approaches for prognostic prediction remains limited. This study aimed to develop and validate machine learning models for CRC prognosis based on m6A regulators and assess their potential for immunotherapy response prediction. We analyzed 1,047 CRC patients from TCGA and GEO databases (70% training, 30% validation). Twenty machine learning algorithms were systematically evaluated, with LASSO regression selecting optimal features from 27 m6A regulators. SHAP analysis provided model interpretability. Immune microenvironment characterization and immunotherapy response prediction were performed using established computational methods. LASSO regression selected eight m6A regulators (IGF2BP2, METTL3, HNRNPA2B1, METTL14, YTHDF2, VIRMA, FTO, ALKBH5) for model construction. Among 20 algorithms tested, Random Forest achieved optimal performance (training AUC = 0.895, validation AUC = 0.847). SHAP analysis identified IGF2BP2 (mean |SHAP| = 0.42) and METTL3 (mean |SHAP| = 0.36) as primary contributors to risk prediction. Risk stratification showed significant survival differences (HR = 2.41, 95% CI: 1.73–3.36, p &lt; 0.001). Low-risk patients demonstrated enhanced immune infiltration with higher CD8 + T cells (17.8% vs. 10.2%, p &lt; 0.001) and better predicted immunotherapy response rates (36.5% vs. 20.3%, p = 0.006). Our systematic machine learning analysis demonstrates that m6A regulators can effectively predict CRC prognosis and immunotherapy response. The eight-gene signature provides a practical tool for clinical risk assessment and treatment decision-making.",https://pmc.ncbi.nlm.nih.gov/articles/PMC12847061/
176,Feature Selection in Corporate Bankruptcy Prediction Using ML Techniques: A Systematic Literature Review,"Mohd Raagib Shakeel, Taufeeque Ahmad Siddiqui, Shahzad Alam",24-May-23,"Abstract
Systematic literature reviews have long been acknowledged as an important tool for evaluating knowledge theoretically, bridging gaps, and establishing the groundwork for future endeavours. However, in the realm of corporate bankruptcy prediction, systematic literature reviews are few and far between, and none exist for key attributes such as feature selection. This study takes a holistic approach to systematically and qualitatively analyse the feature selection techniques employed by researchers, based on the protocol of the preferred reporting items for systematic reviews and meta-analyses (PRISMA). Furthermore, our goal is to bring together all of the key characteristics, such as feature selection techniques, different machine learning techniques, evaluation criteria, evaluation criteria outcomes, and the research end result, in one place for any interested researcher who wants to do an analysis or view a summary. For the period 2015–2021, the Scopus database and the reference lists of the selected research papers were used to extract a total of 36 articles. The result indicates the split of feature selection approaches under the heading “filter, wrapper, and embedded,” which were employed independently and in combination by various authors. The filter approach is clearly the most preferred amongst researchers due to its simple structure and superior results. Furthermore, we discovered that to acquire the most important variables, multiple feature selection methods were used within the feature selection techniques categories.",https://link.springer.com/chapter/10.1007/978-981-19-8865-3_32
177,A review of geological and triggering factors influencing landslide susceptibility: artificial intelligence-based trends in mapping and prediction,"M. Ehsan, M. T. Anees, A. F. B. A. Bakar, A. Ahmed",9-Sep-25,"Abstract
Landslides are one of the most devastating natural hazards in many regions of the globe and lead to thousands of deaths globally each year. Factors affecting landslides vary in different climates. The complex interaction of geological and triggering factors leads to slope failures and difficulty in landslide prediction. Therefore, this study aimed to do a bibliometric analysis and review of geological and triggering factors used in previous studies for landslide susceptibility mapping and prediction. This review includes 102 scientific articles from peer-reviewed Web of Science journals from 2020 to 2024. The review has four components such as (i) research publication trends and their geographic distribution; (ii) analysis of the role of prominent and triggering factors in recent landslides; (iii) integration of geological and triggering factors into the artificial intelligence algorithms; (iv) case studies analysis on the use of AI algorithms for landslide susceptibility mapping and prediction. The publication pattern reveals that most research outputs are from Asian countries like China and India, reflecting their vulnerability to such disasters. Most studies used slope angles as a geological factor, while rainfall is the most common triggering factor in landslide susceptibility and prediction. Additionally, with technological advancement, artificial intelligence is effective in landslide susceptibility mapping and prediction with increasing efficiency. Furthermore, this work provides valuable insights for developing region-specific landslide mitigation strategies and underscores the potential of interdisciplinary approaches combining geology, meteorology, anthropogenic, and artificial intelligence for effective disaster management.",https://link.springer.com/article/10.1007/s13762-025-06741-6
178,"A Review of OBD-II-Based Machine Learning Applications for Sustainable, Efficient, Secure, and Safe Vehicle Driving","Emmanouel T. Michailidis, Antigoni Panagiotopoulou, Andreas Papadakis",29-Jun-25,"Abstract

The On-Board Diagnostics II (OBD-II) system, driven by a wide range of embedded sensors, has revolutionized the automotive industry by enabling real-time monitoring of key vehicle parameters such as engine load, vehicle speed, throttle position, and diagnostic trouble codes. Concurrently, recent advancements in machine learning (ML) have further expanded the capabilities of OBD-II applications, unlocking advanced, intelligent, and data-centric functionalities that significantly surpass those of conventional methodologies. This paper presents a comprehensive investigation into ML-based applications that leverage OBD-II sensor data, aiming to enhance sustainability, operational efficiency, safety, and security in modern vehicular systems. To this end, a diverse set of ML approaches is examined, encompassing supervised, unsupervised, reinforcement learning (RL), deep learning (DL), and hybrid models intended to support advanced driving analytics tasks such as fuel optimization, emission control, driver behavior analysis, anomaly detection, cybersecurity, road perception, and driving support. Furthermore, this paper synthesizes recent research contributions and practical implementations, identifies prevailing challenges, and outlines prospective research directions.",https://www.mdpi.com/1424-8220/25/13/4057
179,Customer churn prediction from Internet banking transactions data using an ensemble meta-classifier algorithm,F Ehsani,2022,"Abstract
With the advancement of electronic markets platforms, customers show different purchase behaviors. Since they have a wide range of choices and low exit barriers, customer movement from one digital store to another has become a natural problem for every business. Customers are the most valuable property of every enterprise. Thus, Suppliers have to tie a strong relationship with their customers to prevent their leaving by providing the most appropriate produces and services based on their desires and trying to satisfy them. Customer churn prediction (CCP) is one of the customer relationship management (CRM) strategies to estimate the probability of their abandonment. Marketers use CCP to attract visitors, engage them in websites activities, convert them into customers, and retain them for a long time. Internet banking transactions dataset is a dependable resource to analyze customer interactions and their churn behaviors. Transactions data scrutinizes the customer's specifications and their payment details. In this paper, we introduced a meta-classifier algorithm to predict customer churn behavior according to the transactions data. We applied the four most used supervised classification algorithms. Then, we improved their performance by hyperparameters and tuning. We also performed RFECV feature selection to extract and rank the most critical variables. The experimental results represent that combining various machine learning developed algorithms in a funnel of meta-classifier can extract the highest prediction accuracy.

",https://www.academia.edu/download/120482960/latest.pdf
180,A Review of Analysing Heavy Metal Pollution with Data Science Approaches,"Lina Gozali, Christyfianie Elva Angelica",17-Jan-26,"Abstract
The heavy metal pollution in water and soil has become a pressing environmental issue, posing risks to ecosystems and human health. Traditional monitoring methods are often costly and time-consuming, leading to the adopting of data science techniques for more efficient and accurate assessments. This review examines recent machine learning and predictive modelling studies to analyse heavy metal contamination. Machine learning models have been applied to predict contamination levels, assess environmental risk factors, and identify high-risk pollution zones. Additionally, remote sensing and probabilistic models have improved large-scale monitoring capabilities. While these advancements enhance contamination forecasting, challenges remain regarding model interpretability, computational efficiency, and data quality. Future research should focus on hybrid AI models, real-time monitoring systems, and standardised performance benchmarks to improve prediction accuracy and environmental decision-making. By integrating data science with environmental management, this study highlights the potential of predictive analytics in mitigating heavy metal pollution and fostering sustainable development.",https://link.springer.com/chapter/10.1007/978-3-032-13177-5_23
181,A quick appraisal of Machine learning techniques in different aspects of rice cultivation,"Abhishek Singh, Nikhil Kumar Singh",2026,"Abstract

Rice is the most important cereal crop in the world, consumed by more than half of the global population. With the projected world population reaching around 9&nbsp;billion by 2050, the cultivation of the rice crop becomes important for the food security of the world. Machine learning methods ...",https://www.researchsquare.com/article/rs-9948244/latest
182,"Machine Learning
Parameters of Optimally Tuned Range-Separated
Hybrid Functionals for Transition Metal Complexes","Xiang-Yang Liu, Qing-Xin Xiang, Sheng-Rui Wang, Dongyi Xiao, Wei-Hai Fang, Ganglong Cui",2025,"Abstract

In this work, we present a machine learning (ML) approach for predicting the optimal range separation parameters in transition metal complexes (TMCs), aiming to reduce the computational cost associated with optimally tuned range-separated hybrid (OT-RSH) functionals while preserving their accuracy. A data set containing 4380 TMCs was constructed by screening the tmQM database, with each TMC represented by a 62 087-dimensional multiple-fingerprint feature (MFF) vector and labeled with its optimally tuned range separation parameter. Multiple regression models were applied to train the prediction model, and the support vector machine (SVM) model yielded the best performance. The resulting machine-learned functional, ML-LC-PBE0*, achieves ionization potentials comparable to those obtained from fully tuned LC-PBE0* calculations but at a reduced computational cost. Furthermore, comparisons with DLPNO-CCSD­(T) reference values confirm that ML-LC-PBE0* consistently outperforms conventional global and fixed parameter RSH functionals. This work provides an efficient and accurate framework for high-throughput screening and electronic structure prediction of TMCs, paving the way for the discovery of advanced TMC-based optoelectronic materials.",https://pubs.acs.org/doi/abs/10.1021/acs.jpclett.5c01940
183,UK Biobank-centric advances in brain age prediction: a comprehensive review,"Yanxue Li, Hongjian Gao, Lan Lin, Yutong Wu, Xinyu Zhu",29-Sep-25,"Abstract

With the accelerating global population aging, establishing effective brain health assessment systems has emerged as a critical challenge in public health. Neuroimaging-based brain age prediction, serving as a potential biomarker for evaluating individual brain aging, has achieved remarkable breakthroughs in recent years. However, the accuracy of current brain age prediction models remains substantially dependent on the quality and representativeness of their training datasets. Consequently, constructing larger-scale, population-representative, and high-quality datasets is essential for enhancing the reliability of brain age prediction. This systematic review synthesizes findings from 70 peer-reviewed studies (2014–2024) that utilized the UK Biobank (UKB) for brain age prediction, focusing on paradigm-shifting advancements in machine learning and deep learning algorithms. We comprehensively analyze influential factors associated with brain age and their clinical implications, while critically evaluating the unique advantages and inherent limitations of the UKB dataset in this research domain. Furthermore, this work proposes future research directions to address existing methodological gaps and enhance clinical applicability. This study systematically elucidates the advancements in brain age prediction research based on the UKB dataset, aiming to promote deeper exploration in this field and provide theoretical foundations and practical guidance for the precise diagnosis and treatment of neurodegenerative diseases, as well as the formulation of individualized intervention strategies.",https://www.degruyterbrill.com/document/doi/10.1515/revneuro-2025-0055/html
184,Bridging Pedology and Data Science: Machine Learning Applications for Soil Organic Matter and Carbon Analysis,"Aria Dolatabadian, Khalil Kariman",29-May-26,"Abstract

Accurate quantification of soil organic matter (SOM) and carbon content is critical for understanding climate change, evaluating soil health, supporting agricultural sustainability, and implementing carbon sequestration policies. For decades, classical analytical and statistical approaches have underpinned soil carbon assessment, but the emergence of machine learning (ML) techniques offers new opportunities to improve prediction accuracy, scalability, and efficiency. This review summarises the current knowledge on classical and ML-based approaches for analysing SOM and carbon content. We examine the strengths, limitations, and practical applications of conventional methods, including wet chemistry, dry combustion analysis, and geostatistical techniques, alongside modern ML approaches such as random forests (RFs), gradient boosting machines, neural networks, deep learning, and hybrid ML-geostatistical frameworks. Special emphasis is placed on comparative analysis across dimensions, including prediction accuracy, computational requirements, data availability needs, interpretability, uncertainty quantification, and scalability. Soil carbon stocks and dynamics are tightly regulated by indigenous soil microbial communities and their management-driven alterations, creating substantial biologically driven variation that remains difficult to capture with current modelling approaches. We therefore explore hybrid approaches that integrate classical pedological knowledge with ML capabilities. Finally, we discuss emerging challenges, future research directions, and the complementary role these approaches play in advancing soil carbon science. This review concludes that neither classical nor ML approaches alone are sufficient for accurate carbon assessment across diverse scales and environments. Instead, their strategic integration, combining classical mechanistic grounding alongside machine learning’s scalability, represents the most promising path toward realistic soil carbon evaluation for climate change mitigation and agricultural sustainability.",https://www.mdpi.com/2076-3417/16/11/5412
185,"Smart air quality assessment in Ghaziabad, India: machine learning approaches for AQI forecasting and classification","I. Dawar, V. Singh, T. Singhal, M. Bhushan, K. Agarwal",21-Apr-26,"Abstract
Air pollution poses a significant threat to public health and environmental sustainability, particularly in urban areas with rapid industrialization and high vehicular emissions. This study focuses on Ghaziabad, one of India’s most polluted cities, to predict the Air Quality Index (AQI) using hourly environmental parameters such as pollutant concentrations, temperature, wind speed, and humidity, recorded from three monitoring stations. The primary objective is to evaluate AQI prediction models that can assist policymakers and urban planners in taking timely measures to improve air quality and public health. Several Machine Learning (ML) algorithms are used for AQI prediction, including Linear Regression (LR), Random Forest Regressor (RFR), Long Short-Term Memory (LSTM), and Extreme Gradient Boosting Regressor (XGBR). Among these, XGBR delivered the best performance, achieving a Mean Absolute Error of 2.536, a Mean Absolute Percentage Error of 1.62%, a Root Mean Square Error of 5.495, and an R2 score of 0.997, indicating highly accurate predictions. Furthermore, these AQI values were classified into various categories using different models, in which the XGB classifier performed the best, achieving an accuracy of 97.62%. The findings demonstrate the efficacy of ML models in forecasting AQI with high precision using environmental variables. This research contributes directly to the United Nations Sustainable Development Goal (SDG) 11: Sustainable Cities and Communities by promoting data-driven urban air quality management. Integrating such predictive models into smart city frameworks is recommended to facilitate real-time air quality monitoring and proactive environmental policymaking.",https://link.springer.com/article/10.1007/s13762-026-07174-5
186,"Land Subsidence Susceptibility Mapping in Semi-Arid Regions Using PS-InSAR and Tree-Based Ensemble Machine Learning: A Case Study From Çumra, Türkiye",Burhan Baha Bilgilioğlu,11-Jun-26,"Abstract

ABSTRACT
Land subsidence is an increasing environmental hazard in semi-arid agricultural basins where intensive groundwater abstraction, compressible geological units, and expanding land-use pressures interact. This study presents a PS-InSAR and machine-learning-based framework for land subsidence susceptibility mapping in the Çumra District of the Konya Closed Basin, Türkiye. A time-series PS-InSAR analysis was conducted using 172 Sentinel-1A ascending images acquired between 2018 and 2023, and 11,718 high-confidence subsidence points were extracted as the inventory dataset. Fourteen conditioning factors representing topographic, hydrogeological, lithological, environmental, and anthropogenic controls were integrated with eight tree-based ensemble models optimized using Optuna. Random Forest achieved the highest overall performance, with an accuracy of 0.9745, precision of 0.9562, recall of 0.9945, F1 score of 0.9750, and Cohen's Kappa of 0.9490, followed by Extremely Randomized Trees and XGBoost. Class-specific validation also confirmed the reliability of Random Forest in delineating the Very High Susceptibility class. Variable importance analysis identified land use, proximity to settlements, well density, and groundwater level change as the dominant predictors, emphasizing the role of groundwater-related anthropogenic pressure in subsidence development. The resulting susceptibility maps provide a spatial decision-support basis for groundwater management, land use planning, and subsidence risk mitigation.",https://onlinelibrary.wiley.com/doi/abs/10.1111/tgis.70317
187,Design of Threat Detection Model for IoT-Enabled Smart Environment,"Anchal Dahiya, Pooja Mittal",2023,"Abstract

In an era marked by the pervasive integration of Internet of Things (IoT) technology into diverse sectors, safeguarding the security of IoT-enabled smart environments has emerged as a paramount concern. This paper presents a threat detection model specifically designed for IoT-enabled smart environments. A “DS2OS” dataset is utilized for evaluation, and machine learning techniques, including SVM, DT, RFT, and XGBT, are employed. The results show high accuracy, precision, and recall for each technique. Furthermore, a proposed voting classifier achieves exceptional performance with a 99% accuracy rate, contributing to improved security and safety in IoT-enabled environments. By providing an advanced threat detection mechanism, this model contributes to enhancing the security and reliability, ultimately promoting the widespread adoption and utilization of IoT technology for societal benefit.",https://ieeexplore.ieee.org/abstract/document/10541469/
188,Advances in Traffic Congestion Prediction: An Overview of Emerging Techniques and Methods,"Aristeidis Mystakidis, Paraskevas Koukaras, Christos Tjortjis",7-Feb-25,"Abstract

What are the main findings?",https://www.mdpi.com/2624-6511/8/1/25
189,Machine learning for applied economic analysis: Gaining practical insights,"M Smith, F Alvarez",2025,"Abstract

Machine learning (ML) is becoming an essential tool in economics, offering powerful methods for prediction, classification, and decision-making. This paper provides an intuitive introduction to two widely used families of ML models: tree-based methods (decision trees, Random Forests, boosting techniques) and neural networks. The goal is to equip practitioners with a clear understanding of how these models work, their strengths and limitations, and their applications in economics. Additionally, we briefly discuss some other methods, as support vector machines (SVMs) and Shapley values, highlighting their relevance in economic research. Rather than providing an exhaustive survey, this paper focuses on practical insights to help economists effectively apply ML in their work.",https://documentos.fedea.net/pubs/dt/2025/dt2025-03.pdf
190,Ensemble Machine Learning Approaches Based on Molecular Descriptors and Graph Convolutional Networks for Predicting the Efflux Activities of MDR1 and BCRP Transporters,"Asahi Adachi, Tomoki Yamashita, Shigehiko Kanaya, Yohei Kosugi",12-Sep-23,"Abstract
Multidrug resistance (MDR1) and breast cancer resistance protein (BCRP) play important roles in drug absorption and distribution. Computational prediction of substrates for both transporters can help reduce time in drug discovery. This study aimed to predict the efflux activity of MDR1 and BCRP using multiple machine learning approaches with molecular descriptors and graph convolutional networks (GCNs). In vitro efflux activity was determined using MDR1- and BCRP-expressing cells. Predictive performance was assessed using an in-house dataset with a chronological split and an external dataset. CatBoost and support vector regression showed the best predictive performance for MDR1 and BCRP efflux activities, respectively, of the 25 descriptor-based machine learning methods based on the coefficient of determination (R2). The single-task GCN showed a slightly lower performance than descriptor-based prediction in the in-house dataset. In both approaches, the percentage of compounds predicted within twofold of the observed values in the external dataset was lower than that in the in-house dataset. Multi-task GCN did not show any improvements, whereas multimodal GCN increased the predictive performance of BCRP efflux activity compared with single-task GCN. Furthermore, the ensemble approach of descriptor-based machine learning and GCN achieved the highest predictive performance with R2 values of 0.706 and 0.587 in MDR1 and BCRP, respectively, in time-split test sets. This result suggests that two different approaches to represent molecular structures complement each other in terms of molecular characteristics. Our study demonstrated that predictive models using advanced machine learning approaches are beneficial for identifying potential substrate liability of both MDR1 and BCRP.",https://link.springer.com/article/10.1208/s12248-023-00853-y
191,An Automated Framework for Interaction Analysis of Driving Factors on Soil Salinization in Central Asia and Western China,"Lingyue Wang, Ping Hu, Hongwei Zheng, Jie Bai, Ying Liu, Olaf Hellwich, Tie Liu, Xi Chen, Anming Bao",11-Mar-25,"Abstract

Soil salinization is a global ecological and environmental problem, which is particularly serious in arid areas. The formation process of soil salinity is complex, and the interactive effects of natural causes and anthropogenic activities on soil salinization are elusive. Therefore, we propose an automated machine learning framework for predicting soil salt content (SSC), which can search for the optimal model without human intervention. At the same time, post hoc interpretation methods and graph theory knowledge are introduced to visualize the nonlinear interactions of variables related to SSC. The proposed method shows robust and adaptive performance in two typical arid regions (Central Asia and Xinjiang Province in western China) under different environmental conditions. The optimal algorithms for the Central Asia and Xinjiang regions are Extremely Randomized Trees (ET) and eXtreme Gradient Boosting (XGBoost), respectively. Moreover, precipitation and minimum air temperature are important feature variables for salt-affected soils in Central Asia and Xinjiang, and their strongest interaction effects are latitude and normalized difference water index. In both study areas, meteorological factors exhibit the greatest effect on SSC, and demonstrate strong spatiotemporal interactions. Soil salinization intensifies with long-term climate warming. Regions with severe SSC variation are mainly distributed around the irrigation water source and in low-terrain basins. From 1950 to 2100, the regional mean SSC (g/kg) varies by +20.94% and +64.76% under extreme scenarios in Central Asia and Xinjiang, respectively. In conclusion, our study provides a novel automated approach for interaction analysis of driving factors on soil salinization in drylands.",https://www.mdpi.com/2072-4292/17/6/987
192,Intelligent Reserve Prediction via Semantically-Enhanced Foundation Models: Towards Automated Decision-Making in Energy Exploration,"Le Miao, Jiashi Liu, Le Yang, Binglu Wang",2026,"Abstract

In the field of industrial automation and intelligent decision support systems, accurate prediction from limited heterogeneous data remains a critical challenge. Oil and gas reserve prediction, a pivotal task in exploration automation, is often plagued by limited sample sizes and multi-modal data comprising numerical measurements and textual features. Traditional machine learning models struggle to automate the extraction of rich semantic information, while existing deep learning models often lack native support for multi-modal inputs. To address these limitations and advance intelligent data mining techniques, this paper proposes a Semantically-Enhanced Tabular Foundation Model (SE-TFM). Our approach automates feature fusion by integrating a pre-trained language model to extract high-dimensional semantic embeddings and fusing them with numerical features via a learnable linear projection. Leveraging a Transformer-based architecture pre-trained on extensive synthetic priors, this intelligent framework effectively captures non-linear relationships in small-sample scenarios without extensive hyperparameter tuning. Experiments on a real-world dataset demonstrate that the proposed SE-TFM achieves an $R^{2}$ of 0.8929, significantly outperforming traditional methods and reducing prediction error by 5.7%. This work contributes to the development of robust, automated prediction algorithms for complex industrial applications.",https://ieeexplore.ieee.org/abstract/document/11580246/
193,Prediction of Adherence to an Online Wellness Program for People with Mobility Limitations: A Machine Learning Approach,"Salma Aly, Hui-Ju Young, James H. Rimmer, Tapan Mehta",19-Mar-26,"Abstract

Background/

Objectives: People with mobility limitations face disproportionately high rates of chronic health conditions and demonstrate lower adherence to wellness interventions. Digital programs such as MENTOR offer accessible alternatives but often face high rates of attrition. This study applied machine learning (ML) methods to predict adherence to the eight-week MENTOR telewellness program and identify key predictors of participant attendance. 

Methods: Data were drawn from 1218 adults enrolled in MENTOR (2023–2024). Adherence was defined as the percentage of 40 sessions attended. Baseline demographic, socioeconomic, psychosocial, mindfulness, resilience, health status, and physical activity variables were included as predictors. Following preprocessing and imputation, 13 ML regression models were trained using an 80/20 train–test split. The best-performing model was identified using mean absolute error (MAE), followed by feature selection and SHAP interpretability analyses. Pairwise synergy analysis quantified interactions between top predictors. 

Results: Model performance was modest overall. Bayesian ridge regression achieved the best performance (MAE 20.98; RMSE 25.26; R2 = 0.12). SHAP analyses revealed that education, race, emotional support, Area Deprivation Index, household size, mindfulness, life satisfaction, and disability onset were the strongest predictors of adherence. Higher emotional support, mindfulness, and life satisfaction were associated with greater adherence, while socioeconomic disadvantage predicted lower adherence. Synergy analyses showed the strongest predictive interactions between low education and psychosocial resources (emotional support and life satisfaction). 

Conclusions: Baseline characteristics alone modestly predicted adherence to a digital wellness program. However, psychosocial and socioeconomic factors emerged as meaningful predictors, underscoring the need for personalized support strategies to reduce dropout among participants with mobility limitations.",https://www.mdpi.com/2227-9032/14/6/781
194,Predictive maintenance in Industry 4.0: a survey of planning models and machine learning techniques,"Ida Hector, Rukmani Panjanathan",14-May-24,"Abstract

Equipment downtime resulting from maintenance in various sectors around the globe has become a major concern. The effectiveness of conventional reactive maintenance methods in addressing interruptions and enhancing operational efficiency has become inadequate. Therefore, acknowledging the constraints associated with reactive maintenance and the growing need for proactive approaches to proactively detect possible breakdowns is necessary. The need for optimisation of asset management and reduction of costly downtime emerges from the demand for industries. The work highlights the use of Internet of Things (IoT)-enabled Predictive Maintenance (PdM) as a revolutionary strategy across many sectors. This article presents a picture of a future in which the use of IoT technology and sophisticated analytics will enable the prediction and proactive mitigation of probable equipment failures. This literature study has great importance as it thoroughly explores the complex steps and techniques necessary for the development and implementation of efficient PdM solutions. The study offers useful insights into the optimisation of maintenance methods and the enhancement of operational efficiency by analysing current information and approaches. The article outlines essential stages in the application of PdM, encompassing underlying design factors, data preparation, feature selection, and decision modelling. Additionally, the study discusses a range of ML models and methodologies for monitoring conditions. In order to enhance maintenance plans, it is necessary to prioritise ongoing study and improvement in the field of PdM. The potential for boosting PdM skills and guaranteeing the competitiveness of companies in the global economy is significant through the incorporation of IoT, Artificial Intelligence (AI), and advanced analytics.",https://peerj.com/articles/cs-2016/
195,A Review of Federated Machine Learning for Crop Yield Prediction: Sustainable Integration of IOT and Smart Agriculture,"J Jagadeesan, R Nagarajan",2026,"Abstract

Federated Machine Learning (FML) has become an increasingly common approach for addressing data security and privacy issues in fields such as the Internet of Things (IoT) and agriculture. The application of FML in crop yield prediction is the primary objective of this review paper. Decentralized data from agricultural systems and Internet of Things devices is used to train models cooperatively without compromising sensitive data. FML ensures that data remains local by enabling distributed learning across several edge devices, improving privacy, and enabling effective and precise agricultural output forecasting. IoT sensors gather a variety of data in smart agriculture, including plant health measurements, soil conditions, and weather patterns. These data may be easily included in federated learning frameworks to provide real-time insights and decision -making. This study examines recent developments in agriculture -specific federated learning approaches, emphasizing important issues including communication effectiveness, model personalization, and data heterogeneity. The study additionally examines new developments in federated learning and innovative machine learning approaches to increase prediction accuracy, lower computing costs, and offer dependable options for sustainable agriculture.",https://www.indjcst.com/archiver/archives/a_review_of_federated_machine_learning_for_crop_yield_prediction_sustainable_integration_of_iot_and_smart_agriculture.pdf
196,Machine learning-based risk predictive models for depression in patients with diabetes: a systematic review and meta-analysis,"Xingxin Cai, Guiying Guo, Jun Zhou, Mengqi Han, Yuanyuan Cui, Zhenglin Chen",4/15/2026,"Abstract

Background: Currently, numerous studies have employed machine learning (ML) methods to develop predictive models for depression risk in patients with diabetes mellitus (DM); however, the findings remain inconsistent. Therefore, this study aims to clarify the current state of research and emerging trends in this field by systematically evaluating the performance, strengths, and limitations of existing prediction models.

Objective: This systematic review evaluates the performance and clinical applicability of ML-based depression risk prediction models for patients with DM, providing reliable evidence to assist healthcare professionals in selecting and optimizing more appropriate prediction models.

Methods: We conducted a systematic search of clinical studies employing ML approaches to predict depression risk in patients with DM across the PubMed, Embase, Cochrane Library, and Web of Science databases, from their inception to January 2026. The primary performance metric for the models was the area under the receiver operating characteristic curve (AUC) along with its 95% confidence interval (95% CI). Two independent researchers screened the literature, extracted data, and used PROBAST-AI to assess the risk of bias and clinical applicability of the included studies. Pooled AUC was estimated using the Der Simonian and Laird random-effects model.

Results: A total of 14 studies comprising 64 distinct ML models were included. All included studies were assessed as high risk of bias and high clinical applicability. A pooled analysis of the best-performing ML prediction models reported in each study showed a pooled AUC of 0.822 (95% CI, 0.789-0.858), indicating relatively good overall predictive performance. However, there was substantial heterogeneity among the studies (I² = 97.4%; P < 0.001). Subgroup analysis based on ML model types revealed the following pooled AUC values: 0.765 (95% CI 0.706-0.829) for traditional regression models, 0.789 (95% CI 0.747-0.834) for general machine learning models, and 0.802 (95% CI 0.769-0.836) for deep learning models. Notably, logistic regression (LR) (n = 10) was the most frequently employed ML method for developing depression risk prediction models in patients with DM. To evaluate model generalizability and avoid overfitting, the included studies adopted three validation strategies: 5-fold cross-validation yielded a pooled AUC of 0.913 (95% CI 0.781-1.067), 10-fold cross-validation yielded 0.819 (95% CI 0.781-0.858), and random split validation yielded 0.747 (95% CI 0.648-0.862). The most commonly used predictors in the included models were age, sex, and body mass index (BMI), which are readily available in clinical  and strongly associated with depression risk.

Conclusions: ML-based depression risk prediction models for patients with DM demonstrate overall satisfactory predictive performance. However, most existing studies had relatively small sample sizes and lacked external validation. Future research should prioritize refining study design and optimizing clinical data processing to improve the generalizability and stability of these models in clinical practice.",https://www.frontiersin.org/journals/endocrinology/articles/10.3389/fendo.2026.1816661/full
197,Artificial intelligence for early prediction of gestational diabetes mellitus and preeclampsia: a systematic review of machine learning models and clinical decision support systems,"Subhashree Barada, Ramani Selvanambi",7/30/2026,"Abstract Gestational diabetes mellitus (GDM) and preeclampsia are among the most significant pregnancy complications, affecting approximately 5–15% and 2–8% of pregnancies worldwide, respectively. These disorders share overlapping metabolic, vascular, inflammatory, and placental mechanisms, highlighting the need for integrated approaches to early prediction and risk assessment. However, existing artificial intelligence (AI)-based prediction models generally address GDM and preeclampsia independently and are often limited by inadequate multimodal data integration, insufficient external validation, and limited model interpretability. This systematic review synthesizes recent advances (2020–2026) in AI-based prediction of GDM and preeclampsia, with emphasis on predictive methodologies, data modalities, validation strategies, and potential clinical applications. The review was conducted in accordance with the PRISMA 2020 guidelines, and 120 studies employing machine learning (ML), deep learning (DL), and hybrid AI approaches using clinical, biochemical, electronic health record (EHR), and multimodal data were included. Across the reviewed studies, AI-based models demonstrated promising predictive performance, with reported area under the receiver operating characteristic curve (AUC) values ranging from 0.70 to 0.95. Ensemble and deep learning approaches generally outperformed conventional statistical methods, particularly when multimodal data were integrated. Frequently identified predictive variables included maternal clinical characteristics, metabolic biomarkers, inflammatory biomarkers, and angiogenic markers such as soluble fms-like tyrosine kinase-1 (sFlt-1) and placental growth factor (PlGF). Nevertheless, important methodological challenges remain, including limited external validation, substantial data heterogeneity, insufficient model interpretability, inconsistent reporting practices, and limited integration into routine clinical workflows. Furthermore, most existing AI models predict GDM or preeclampsia independently despite their shared pathophysiological mechanisms, highlighting an important gap in current prediction research. This review provides a comprehensive synthesis of epidemiological, clinical, mechanistic, and AI-based evidence and proposes an evidence-informed conceptual framework that integrates multimodal data, mechanism-aware modeling, explainable AI, standardized validation, and clinical decision-support considerations. Rather than representing a validated predictive system, the proposed framework provides a conceptual foundation to guide future AI model development, prospective validation, and clinical evaluation. Overall, the findings highlight key opportunities and remaining challenges for developing robust, interpretable, and generalizable AI-based prediction models to support future precision maternal healthcare and improve maternal and neonatal outcomes.",https://www.frontiersin.org/journals/artificial-intelligence/articles/10.3389/frai.2026.1890320/full
198,Introduction and Applications of Machine Learning in Geotechnics,"ZW Geem, G Bekdaş, SM Nigdeli, Y Aydın, Ü Işıkdağ…",2026,"Abstract

Introduction and Applications of Machine Learning in Geotechnics offers a comprehensive exploration of machine learning methodologies and their diverse applications in geotechnical engineering. The book begins with a detailed review of machine learning methods tailored for geotechnical applications, setting the foundation for subsequent chapters. Regression models are utilized to predict shear wave velocities while optimization-based approaches are employed to determine the optimal dimensions of reinforced concrete (RC) retaining walls. The book further explores the identification of gravelly soil through optimized machine learning models and predicts stress-strain responses using data from simple shear tests.Additionally, it outlines the forecasting of liquefaction events triggered by seismic activities and estimates the uniaxial compressive strength of soil using machine learning techniques. The prediction of vertical effective stress and specific penetration resistance is examined to enhance soil characterization and geotechnical analyses. The book's authors provide valuable insights for geotechnical engineers and researchers seeking to leverage advanced computational tools for enhanced geotechnical assessments and design processes. - Provides a systematic overview of machine learning and optimization applications in geotechnical engineering - Demonstrates real-world implementations for soil classification, seismic response, and structural–geotechnical interaction - Introduces interpretable and explainable AI methods for transparent engineering decision-making - Emphasizes sustainable and data-driven solutions through hybrid modeling and metaheuristic optimization",https://books.google.com/books?hl=en&lr=&id=l2mdEQAAQBAJ&oi=fnd&pg=PP1&dq=(%22machine+learning%22%5Btiab%5D+OR+%22AI%22+OR+%22artificial+intelligence%22+OR+%22random+forest%22%5Btiab%5D+OR+%22gradient+boosting%22%5Btiab%5D+OR+%22XGBoost%22%5Btiab%5D+OR+%22LightGBM%22%5Btiab%5D+OR+%22CatBoost%22%5Btiab%5D+OR+%22support+vector+machine%22%5Btiab%5D+OR+%22SVM%22%5Btiab%5D+OR+%22weighted+SVM%22+OR+%22LASSO%22%5Btiab%5D+OR+%22Ridge%22+OR+%22decision+tree%22%5Btiab%5D+OR+%22bagging%22+OR+%22boosting%22+OR+%22deep+learning%22%5Btiab%5D+OR+%22neural+network*%22%5Btiab%5D+OR+%22support+vector%22%5Btiab%5D+OR+%22artificial+intelligence%22%5Btiab%5D+OR+%22ensemble+method*%22%5Btiab%5D+OR+%22super+learner%22%5Btiab%5D+OR+%22naive+bayes%22+OR+%22k-Nearest+Neighbors%22+OR+%22k-NN%22+OR+%22K-Means+clustering%22+OR+%22hierarchical+clustering%22+OR+%22Jackknife+repeated+replication%22+OR+%22JRR%22+OR+%22Balanced+repeated+replication%22+OR+%22BRR%22+OR+%22bootstrap%22+OR+%22missing+value%22+OR+%22artificial+neural+networks%22+OR+%22ANN%22+OR+%22convolutional+neural+networks%22+OR+%22CNN%22+OR+%22recurrent+neural+networks%22+OR+%22RNN%22+OR+%22generative+adversarial+networks%22+OR+%22GANs%22)+OR+(%22complex+survey%22+OR+%22complex+survey+data%22+OR+%22complex+survey+design%22+OR+%22complex+survey+analysis%22+OR+%22survey+analysis%22+OR+%22survey+design%22+OR+%22population-based+survey%22+OR+%22probability+survey%22+OR+%22multistage+sampling%22+OR+%22stratified+sampling%22+OR+%22cluster+sampling%22+OR+%22stratified+cluster+sampling%22+OR+%22probability+sampling%22+OR+%22multi-stage+probability+sampling%22)+OR+(%22sampling+weights%22+OR+%22survey+weights%22+OR+%22probability+weights%22+OR+%22weighted+analysis%22+OR+%22inverse+probability+weighting%22+OR+%22design+weights%22+OR+%22post-stratification+weights%22+OR+%22calibration+weights%22+OR+%22final+weights%22+OR+%22sample+weights%22)&ots=Hqqu-wySzM&sig=72qM6N4VBqTfN6y3NVVTaGUlG34
199,"Bridging the Gap in Recycled Aggregate Concrete (RAC) Prediction: State-of-the-Art Data-Driven Framework, Model Benchmarking, and Future AI Integration","Haoyun Fan, Soon Poh Yap, Shengkang Zhang, Ahmed El-Shafie",2025,"Abstract

<p>Data-driven research on recycled aggregate concrete (RAC) has long faced the challenge of lacking a unified testing standard dataset, hindering accurate model evaluation and trust in predictive outcomes. This paper reviews critical parameters influencing mechanical properties in 35 RAC studies, compiles four datasets encompassing these parameters, and compiles the performance and key findings of 77 published data-driven models. Baseline capability tests are conducted on the nine most used models. The paper also outlines advanced methodological frameworks for future RAC research, examining the principles and challenges of physics-informed neural networks (PINNs) and generative adversarial networks (GANs), and employs SHAP and PDP tools to interpret model behaviour and enhance transparency. Findings indicate a clear trend toward integrated systems, hybrid models, and advanced optimization strategies, with integrated tree-based models showing superior performance across various prediction tasks. Based on this comprehensive review, we offer a recommendation for future research on how AI can be effectively oriented in RAC studies to support practical deployment and build confidence in data-driven approaches.</p>",https://www.sciopen.com/article/10.32604/cmes.2025.070880
200,Predicting corporate bankruptcy through a scalable and interpretable knowledge distillation framework,"MAK Azad, AKM Masum, MA Rahman…",2026,"Abstract
Corporate bankruptcies trigger severe systemic market disruptions. Accurate
risk identification remains a critical economic priority. However, existing
prediction models struggle with extreme class imbalance. They also face
structural noise and high computational costs. This research presents a
knowledge distillation framework for bankruptcy prediction. The scope of the
present study is strictly limited to structured, tabular financial ratios;
integration of unstructured textual data, such as management discussion and
analysis and earnings call transcripts, falls outside the purview of this
framework and is deferred to future multimodal extensions. The architecture
compresses a high-capacity teacher model into a lightweight student
network. The methodology utilizes Taiwanese and Polish multivariate
datasets. A hybrid mechanism combining LASSO and Mutual Information
extracts optimal features. Advanced resampling strategies resolve severe
topological class imbalance. These include SMOTE, SMOTEENN, and
ADASYN. A blended distillation objective transfers the predictive patterns.
This loss formulation mathematically combines temperature-scaled soft
probabilities with ground-truth hard labels. The student then employs
Histogram Gradient Boosting for rapid inference. Empirical results
demonstrate superior predictive fidelity and efficiency against seventeen
baselines. On the Taiwanese dataset using SMOTE, the student model
achieves 93.77% Accuracy, 69.05% F1, and 93.17% AUC. On the Polish
dataset with SMOTE, it delivers 86.79% Accuracy, 63.05% F1, and 88.74%
ACCEPTED MANUSCRIPT
ARTICLE IN PRESS
ARTICLE IN PRESS
AUC. Across these evaluations, the student model yields merely 0.67% to
1.51% less in F1 score than the teacher model. Crucially, the student model
reduces overall computational training time by over 80%. Training
consistently completes in under just four seconds. SHAP and LIME
algorithms provide essential global and local interpretability. The distilled
framework successfully balances predictive accuracy with significantly
reduced algorithmic complexity. Ultimately, it offers a scalable, transparent,
and highly efficient solution for real-world corporate financial risk
assessment.",https://link.springer.com/content/pdf/10.1007/s44163-026-01708-z_reference.pdf
201,Optimized Stacking Ensemble Framework with Feature Selection for Cardiovascular Disease Prediction,"Vidushi Mittal, Shivangi, Aaradhya Verma, Subit Kumar Jain",29-Aug-25,"Abstract
This study aims to enhance the accuracy and reliability of cardiovascular disease (CVD) prediction by integrating advanced feature selection techniques within a stacking ensemble framework. By utilizing clinical and demographic data from multiple sources, including the Hungarian, Switzerland, Statlog, Cleveland, and Long Beach VA datasets, the proposed method focuses on identifying the most relevant features to reduce noise and computational complexity while leveraging the strengths of diverse predictive models. The methodology involves constructing a stacking ensemble of various machine learning algorithms, including Extra Trees, Support Vector Machine, K-Nearest Neighbors, Decision Tree, Random Forest, Multi-Layer Perceptron, and Gradient Boosting, each trained using varied hyperparameters to capture different data patterns. To refine feature relevance and minimize overfitting three feature selection methods, Permutation Feature Importance (PFI), Pearson’s correlation coefficient (PCC), and Mutual Information-based Constructive Criterion (MICC) were applied, resulting in the identification of nine key attributes (cp, slope, fbs, chol, sex, age, exang, oldpeak, and mhr). These features yielded superior predictive performance compared to the top five features used in isolation, which led to reduced accuracy. The optimal model configuration used Random Forest, Extra Trees, MLP, and Gradient Boosting as the base classifiers, with Logistic Regression as the final classifier for the nine key attributes and achieved a mean ROC score of 0.92546 and an accuracy of 0.82563, validating the robustness of the model. Even when tested with reduced feature sets and different classifier combinations, the ensemble approach maintained strong performance. Additionally, to address data incompleteness, four datasets with varying levels of missingness were created, imputed, and evaluated for predictive consistency. Overall, this integrated strategy significantly improves CVD prediction by enhancing generalization, maintaining high accuracy, and reducing computational load, demonstrating its potential as a reliable tool for clinical decision support.",https://link.springer.com/article/10.1007/s42979-025-04325-2
202,"Emerging artificial intelligence-driven precision therapies in tumor drug resistance: recent advances, opportunities, and challenges","Yuan Mao, Dangang Shangguan, Qi Huang, Ling Xiao, Dongsheng Cao, Hui Zhou, Yi-Kun Wang",23-Apr-25,"Abstract
Drug resistance is one of the main reasons for cancer treatment failure, leading to a rapid recurrence/disease progression of the cancer. Recently, artificial intelligence (AI) has empowered physicians to use its powerful data processing and pattern recognition capabilities to extract and mine valuable drug resistance information from large amounts of clinical or omics data, to study drug resistance mechanisms, to evaluate and predict drug resistance, and to develop innovative therapeutic strategies to reduce drug resistance. In this review, we proposed a feasible workflow for incorporating AI into tumor drug resistance research, highlighted current AI-driven tumor drug resistance applications, and discussed the opportunities and challenges encountered in the process. Based on a comprehensive literature analysis, we systematically summarized the role of AI in tumor drug resistance research, including drug development, resistance mechanism elucidation, drug sensitivity prediction, combination therapy optimization, resistance phenotype identification, and clinical biomarker discovery. With the continuous advancement of AI technology and rigorous validation of clinical data, AI models are expected to fuel the development of precision oncology by improving efficacy, guiding therapeutic decisions, and optimizing patient prognosis. In summary, by leveraging clinical and omics data, AI models are expected to pioneer new therapy strategies to mitigate tumor drug resistance, improve efficacy and patient survival, and provide novel perspectives and tools for oncology treatment.",https://link.springer.com/article/10.1186/s12943-025-02321-x
203,Estimation of Fv/Fm in Spring Wheat Using UAV-Based Multispectral and RGB Imagery with Multiple Machine Learning Methods,"Qiang Wu, Yongping Zhang, Min Xie, Zhiwei Zhao, Lei Yang, Jie Liu, Dingyi Hou",29-Mar-23,"Abstract

The maximum quantum efficiency of photosystem II (Fv/Fm) is a widely used indicator of photosynthetic health in plants. Remote sensing of Fv/Fm using MS (multispectral) and RGB imagery has the potential to enable high-throughput screening of plant health in agricultural and ecological applications. This study aimed to estimate Fv/Fm in spring wheat at an experimental base in Hanghou County, Inner Mongolia, from 2020 to 2021. RGB and MS images were obtained at the wheat flowering stage using a Da-Jiang Phantom 4 multispectral drone. A total of 51 vegetation indices were constructed, and the measured Fv/Fm of wheat on the ground was obtained simultaneously using a Handy PEA plant efficiency analyzer. The performance of 26 machine learning algorithms for estimating Fv/Fm using RGB and multispectral imagery was compared. The findings revealed that a majority of the multispectral vegetation indices and approximately half of the RGB vegetation indices demonstrated a strong correlation with Fv/Fm, as evidenced by an absolute correlation coefficient greater than 0.75. The Gradient Boosting Regressor (GBR) was the optimal estimation model for RGB, with the important features being RGBVI and ExR. The Huber model was the optimal estimation model for MS, with the important feature being MSAVI2. The Automatic Relevance Determination (ARD) was the optimal estimation model for the combination (RGB + MS), with the important features being SIPI, ExR, and VEG. The highest accuracy was achieved using the ARD model for estimating Fv/Fm with RGB + MS vegetation indices on the test sets (Test set MAE = 0.019, MSE = 0.001, RMSE = 0.024, R2 = 0.925, RMSLE = 0.014, MAPE = 0.026). The combined analysis suggests that extracting vegetation indices (SIPI, ExR, and VEG) from RGB and MS remote images by UAV as input variables of the model and using the ARD model can significantly improve the accuracy of Fv/Fm estimation at flowering stage. This approach provides new technical support for rapid and accurate monitoring of Fv/Fm in spring wheat in the Hetao Irrigation District.",https://www.mdpi.com/2073-4395/13/4/1003
204,"Informed Random Forest to Model Associations of Epidemiological Priors, Government Policies, and Public Mobility","Tsaone Swaabow Thapelo, Dimane Mpoeleng, Gregory Hillhouse",2023,"Abstract

Background. Infectious diseases constitute a significant concern worldwide due to their increasing prevalence, associated health risks, and the socioeconomic co...",https://journals.sagepub.com/doi/abs/10.1177/23814683231218716
205,"Diverse Models, United Goal: A Comprehensive Survey of Ensemble Learning","Ziwei Fan, Zhiwen Yu, Kaixiang Yang, Wuxing Chen, Xiaoqing Liu, Guojie Li, Xianling Yang, C. L. Philip Chen",20-Jun-25,"Abstract

ABSTRACT
Ensemble learning, a pivotal branch of machine learning, amalgamates multiple base models to enhance the overarching performance of predictive models, capitalising on the diversity and collective wisdom of the ensemble to surpass individual models and mitigate overfitting. In this review, a four-layer research framework is established for the research of ensemble learning, which can offer a comprehensive and structured review of ensemble learning from bottom to top. Firstly, this survey commences by introducing fundamental ensemble learning techniques, including bagging, boosting, and stacking, while also exploring the ensemble's diversity. Then, deep ensemble learning and semi-supervised ensemble learning are studied in detail. Furthermore, the utilisation of ensemble learning techniques to navigate challenging datasets, such as imbalanced and high-dimensional data, is discussed. The application of ensemble learning techniques across various research domains, including healthcare, transportation, finance, manufacturing, and the Internet, is also examined. The survey concludes by discussing challenges intrinsic to ensemble learning.",https://ietresearch.onlinelibrary.wiley.com/doi/abs/10.1049/cit2.70030
206,"Applications of Machine Learning in Seismic Performance Assessment: Trends, Challenges, and Future Directions","Aftab Ahmad, Asif Husain",2025,"Abstract

The rapid seismic performance assessment of large structural inventories has become a necessity. This is essential for regional seismic risk assessment and management. However, traditional approaches for estimating the seismic response of structures are either computationally demanding or insufficiently accurate, highlighting the need for new techniques such as data-driven approaches. This paper thus aims to provide a systematic review of machine learning applications in seismic performance assess-ment. By synthesizing trends, key challenges, and future opportunities. A systematic review of 150 peer-reviewed articles published in scopus indexed journals between 2016 and 2025 was conducted using a targeted search string, followed by bibliometric analysis to highlight the research landscape. A classification of ML techniques is pre-sented, followed by a brief overview of the commonly used ML models in seismic per-formance assessment applications. Overall, the analysis of the reviewed papers re-vealed three primary applications: (i) failure mode identification and capacity predic-tion, (ii) seismic demand and damage state prediction, and (iii) seismic response time series prediction. While the findings underscore the potential of ML in advancing seismic performance assessment, several challenges persist, including data scarcity, the black-box nature of ML models, limited generalization capabilities, and high com-putational costs. Potential pathways forward include integrating physics into ML model training, expanding annotated datasets, adapting state of-the-art algorithms for structural engineering applications.",https://www.preprints.org/frontend/manuscript/279d106592ecd16fe9b10317bd838de9/download_pub
207,Recent Advances of Machine Learning in Fracture Mechanics of Quasi-Brittle Materials: A Review,"Saeed H. Moghtaderi, Prakash Thamburaja, Muhammad Alias Md Jedi, Michael Beer, Shahrum Abdullah, Ahmad Kamal Ariffin",2025,"Abstract

The fracture mechanics of quasi-brittle materials, such as concrete, ceramics, and rocks, pose significant challenges due to their nonlinear stress-strain response, microstructural heterogeneity, and complex failure mechanisms. Traditional numerical and analytical methods often fall short in capturing the full intricacies of fracture propagation and damage evolution in such materials. However, recent advances in machine learning (ML) offer promising solutions to these limitations by enabling data-driven insights and enhanced computational performance. In this review paper, we explore the growing role of ML techniques in the fracture analysis of quasi-brittle materials. By leveraging large and diverse datasets from experiments and numerical simulations, ML models not only complement traditional fracture mechanics approaches but also introduce novel capabilities such as real-time damage prediction, adaptive modelling, and improved generalization across varying material conditions. The integration of data-driven models with physics-based frameworks, especially through hybrid techniques like physics-informed neural networks (PINNs), marks a significant shift in how fracture phenomena are modelled and understood. Key ML methods discussed include artificial neural networks (ANNs), convolutional neural networks (CNNs), and PINNs, with a focus on their respective advantages and implementation strategies. The review highlights how these approaches can enhance safety, efficiency, and predictive accuracy in engineering applications, ultimately making machine learning a transformative tool in the study of quasi-brittle fracture behaviour.",https://livrepository.liverpool.ac.uk/3196546/
208,"Dynamic, Interpretable, Machine Learning–Based Outcome Prediction as a New Emerging Opportunity in Acute Ischemic Stroke Patient Care: A Proof-of-Concept Study","Ivan Petrović, Sava Njegovan, Olivera Tomašević, Dmitar Vlahović, Sonja Rajić, Željko Živanović, Isidora Milosavljević, Ana Balenović, Nikola Jorgovanović",25-Mar-25,"Abstract
Introduction: While the machine learning (ML) model’s black-box nature presents a significant barrier to effective clinical application, the dynamic nature of stroke patients’ recovery further undermines the reliability of established predictive scores and models, making them less suitable for accurate prediction and appropriate patient care. This research is aimed at building and evaluating an interpretable ML-based model, which would perform outcome prediction at different time points of patients’ recovery, giving more secure and understandable output through interpretable packages.
Materials and 

Methods: A retrospective analysis was conducted on acute ischemic stroke (AIS) patients treated with alteplase at the Neurology Clinic of the University Clinical Center of Vojvodina (Novi Sad, Serbia), for 14 years. Clinical data were grouped into four categories based on collection time—baseline, 2-h, 24-h, and discharge features—serving as inputs for three different classifiers—support vector machine (SVM), logistic regression (LR), and random forest (RF). The 90-day modified Rankin scale (mRS) was used as the outcome measure, distinguishing between favorable (mRS ≤ 2) and unfavorable outcomes (mRS ≥ 3).

Results: The sample was described with 49 features and included 355 patients, with a median age of 67 years (interquartile range (IQR) 60–74 years), 66% being male. The models achieved strong discrimination in the testing set, with area under the curve (AUC) values ranging from 0.80 to 0.96. Additionally, they were compared with a model based on the DRAGON score, which showed an AUC of 0.760 (95% confidence interval (CI), 0.640–0.862). The decision-making process was more thoroughly understood using interpretable packages: Shapley additive explanation (SHAP) and local interpretable model–agnostic explanation (LIME). They revealed the most significant features at both the group and individual patient levels.

Conclusions and Clinical Implications: This study demonstrated the moderate to strong efficacy of interpretable ML-based models in predicting the functional outcomes of alteplase-treated AIS patients. In all constructed models, age, onset-to-treatment time, and platelet count were recognized as the important predictors, followed by clinical parameters measured at different time points, such as the National Institutes of Health Stroke Scale (NIHSS) and systolic and diastolic blood pressure values. The dynamic approach, coupled with interpretable models, can aid in providing insights into the potential factors that could be modified and thus contribute to a better outcome.",https://onlinelibrary.wiley.com/doi/abs/10.1155/srat/3561616
209,"Artificial Intelligence
in Gas Sensing: A Review","M. A. Z. Chowdhury, M. A. Oehlschlaeger",2025,"Abstract

The role of artificial intelligence (AI), machine learning (ML), and deep learning (DL) in enhancing and automating gas sensing methods and the implications of these technologies for emergent gas sensor systems is reviewed. Applications of AI-based intelligent gas sensors include environmental monitoring, industrial safety, remote sensing, and medical diagnostics. AI, ML, and DL methods can process and interpret complex sensor data, allowing for improved accuracy, sensitivity, and selectivity, enabling rapid gas detection and quantitative concentration measurements based on sophisticated multiband, multispecies sensor systems. These methods can discern subtle patterns in sensor signals, allowing sensors to readily distinguish between gases with similar sensor signatures, enabling adaptable, cross-sensitive sensor systems for multigas detection under various environmental conditions. Integrating AI in gas sensor technology represents a paradigm shift, enabling sensors to achieve unprecedented performance, selectivity, and adaptability. This review describes gas sensor technologies and AI while highlighting approaches to AI–sensor integration.",https://pubs.acs.org/doi/abs/10.1021/acssensors.4c02272
210,Hazard Susceptibility Mapping with Machine and Deep Learning: A Literature Review,"Angelly de Jesus Pugliese Viloria, Andrea Folini, Daniela Carrion, Maria Antonia Brovelli",11-Sep-24,"Abstract

With the increase in climate-change-related hazardous events alongside population concentration in urban centres, it is important to provide resilient cities with tools for understanding and eventually preparing for such events. Machine learning (ML) and deep learning (DL) techniques have increasingly been employed to model susceptibility of hazardous events. This study consists of a systematic review of the ML/DL techniques applied to model the susceptibility of air pollution, urban heat islands, floods, and landslides, with the aim of providing a comprehensive source of reference both for techniques and modelling approaches. A total of 1454 articles published between 2020 and 2023 were systematically selected from the Scopus and Web of Science search engines based on search queries and selection criteria. ML/DL techniques were extracted from the selected articles and categorised using ad hoc classification. Consequently, a general approach for modelling the susceptibility of hazardous events was consolidated, covering the data preprocessing, feature selection, modelling, model interpretation, and susceptibility map validation, along with examples of related global/continental data. The most frequently employed techniques across various hazards include random forest, artificial neural networks, and support vector machines. This review also provides, per hazard, the definition, data requirements, and insights into the ML/DL techniques used, including examples of both state-of-the-art and novel modelling approaches.",https://www.mdpi.com/2072-4292/16/18/3374
211,"Crop recommendation in precision agriculture: a systematic literature review of methods, trends, and challenges","Ebenezer O. Oladipe, Sunday E. Adewumi, Taiwo Kolajo, Joshua B. Agbogun",2026,"Abstract

Crop recommendation methods have become an essential component of modern agriculture, helping farmers identify the most suitable crops based on soil, climatic, and environmental conditions. As key applications of precision agriculture, these methods increasingly employ artificial intelligence (AI), particularly machine learning (ML) and deep learning (DL), to improve crop prediction, recommendations, productivity, and farming decision-making. This study presents a systematic literature review (SLR) of ML and DL techniques applied to crop recommendation and related agricultural applications. From 183 identified studies, 129 articles published between 2020 and 2026 were carefully selected through a structured screening process for comprehensive analysis. Relevant studies were retrieved from major academic literature databases and publishing platforms, including ScienceDirect, Scopus, SpringerLink, MDPI, Nature, Frontiers, IEEE, Wiley, and Google Scholar. The review used the PRISMA protocol and showed that ensemble learning-based approaches, particularly Random Forest and Extreme Gradient Boosting (XGBoost), are powerful for predictive performance on various agricultural datasets. Traditional ML approaches such as Support Vector Machines, Decision Trees, and k-Nearest Neighbors are still commonly used. At the same time, Convolutional Neural Networks (CNNs) and Long Short-Term Memory (LSTM) networks are used for remote sensing and time-dependent agricultural analysis. The most frequently used dataset source is Kaggle, and typical inputs include soil nutrients (NPK), soil pH, weather conditions, and satellite indices such as NDVI and EVI. Many studies have achieved high accuracy, but most are based on static datasets, which reduces their reliability in real-world scenarios. The main research gaps are limited real-time deployment, low integration of multiple data sources, low cross-regional validation, and low model interpretability. The review shows the importance of scalable and explainable AI systems for real applications in agriculture.",https://asr.nsps.org.ng/index.php/asr/article/view/590
212,Novel research and future prospects of artificial intelligence in cancer diagnosis and treatment,"Chaoyi Zhang, Jin Xu, Rong Tang, Jianhui Yang, Wei Wang, Xianjun Yu, Si Shi",27-Nov-23,"Abstract
Research into the potential benefits of artificial intelligence for comprehending the intricate biology of cancer has grown as a result of the widespread use of deep learning and machine learning in the healthcare sector and the availability of highly specialized cancer datasets. Here, we review new artificial intelligence approaches and how they are being used in oncology. We describe how artificial intelligence might be used in the detection, prognosis, and administration of cancer treatments and introduce the use of the latest large language models such as ChatGPT in oncology clinics. We highlight artificial intelligence applications for omics data types, and we offer perspectives on how the various data types might be combined to create decision-support tools. We also evaluate the present constraints and challenges to applying artificial intelligence in precision oncology. Finally, we discuss how current challenges may be surmounted to make artificial intelligence useful in clinical  in the future.",https://link.springer.com/article/10.1186/s13045-023-01514-5
213,CNN-Based Approaches for Various Types of Tabular Data,"Vu Tuan Anh, Il Do Ha, Kevin Burke",2025,"Abstract

Deep learning (DL) includes various architectures, such as deep neural networks (DNNs) and convolutional neural networks (CNNs). DL is very powerful and flexible for non-tabular (non-structured) data (e.g. image, text). However, in tabular data, standard DNNs often do not outperform traditional machine learning (ML) methods such as tree-based models (e.g. random forest, XGBoost). CNNs carry out dimensionality reduction for non-tabular (especially image) data, but may be useful in tabular data too. In this paper, we present a unified framework of one-dimensional CNN (1D-CNN)-based approaches for various types of tabular data, which provides an end-to-end learning framework. We also propose two novel 1D-CNN-based models, i.e. a negative binomial CNN (NB-CNN) model for over-dispersed count data and a Cox-based CNN Self-Attention model for high-dimensional survival data. The predictive performance of the proposed method is evaluated by comparing it with existing ML/DL methods using four types of real tabular data, i.e. a binary response data with high dimensional features, over-dispersed count data, high-dimension survival data, and time-series data with substantial variability. The experimental results show that the proposed methods overall outperform existing ML/DL models. In particular, the NB-CNN achieves lower root mean squared error (RMSE) and higher coefficient of determination (R2) on over-dispersed count data than tree-based methods. Similarly, the Cox-based CNN Self-Attention model yields higher C-index values for high-dimensional survival tasks relative to state-of-the-art approaches.",https://ieeexplore.ieee.org/abstract/document/11263778/
214,Machine Learning for Risk Stratification in Acute Pancreatitis: Current Evidence and Future Perspectives,"Martyna Szczerbakow, Adam Filip Płoński, Piotr Górski, Agnieszka Świdnicka-Siergiejko, Jarosław Daniluk",2026,"Abstract

Acute pancreatitis (AP) is one of the most common gastrointestinal diseases and is characterized by a highly variable clinical course ranging from mild self-limiting inflammation to severe disease associated with persistent organ failure and high mortality. Early risk stratification is essential for timely therapeutic decision-making and improved patient outcomes. Although conventional prognostic scoring systems remain widely used, their predictive performance is limited by moderate accuracy, delayed applicability and the requirement for numerous clinical or imaging parameters. Recent advances in artificial intelligence (AI) and machine learning (ML) have enabled the development of predictive models capable of integrating demographic, clinical, laboratory and imaging data to improve early outcome prediction. This review summarizes current evidence on the application of AI and ML in AP, focusing on the prediction of disease severity, organ failure, intensive care unit admission and mortality. We also discuss explainable AI approaches and the methodological strengths and limitations of existing models, including validation, calibration, overfitting and reproducibility. Finally, we highlight future perspectives, including multimodal AI, prospective clinical validation and regulatory considerations that should facilitate the safe integration of AI-based decision-support tools into routine clinical practice.",https://pmc.ncbi.nlm.nih.gov/articles/PMC13467293/
215,A systematic literature review on the application of artificial intelligence techniques for rock strength estimation,"Stephen Akosah, Ivan Gratchev, Solomon S. R. Gidigasu",31-Jul-25,"Abstract
This paper presents a systematic literature review on the prediction of unconfined compressive strength (UCS) and elastic modulus (E) with artificial intelligence (AI) models. The study categorises three essential parts: (1) a combination of physical and mechanical properties, (2) mechanical properties, and (3) physical properties as input parameters for AI models in estimating UCS and E. The review selection was based on search keywords using title-abstract, full-text, and keywords from Scopus and Web of Science online database libraries. A total of 131 peer-reviewed research articles published from 2014 to 2024 were critically reviewed to provide answers to research-related questions related to current advancements in the prediction of UCS and E with AI models. Among the AI technologies analysed, artificial neural networks (ANN) and ANN-based models stand out as the most used AI algorithms; other algorithms, including ANFIS, RF, SVM, and XGBoost model, have been used at significant levels in predicting UCS and E with high prediction accuracy of R2 greater 0.90 with minimum mean error margins. The ANN (24.7%), ANFIS (11.7%), and RF (7.6%) have been essentially employed in many research studies to predict rock strength. The study combined mechanical and physical properties with AI models at approximately 59%, and after that, mechanical properties at 23.6%. The efficiency of AI algorithms and their application is associated with the usage of data and input parameters. This review recommends future study gaps and places emphasis on integrating rock mechanics, physical laws (Mohr–Coulomb and Hoek–Brown failure criteria) and adaptive AI techniques to advance the adaptability and reliability in predicting rock strength and deformation characteristics.",https://link.springer.com/article/10.1007/s00521-025-11517-7
216,Liver Disease Prediction Using Hybrid Feature Selection: A Comparative Analysis of Machine Learning Models,Osman Eray,5-Jul-26,"Abstract

Liver disease represents a major global health burden, and early diagnosis is essential for reducing mortality. Machine learning (ML) approaches offer non-invasive alternatives to conventional diagnostics, yet existing studies on liver disease prediction often lack systematic feature selection, apply resampling before data splitting (introducing leakage), and report results from single train-test splits without statistical testing. This study proposes a Hybrid Feature Selection (HFS) framework combining Pearson-correlation-based redundancy elimination with a weighted Information Gain–Gain Ratio scoring function, integrated with SMOTE within a leakage-free pipeline. The framework is evaluated on two benchmarks—the Indian Liver Patient Dataset (ILPD, n = 583) and the BUPA Liver Disorders Dataset (n = 345)—across ten classifiers and ten independent train-test splits, with significance assessed via paired Wilcoxon signed-rank tests. On ILPD, the HFS + SMOTE pipeline produced statistically significant ROC-AUC improvements (p < 0.05) in five of ten classifiers and resolved majority-class collapse, raising mean Specificity from 0.00–0.33 to 0.61–0.92. A 2 × 2 ablation study confirmed that HFS and SMOTE contribute independently, with SMOTE driving the Specificity transformation and HFS reducing feature-space noise. Sensitivity analyses demonstrated robustness to the weighting parameter w and confirmed k = 6 as the optimal feature count. Replication on BUPA—which exhibits near-perfect class balance and no feature redundancy—produced a principled null result, confirming that the pipeline’s effectiveness is mechanistically linked to dataset characteristics. The HFS algorithm consistently identified four clinically meaningful core features (AST, ALT, Total Bilirubin, Age) across all runs, validated by SHAP and Permutation Importance stability analysis.",https://www.mdpi.com/2076-3417/16/13/6726
217,Ensemble Methods in Customer Churn Prediction: A Comparative Analysis of the State-of-the-Art,"Matthias Bogaert, Lex Delaere",24-Feb-23,"Abstract

In the past several single classifiers, homogeneous and heterogeneous ensembles have been proposed to detect the customers who are most likely to churn. Despite the popularity and accuracy of heterogeneous ensembles in various domains, customer churn prediction models have not yet been picked up. Moreover, there are other developments in the performance evaluation and model comparison level that have not been introduced in a systematic way. Therefore, the aim of this study is to perform a large scale benchmark study in customer churn prediction implementing these novel methods. To do so, we benchmark 33 classifiers, including 6 single classifiers, 14 homogeneous, and 13 heterogeneous ensembles across 11 datasets. Our findings indicate that heterogeneous ensembles are consistently ranked higher than homogeneous ensembles and single classifiers. It is observed that a heterogeneous ensemble with simulated annealing classifier selection is ranked the highest in terms of AUC and expected maximum profits. For accuracy, F1 measure and top-decile lift, a heterogenous ensemble optimized by non-negative binomial likelihood, and a stacked heterogeneous ensemble are, respectively, the top ranked classifiers. Our study contributes to the literature by being the first to include such an extensive set of classifiers, performance metrics, and statistical tests in a benchmark study of customer churn.",https://www.mdpi.com/2227-7390/11/5/1137
218,Unveiling Disparities in Beer Consumer Behavior and Key Drivers Across Regions in China,"Jiang Xie, Yiyuan Chen, Ruiyang Yin, Xin Yuan, Liyun Guo, Dongrui Zhao, Jinyuan Sun, Jinchen Li, Mengyao Liu, Baoguo Sun",6-Nov-25,"Abstract

Beer consumption behaviors within China exhibited significant regional heterogeneity. To elucidate the specific differences in beer consumer behaviors across different regions and their influencing factors, this study systematically analyzed the sensory preference characteristics of consumers in the Chinese beer market based on machine learning methods, and further revealed the core driving mechanisms influencing their consumption behaviors. By integrating consumer data from different regions, a comprehensive dataset was constructed encompassing sensory attribute evaluations (bitterness, malt flavor, hop aroma, smoothness of mouthfeel, foam characteristics, etc.) and other dimensional consumption behavior variables (brand, beer packaging, etc.). Utilizing an ensemble learning framework (LightGBM), Support Vector Machine (SVM), and decision tree models for feature mining, the study identified important factors influencing the consumption behaviors of Chinese beer consumers. Specifically, consumers in mature and upgrading markets placed greater emphasis on the overall drinking experience and drinkability when purchasing beer, whereas consumers in scale-dominant and mainstream competitive markets considered foam persistence, fineness, and light brown color as core quality indicators. Conversely, consumers in potential growth and emerging cultivation markets demonstrated strong brand orientation. This indicated that the factors influencing beer consumption behaviors varied significantly across regions. Through a data-driven paradigm, this study revealed the underlying regional mechanisms behind consumption decisions in different regional beer markets in China, providing a theoretical foundation and empirical support for cross-regional product customization, precision marketing, and resource optimization.",https://www.mdpi.com/2304-8158/14/21/3799
219,Machine Learning Meets Photocatalytic Water Splitting for Sustainable Hydrogen Production,"Heesung Yoon, Jin Hyuk Cho, Wee-Jun Ong, Soo Young Kim",5-Aug-26,"Abstract
Photocatalytic water splitting has garnered immense interest as a sustainable pathway for clean hydrogen production by directly converting solar energy into chemical fuel. However, challenges related to intricate charge carrier dynamics, surface redox kinetics, and the vast search space for multicomponent catalysts continue to constrain the systematic development of efficient systems. Machine learning (ML) has emerged as a transformative tool to address these bottlenecks by enabling the accurate prediction of electronic properties, the identification of promising heterostructures, and the optimization of reaction conditions while reducing reliance on traditional trial-and-error methods. By capturing complex nonlinear correlations among structural descriptors and catalytic performance, ML facilitates the exploration of high-dimensional design spaces that are essential for advancing solar-to-fuel conversion research. This review provides a comprehensive overview of how ML supports systematic materials innovation to realize stable and high-efficiency systems for sustainable hydrogen evolution. As such, the integration of ML with experimental and theoretical methodologies is expected to establish a predictive and systematic framework for photocatalyst development, thereby accelerating progress toward scalable solar-to-hydrogen energy conversion.",https://chemistry-europe.onlinelibrary.wiley.com/doi/abs/10.1002/cptc.70239
220,Investigating U.S. Consumer Demand for Food Products with Innovative Transportation Certificates Based on Stated Preferences and Machine Learning Approaches,"Jingchen Bi, Rodrigo Mesa-Arango",2025,"Abstract

This paper utilizes a machine learning model to estimate the consumer's behavior for food products with innovative transportation certificates in the U.S. Building on previous research that examined demand for food products with supply chain traceability using stated preference analysis, transportation factors were identified as significant in consumer food purchasing choices. Consequently, a second experiment was conducted to pinpoint the specific transportation attributes valued by consumers. A machine learning model was applied, and five innovative certificates related to transportation were proposed: Transportation Mode, Internet of Things (IoT), Safety measures, Energy Source, and Must Arrive By Dates (MABDs). The preference experiment also incorporated product-specific and decision-maker factors for control purposes. The findings reveal a notable inclination toward safety and energy certificates within the transportation domain of the U.S. food supply chain. Additionally, the study examined the influence of price, product type, certificates, and decision-maker factors on purchasing choices. Ultimately, the study offers data-driven recommendations for improving food supply chain systems.",https://arxiv.org/abs/2511.04845
221,"Full Length Article
Machine Learning-Based prediction and Optimization of CO2 and CH4 Capture via Gas hydrate formation","Parisa Naeiji, Alireza Naeimi-Sadigh, Kiana Peyvandi",2027,"Abstract

Highlights
•
ML framework predicts CO2 and CH4 hydrate kinetics using DSC data.
•
Random Forest model achieves high accuracy with an R2 of 0.972.
•
ML captures nonlinear interactions better than conventional DoE models.
•
Increased pressure consistently enhances all aspects of hydrate formation.
•
LAE2 and THF identified as the most effective additives for formation.",https://www.sciencedirect.com/science/article/pii/S0016236126028887
222,Machine learning analysis of carbon rebound effect dynamics and drivers in Chinese prefecture-level cities,"Shunyi Li, Xingxing Li",27-Oct-25,"Abstract
As global attention to climate change intensifies, China, as the world’s largest energy consumer and carbon emitter, faces the dual challenge of improving energy efficiency while the carbon rebound effect (CRE) counteracts efforts to reduce emissions. Based on panel data from Chinese prefecture-level cities from 2010 to 2021. It combines multiple linear regression with machine learning (ensemble and deep learning) to uncover the nonlinear drivers of CRE. Machine learning models capture high-dimensional interactions and threshold effects. SHAP values and ALE plots are employed to quantify the impact pathways of key variables, overcoming the limitations of traditional models. This study employs multiple linear regression, ensemble learning, and deep learning methods, combined with interpretable SHAP values and ALE charts, to systematically identify the core driving mechanisms behind the carbon rebound effect. The main conclusions of this paper are as follows: (1) The CRE exhibits an overall “M”-shaped fluctuation trend, with a spatial pattern of “East > Central > West” and “North > South”; (2) Machine learning models accurately identify DEI, HTD, ER, Water, and UIS2 as the key drivers of CRE. These factors also exhibit significant and consistent threshold effects. This study provides a scientific basis for the formulation of differentiated ecological policies.",https://www.nature.com/articles/s41598-025-21245-6
223,Advances in the Application of Machine Learning in Composite Materials,"Jinrong Shi, Yantao Gao, Zan Lu, Wenfeng Hu",8-Jan-26,"Abstract
Machine learning (ML) is revolutionizing the development and optimization of composite materials by enabling data-driven approaches for material design, manufacturing processes, and performance prediction. Widely applied in aerospace, automotive, defense, and biomedical engineering, composite materials require precise engineering to achieve targeted mechanical, thermal, and structural properties. Traditional methods, which rely heavily on extensive experimentation and expert knowledge, are often costly, time-consuming, and limited in simulating extreme conditions. ML techniques—including supervised, unsupervised, semi-supervised, and reinforcement learning—allow efficient analysis of complex datasets, pattern recognition, and accurate prediction of material behavior. This review summarizes recent advances in ML applications for composites, covering material design, process optimization, multiscale property prediction, and structural health monitoring. Case studies demonstrate significant improvements in property estimation, defect reduction, and manufacturing efficiency. Challenges such as high-dimensional data, overfitting, and model interpretability are discussed. Addressing these issues is critical for enabling AI-driven development of next-generation composites with enhanced performance, reliability, and sustainability.",https://link.springer.com/article/10.1007/s10443-025-10415-4
224,DASMcC: Data Augmented SMOTE Multi-Class Classifier for Prediction of Cardiovascular Diseases Using Time Series Features,"Nidhi Sinha, M. A. Ganesh Kumar, Amit M. Joshi, Linga Reddy Cenkeramaddi",2023,"Abstract

One of the leading causes of mortality worldwide is cardiovascular disease (CVD). Electrocardiography (ECG) is a noninvasive and cost-effective tool to diagnose the heart’s health. This study presents a multi-class classifier for the prediction of four different types of Cardiovascular Diseases, i.e., Myocardial Infarction, Hypertrophy, Conduction Disturbances, and ST-T abnormality using 12-lead ECG. There are four key steps involved in the presented work: data preprocessing, feature extraction, data preparation, and augmentation, and modelling for multi-class CVD classification. The sixteen-time domain augmented features are used to train the classifier. The work is divided into three parts: extracting the features from raw 12-lead ECG signals, data preparation and augmentation, and training, testing, and validating the classifier. A comparative study of the performance of five different classifiers (i.e., Random Forest (RF), K Nearest Neighbors (KNN), Gradient Boost, Adda Boost, and XG Boost has also been presented. Accuracy, precision, recall, and F1 scores are used for performance evaluation. Further, the Receiver Operating Curve (ROC) is traced, and the Area Under the Curve (AUC) is calculated to ensure the unbiased performance of the classifier. The application of the proposed classifier in the Smart Healthcare framework has also been discussed.",https://ieeexplore.ieee.org/abstract/document/10287352/
225,Machine learning in ARDS: an intensivist’s guide to artificial intelligence applications,"Romain Lombardi, Mihir Chaturvedi, Mathieu Jozwiak, Mayank Garg",13-Mar-26,"Abstract

Background
Acute Respiratory Distress Syndrome (ARDS) is a heterogeneous, life-threatening condition with persistent diagnostic uncertainty, limited causal treatments, and high mortality in intensive care. ARDS management remains largely supportive, and conventional scores and trial designs have struggled to account for its biological and clinical heterogeneity.

Objective
This narrative review summarizes current and emerging applications of Artificial Intelligence (AI) in ARDS and mechanical ventilation. It focuses on how Machine Learning (ML) can refine early risk prediction, diagnosis, phenotyping, management and outcome prediction, while outlining the strengths, weaknesses and nuances of these applications.
Findings
ML models using electronic health records, imaging, physiological waveforms and omics data show strong performance for predicting ARDS onset, enabling early diagnosis, optimising management and forecasting outcomes. These models show performance equivalent to and often outperform traditional guidelines and scores. However, most of these models remain limited to the research setting and show limited clinical adoption.
Challenges
Most studies are retrospective, single-center and lack rigorous external validation, limiting generalizability and real-world impact. Additional challenges include data quality and bias, poor calibration and scarce decision-curve analyses, limited interpretability, and the absence of prospective trials demonstrating that AI-guided strategies improve patient-centered outcomes.

Conclusion
ML has substantial potential to advance precision medicine in ARDS by enabling predictive and prognostic enrichment and supporting personalized ventilatory care. Its safe and equitable deployment, however, requires standardized methodology, transparent reporting, multicenter prospective validation, and clinician-led governance to ensure that AI augments rather than replaces expert clinical judgment.",https://link.springer.com/article/10.1186/s13054-026-05928-8
226,Artificial intelligence for the understanding of electrolyte chemistry and electrode interface in lithium battery,"Y Chen, Y Liu, Z He, L Xu, P Yu, Q Sun, W Li…",2023,,https://www.sciengine.com/parse/pdf/2097-1168/312190E277F24511A17C7DEF261B872E.pdf
227,"Review
Performance evaluation of machine learning models in cervical cancer diagnosis: Systematic review and meta-analysis","Alejandro Ramos-Casallas, Andrés Cardona-Mendoza, Sandra Janneth Perdomo-Lara, Alejandro Rico-Mendoza, Alexandra Porras-Ramírez",2025,"Abstract

Highlights
•
Cervical cancer can be detected through machine learning (ML) models.
•
ML models can be developed using sociodemographic and clinical data from patients.
•
ML models exhibited, in the majority, high diagnostic capabilities and performance.
•
However, further evidence is needed to assess their performance in real scenarios.",https://www.sciencedirect.com/science/article/pii/S0959804925005544
228,Machine Learning Approach for Predicting Systemic Lupus Erythematosus in Oman-based Cohort,"Al-Shareedah, Al-Hassan Satii Mustafa",2023,"Abstract

Explore millions of resources from scholarly journals, books, newspapers, videos and more, on the ProQuest Platform.",https://search.proquest.com/openview/649c1da87abc5ad7a3151fda234720d0/1?pq-origsite=gscholar&cbl=2026366&diss=y
229,Progress and perspectives on genomic selection models for crop breeding,"Dongfeng Zhang, Feng Yang, Jinlong Li, Zhongqiang Liu, Yanyun Han, Qiusi Zhang, Shouhui Pan, Xiangyu Zhao, Kaiyi Wang",2025,"Abstract: Genomic selection, a molecular breeding technique, is playing an increasingly important role in improving the efficiency of artificial selection and genetic gain in modern crop breeding programs. A series of algorithms have been proposed to improve the prediction accuracy of genomic selection. In this review, we describe emerging genomic selection techniques and summarize methods for best linear unbiased prediction and Bayesian estimation of the traditional statistics used for prediction during genomic selection. Moreover, with the rapid development of artificial intelligence, several machine learning algorithms are increasingly being employed to capture the effects of more genes to further improve prediction accuracy, which we describe in this review. We also describe the advantages and disadvantages of traditional models and machine learning models and discuss several crucial factors that could affect prediction accuracy. We propose that additional artificial intelligence techniques will be required for big data management, feature processing, and model innovation to generate a comprehensive model to optimize the prediction accuracy of genomic selection. We believe that improvements in artificial intelligence could accelerate the arrival of Breeding 4.0, in which combining any known alleles into optimal combinations in crops will be fully customizable.",https://www.maxapress.com/article/doi/10.48130/tia-0025-0002?viewType=HTML
230,A Survey of Machine Learning Methodologies for Loan Evaluation in Peer-to-Peer (P2P) Lending,"Yan Wang, Xuelei Sherry Ni",5-Jun-23,"Abstract
In the peer-to-peer (P2P) lending market, borrowers apply for a loan through a virtual platform and get money from investors if they meet certain criteria. Meanwhile, investors lend money to certain borrowers and possibly earn the profit generated by the interest rate. Compared with the traditional banking system, P2P lending has a lower operating cost and a faster approval process, which makes it a major competitor to the traditional banking system.
However, P2P loans are not insured so investors need to tolerate the risk of a financial loss if the borrower defaults on the loan. Over the last decade, numerous studies have been carried out to investigate how machine learning techniques can be utilized to help investors evaluate P2P loans, thereby guiding them to make low-risky and highly profitable investment decisions.
This chapter intends to first review the development, business model, and various platforms of P2P lending. Then we provide a comprehensive overview of various loan evaluation approaches, with a focus on the application of machine learning methodologies in P2P lending. At the end of the chapter, we discuss the potential challenges that the P2P market may confront in the future to provide research directions for future researchers.",https://link.springer.com/chapter/10.1007/978-3-031-36570-6_1
231,Machine Learning-Driven Non-Invasive Prediction of Liver Fibrosis in Unclassified Liver Disease,"Ye Yang, Yirui Hu, Yue Chen, Huikuan Chu, See PDF",2025,"Abstract
Background The rising global burden of chronic liver diseases (CLDs), often progressing silently toward advanced fibrosis or cirrhosis, underscores the urgent need for accurate and scalable noninvasive staging tools. To date, predictive models for liver fibrosis have largely focused on disease with clearly defined etiologies, while no such model exists for fibrosis of unknown origin. This study aimed to develop a non-invasive prediction model for hepatic fibrosis, regardless of liver disease aetiology.

Mathods: A retrospective cohort study of 503 patients were underwent liver biopsy at Union Hospital, Tongji Medical College, Huazhong University of Science and Technology, from January 2017 to February 2024. Twelve machine learning algorithms were used to construct predictive models for significant hepatic fibrosis, with interpretability assessed via SHapley Additive exPlanations (SHAP). The optimal model was compared against four conventional noninvasive scores: FIB-4, GPR, Forns, and liver stiffness measurement (LSM).

Findings: Among the twelve models, the MLP model achieved the highest diagnostic performance (AUC=0.9550, F1 score=0.8788, Recall=0.9063, Specificity=0.8529, Accuracy=0.8788, MCC=0.7592, Precision=0.8529, FNR=0.0938, FPR=0.1471), which significantly outperformed the four existing non-invasive models.

Interpretation: We developed a robust, interpretable, and clinically applicable panel comprising serological biomarkers, age, and LSM for the non-invasive prediction of patients with undefined etiology or ambiguous classification of liver disease, which helps clinicians avoid unnecessary liver biopsies. This model facilitates earlier detection, targeted intervention, and better outcomes in clinical practice.",https://papers.ssrn.com/sol3/papers.cfm?abstract_id=5852117
232,Geospatial XAI: A Review,"Cédric Roussel, Klaus Böhm",31-Aug-23,"Abstract

Explainable Artificial Intelligence (XAI) has the potential to open up black-box machine learning models. XAI can be used to optimize machine learning models, to search for scientific findings, or to improve the understandability of the AI system for the end users. Geospatial XAI refers to AI systems that apply XAI techniques to geospatial data. Geospatial data are associated with geographical locations or areas and can be displayed on maps. This paper provides an overview of the state-of-the-art in the field of geospatial XAI. A structured literature review is used to present and discuss the findings on the main objectives, the implemented machine learning models, and the used XAI techniques. The results show that research has focused either on using XAI in geospatial use cases to improve model quality or on scientific discovery. Geospatial XAI has been used less for improving understandability for end users. The used techniques to communicate the AI analysis results or AI findings to users show that there is still a gap between the used XAI technique and the appropriate visualization method in the case of geospatial data.",https://www.mdpi.com/2220-9964/12/9/355
233,Exploring data augmentation techniques for advancing emotion recognition in text - An ANOVA-RFE fusion approach with emotion fusion ensemble,"Nirmal Varghese Babu, E. Grace Mary Kanaga",2025,"Abstract

Emotion recognition in text is a complex challenge essential for enhancing human-computer interaction. This study introduces an advanced system utilizing the Em...",https://journals.sagepub.com/doi/abs/10.1177/1088467X251325354
234,Advances in machine learning and IoT for water quality monitoring: A comprehensive review,"Ismail Essamlali, Hasna Nhaila, Mohamed El Khaili",30-Mar-24,"Abstract
Water holds great significance as a vital resource in our everyday lives, highlighting the important to continuously monitor its quality to ensure its usability. The advent of the. The Internet of Things (IoT) has brought about a revolutionary shift by enabling real-time data collection from diverse sources, thereby facilitating efficient monitoring of water quality (WQ). By employing Machine learning (ML) techniques, this gathered data can be analyzed to make accurate predictions regarding water quality. These predictive insights play a crucial role in decision-making processes aimed at safeguarding water quality, such as identifying areas in need of immediate attention and implementing preventive measures to avert contamination. This paper aims to provide a comprehensive review of the current state of the art in water quality monitoring, with a specific focus on the employment of IoT wireless technologies and ML techniques. The study examines the utilization of a range of IoT wireless technologies, including Low-Power Wide Area Networks (LpWAN), Wi-Fi, Zigbee, Radio Frequency Identification (RFID), cellular networks, and Bluetooth, in the context of monitoring water quality. Furthermore, it explores the application of both supervised and unsupervised ML algorithms for analyzing and interpreting the collected data. In addition to discussing the current state of the art, this survey also addresses the challenges and open research questions involved in integrating IoT wireless technologies and ML for water quality monitoring (WQM).",https://www.cell.com/heliyon/fulltext/S2405-8440(24)03951-3
235,The association between social risk profile and self-reported severe headache or migraine with all-cause mortality risk: A machine learning-based prediction model and interpretability analysis,"Mengjie Zhao, Jing Cao, Qiuyan Li",2026,"Abstract

Objective Social risk factors are key determinants of migraine occurrence and progression. This study assessed the association between the social risk profile (...",https://journals.sagepub.com/doi/abs/10.1177/20552076261465582
236,Machine learning based prediction of warfarin optimal dosing for African American patients,"Ashkan Sharabiani, Houshang Darabi, Adam Bress, Larisa Cavallari, Edith Nutescu, Katarzyna Drozda",2013,,https://open.uct.ac.za/items/289f5fa1-b4a0-4505-b2ce-0abe5d9a1f81
237,Enhancing cardiovascular disease prediction: a domain knowledge-based feature selection and stacked ensemble machine learning approach,"Z Rustamov, J Rustamov, N Zaki, S Turaev…",2023,"Abstract

Cardiovascular diseases (CVDs) are prevalent disorders affecting the heart or blood arteries. Early disease detection signicantly enhances survival prospects, thus emphasizing the necessity for accurate prediction methods. Emerging technologies, such as machine learning (ML), present promising avenues for more precise prediction of CVDs. However, a critical challenge lies in developing models that not only ensure optimal predictive performance but also conform to well-established domain knowledge, thereby enhancing their credibility. Single classiers often fall short due to issues like overtting and bias. In response, this study proposes a domain knowledge-based feature selection integrated with a stacking ensemble classier. The Framingham Heart Study, UCI Heart Disease and UAE retrospective cohort study datasets were utilized for training and evaluation of the ML algorithms. The results indicate that the proposed domain knowledge-based feature selection performs on par with frequently adopted feature selection techniques. Moreover, the proposed stacked ensemble, in conjunction with domain knowledgebased feature selection, achieved the highest metrics with 89.66% accuracy, and 89.16% F1-score on the Framingham dataset. Similarly, the proposed method achieved an F1-score of 85.26% and 96.23% on the UCI Heart Disease and UAE datasets. Furthermore, this study employs explainable AI techniques to illuminate the decision-making process of the predictive models. Thus, the study establishes that domain knowledge-based feature selection promotes the credibility of ML models without compromising predictive performance.",https://assets-eu.researchsquare.com/files/rs-3068941/v1/945cd2f8-fed8-4be2-858c-3f5fa056d105.pdf
238,Explainable AI for clinical and remote health applications: a survey on tabular and time series data,"Flavio Di Martino, Franca Delmastro",26-Oct-22,"Abstract
Nowadays Artificial Intelligence (AI) has become a fundamental component of healthcare applications, both clinical and remote, but the best performing AI systems are often too complex to be self-explaining. Explainable AI (XAI) techniques are defined to unveil the reasoning behind the system’s predictions and decisions, and they become even more critical when dealing with sensitive and personal health data. It is worth noting that XAI has not gathered the same attention across different research areas and data types, especially in healthcare. In particular, many clinical and remote health applications are based on tabular and time series data, respectively, and XAI is not commonly analysed on these data types, while computer vision and Natural Language Processing (NLP) are the reference applications. To provide an overview of XAI methods that are most suitable for tabular and time series data in the healthcare domain, this paper provides a review of the literature in the last 5 years, illustrating the type of generated explanations and the efforts provided to evaluate their relevance and quality. Specifically, we identify clinical validation, consistency assessment, objective and standardised quality evaluation, and human-centered quality assessment as key features to ensure effective explanations for the end users. Finally, we highlight the main research challenges in the field as well as the limitations of existing XAI methods.",https://link.springer.com/article/10.1007/s10462-022-10304-3
239,"RNA sequence analysis landscape: A comprehensive review of task types, databases, datasets, word embedding methods, and language models","Muhammad Nabeel Asim, Muhammad Ali Ibrahim, Tayyaba Asif, Andreas Dengel",30-Jan-25,"Abstract
Deciphering information of RNA sequences reveals their diverse roles in living organisms, including gene regulation and protein synthesis. Aberrations in RNA sequence such as dysregulation and mutations can drive a diverse spectrum of diseases including cancers, genetic disorders, and neurodegenerative conditions. Furthermore, researchers are harnessing RNA's therapeutic potential for transforming traditional treatment paradigms into personalized therapies through the development of RNA-based drugs and gene therapies. To gain insights of biological functions and to detect diseases at early stages and develop potent therapeutics, researchers are performing diverse types RNA sequence analysis tasks. RNA sequence analysis through conventional wet-lab methods is expensive, time-consuming and error prone. To enable large-scale RNA sequence analysis, empowerment of wet-lab experimental methods with Artificial Intelligence (AI) applications necessitates scientists to have a comprehensive knowledge of both DNA and AI fields. While molecular biologists encounter challenges in understanding AI methods, computer scientists often lack basic foundations of RNA sequence analysis tasks. Considering the absence of a comprehensive literature that bridges this research gap and promotes the development of AI-driven RNA sequence analysis applications, the contributions of this manuscript are manifold: It equips AI researchers with biological foundations of 47 distinct RNA sequence analysis tasks. It sets a stage for development of benchmark datasets related to 47 distinct RNA sequence analysis tasks by facilitating cruxes of 64 different biological databases. It presents word embeddings and language models applications across 47 distinct RNA sequence analysis tasks. It streamlines the development of new predictors by providing a comprehensive survey of 58 word embeddings and 70 language models based predictive pipelines performance values as well as top performing traditional sequence encoding based predictors and their performances across 47 RNA sequence analysis tasks.",https://www.cell.com/heliyon/fulltext/S2405-8440(24)17519-6
240,Predictive Modeling of Lymphedema Risk Using AI in Oncology Physiotherapy,"Rashmi GUDUR, Mrudula NIMBARTE",2026,"Lymphedema is a persistent disorder, which often has devastating effects on quality of life. This chapter discusses how artificial intelligence (AI) can be further used to forecast the lymphedema risk in cancer survivors and implement AI into their physiotherapy treatment process. It includes the clinical context of lymphedema, critiques the conventional predictive models and surveys the AI methodologies, such as logistic regression, decision trees, support vector machines, neural networks and ensemble methods. The chapter describes the performance evaluation metrics of predictive models and discusses explainability as a major obstacle toward clinical implementation. Furthermore, it outlines how AI applications are incorporated into physiotherapy practices for personalized treatment, efficient resource allocation and early preventive care assistance. Predictive analytics is the most promising of all possible applications of AI in oncology physiotherapy and will provide the opportunity for proactive, data-driven rehabilitation planning for cancer survivors.",https://onlinelibrary.wiley.com/doi/abs/10.1002/9781394452224.ch4
241,Applying Artificial Intelligence to Childhood Obesity: T2DM and MASLD Risk Predictive Models,"Marianna Amitrano, Gianluca Mondillo, Mario Emiliano, Umberto Paolo Santoro",11-Aug-26,"Abstract

Pediatric obesity is a complex, multifactorial pandemic with serious early-onset comorbidities, including prediabetes, type 2 diabetes, metabolic dysfunction-associated steatotic liver disease (MASLD), and cardiovascular disorders. While lifestyle modifications and the Mediterranean diet remain primary interventions, artificial intelligence (AI) is emerging as a critical tool for early diagnosis and personalized management. This review evaluates the current role of AI in predicting and treating childhood obesity and its complications. A literature search was conducted on PubMed and Google Scholar for English-language articles published from 2015 onward. Search terms included combinations of keywords related to “obesity”, “pediatric”, “comorbidities” (e.g., MASLD, diabetes), and “artificial intelligence” (e.g., machine learning, deep learning, multi-omics). Eligible study types ranged from original articles to systematic reviews and clinical guidelines. By integrating multi-omic data (genome, epigenome, transcriptome, metabolome, microbiota) with socio-psychological metrics, AI can predict obesity risk and early complications. Machine learning (ML) and deep learning have successfully identified specific metabolites, gut flora alterations, neurological pathways, and metabolic SNPs linked to obesity susceptibility. Furthermore, ML-driven prognostic models enable risk assessment for MASLD or diabetes progression, while specialized software supports remote lifestyle monitoring and tailored dietary interventions. AI has the potential to revolutionize pediatric obesity management through precision medicine. However, challenges regarding data privacy, digital literacy, and equitable access persist. Because current evidence relies heavily on limited and heterogeneous pediatric datasets, large-scale, well-characterized, and externally validated cohorts are essential to establish the clinical applicability of AI models before routine implementation.",https://www.mdpi.com/2075-4418/16/16/2533
242,LncSL: A Novel Stacked Ensemble Computing Tool for Subcellular Localization of lncRNA by Amino Acid-Enhanced Features and Two-Stage Automated Selection Strategy,"Lun Zhu, Hong Chen, Sen Yang",23-Dec-24,"Abstract

Long non-coding RNA (lncRNA) is a non-coding RNA longer than 200 nucleotides, crucial for functions like cell cycle regulation and gene transcription. Accurate localization prediction from sequence information is vital for understanding lncRNA’s biological roles. Computational methods offer an effective alternative to traditional experimental methods for annotating lncRNA subcellular positions. Existing machine learning-based methods are limited and often overlook regions with coding potential that affect the function of lncRNA. Therefore, we propose a new model called LncSL. For feature encoding, both lncRNA sequences and amino acid sequences from open reading frames (ORFs) are employed. And we selected the most suitable features by CatBoost and integrated them into a new feature set. Additionally, a voting process with seven feature selection algorithms identified the higher contributive features for training our final stacked model. Additionally, an automatic model selection strategy is constructed to find a better performance meta-model for assembling LncSL. This study specifically focuses on predicting the subcellular localization of lncRNA in the nucleus and cytoplasm. On two benchmark datasets called S1 and S2 datasets, LncSL outperformed existing methods by 6.3% to 12.3% in the Matthew’s correlation coefficient on a balanced test dataset. On an unbalanced independent test dataset sourced from S1, LncSL improved by 4.7% to 18.6% in the Matthew’s correlation coefficient, which further demonstrates that LncSL is superior to other compared methods. In all, this study presents an effective method for predicting lncRNA subcellular localization through enhancing sequence information, which is always overlooked by traditional methods, and addressing contributive meta-model selection problems, which can offer new insights for other bioinformatics problems.",https://www.mdpi.com/1422-0067/25/24/13734
243,Comparative Analysis of Polygon-Based and Global Machine Learning Models for Bus Occupancy Prediction,"Daniel Azenkot, Michael Fire, Eran Ben Elia",2026,"Abstract

Accurate forecasting of bus ridership (passengers numbers) is crucial for efficient management and optimization of public transport systems. Traditional forecasting models often fail to capture the unique and localized dynamics of different urban areas by treating the entire city as a single, homogeneous region. This paper introduces a novel framework that enhances bus ridership prediction by integrating a spatial clustering methodology with multi-dimensional feature analysis. The proposed framework utilizes a diverse set of data, including bus ridership data (by route number, time, and bus stop) complemented by a variety of open source data, such as spatial features (e.g., attractive destinations), meteorological conditions (e.g., temperature, rainfall), and temporal patterns (e.g., time of day, day of week). By clustering the urban area into distinct regions, based on the principle that bus stops in close proximity share similar ridership characteristics, a separate local forecasting model is trained for each of these clusters. This localized approach demonstrates an accuracy comparable to that of global models. The findings suggest that a spatially-aware, localized modeling strategy is effective for public transport prediction, paving the way for more targeted and efficient service improvements.",https://arxiv.org/abs/2605.00083
244,Machine Learning Models for Cancer Research: A Narrative Review of Bulk RNA-Seq Applications,"Elena A. Pudova, Vladislav S. Pavlov, Zulfiya G. Guvatova, Maria S. Fedorova, Petr V. Shegai, Anna V. Kudryavtseva, Anastasiya V. Snezhkina",16-Dec-25,"Abstract

Integrating the advantages of machine learning with the rapidly accumulating high-throughput sequencing data facilitates our capacity for biological discovery and the advancement of molecular medicine. In recent years, bulk RNA-seq technology has established itself as a cost-effective and widely used method for obtaining complete transcriptome profiles of test samples, enabling the identification of key cancer-associated expression patterns. Various machine learning algorithms, in turn, enable the development of informative diagnostic and prognostic models, ensuring the efficient processing of high-dimensional RNA-Seq data. The convergence of these methods shows great promise for oncology. In this narrative review, we describe bulk RNA-Seq-based ML models in oncology as a complete workflow from data preprocessing to model validation. We provide practical recommendations for algorithm selection and study design, and discuss bulk RNA-Seq deconvolution as a cost-effective alternative to single-cell RNA-Seq for analyzing tumor cellular composition. These insights offer a practical guide for developing reproducible diagnostic and prognostic models with translational potential.",https://www.mdpi.com/1422-0067/26/24/12081
245,Machine learning model predicting new-onset acute kidney injury in fulminant myocarditis,"Yongsheng Qu#, Xin Zheng#, Jingjing Zhang",2026,"Abstract

Aim: To develop and validate a SHapley additive exPlanations (SHAP)-interpretable machine learning (ML) model for predicting new-onset Acute kidney injury (AKI) after coronary care unit (CCU) admission in patients with Fulminant myocarditis (FM).
                  

Methods: This retrospective cohort study included 157 consecutive patients with FM admitted to the CCU of Fuwai Central China Cardiovascular Hospital between January 2018 and January 2026. Admission clinical data were used for model development and internal validation. ML models were constructed, with feature selection and model optimization performed within the mlr3 framework.
                  

Results: New-onset AKI occurred in 36.9% of patients after CCU admission. Among the evaluated models, logistic regression showed the best overall performance, with an area under the receiver operating characteristic curve of 0.87 and good calibration. Internal validation using 1,000 bootstrap resampling iterations confirmed the robustness of model discrimination, calibration, and clinical utility. Sensitivity analyses further supported the stability of the findings. SHAP analysis identified mechanical ventilation as having the greatest relative impact on model predictions, followed by anion gap, chloride, total bilirubin, pulmonary infection, and urea. Based on these six predictors, a nomogram was developed for individualized estimation of AKI risk.
                  

Conclusion: A six-variable bedside prediction model demonstrated good discrimination and calibration for predicting new-onset AKI after CCU admission in patients with FM. The model may assist early risk stratification and support renal-protective management. Given the retrospective observational design, the selected predictors should be interpreted as predictive markers rather than causal determinants of AKI.",https://www.oaepublish.com/articles/jca.2026.28
246,"Data mining, cleaning, feature extraction, and machine learning approaches for big data in electronic health records : liver cancer risk factor analysis and model explainability","Eleftheria Georgia Kouremenou, Ελευθερία Γεωργία Κουρεμένου",2023,"Abstract

The integration of machine learning (ML) and big data analytics into mining operations is transforming the industry by improving decision-making, optimizing resource management, and enhancing overall operational efficiency. Data-driven approaches enable mining companies to leverage vast amounts of operational data to predict failures, monitor equipment health, optimize mine planning, and reduce environmental impacts. This article explores the applications of machine learning and big data in mining, presenting various case studies and examining the future potential of these technologies in improving safety, productivity, and sustainability in the mining sector.",https://dione.lib.unipi.gr/xmlui/handle/unipi/15692
247,AI-Driven Advances in Sustainable Materials for Green Energy: From Innovation to Lifecycle Management,"Yuehui Xian, Cheng Li, Yangyang Xu, Yumei Zhou, Dezhen Xue",3-Sep-25,"Abstract

ABSTRACT
Artificial intelligence (AI) is revolutionizing sustainable materials science, yet a comprehensive and timely evaluation of the rapidly evolving AI techniques applied across the entire materials lifecycle remains lacking. This work reviews AI-driven advances in sustainable materials, specifically focusing on battery materials, thermal management materials, energy conversion materials, and catalysts. The key patterns, capabilities, and limitations of AI are identified across three interconnected phases: sustainable materials design (leveraging predictive and generative models for accelerated discovery), green processing (integrating adaptive synthesis optimization and autonomous experimentation), and extending to lifecycle management (encompassing real-time monitoring, predictive maintenance, and intelligent recycling). Then, the persistent challenges, including data sparsity, domain-specific knowledge integration, and limited model generalizability, are investigated, followed by an exploration of emerging solutions such as federated learning for privacy-preserving data sharing, physics-informed neural networks for knowledge integration, and multimodal AI for cross-modal knowledge transfer. Finally, the computational sustainability challenges of AI methods themselves are also discussed. This review highlights key bottlenecks impeding scalable adoption and discuss pathways for realizing the full potential of AI in sustainable materials development.",https://onlinelibrary.wiley.com/doi/abs/10.1002/sus2.70030
248,"Artificial intelligence applications in delirium prediction, diagnosis, and management: a systematic review","Sirui Lv, Jianqiang Li, Hang He, Qing Zhao, Yinan Jiang",5-Jun-25,"Abstract
Delirium is a prevalent, acute, and reversible neuropsychiatric syndrome in elderly populations, notable for its high incidence and mortality rates, both of which impose a substantial burden on patient outcomes and healthcare systems. Currently, the detection of delirium primarily depends on clinical assessments performed by physicians, which poses challenges for less experienced clinicians in early identification of the condition. The application of artificial intelligence (AI) technologies to analyze large-scale data from delirium patients enables the identification and quantification of relevant delirium markers, thereby effectively assisting clinicians in the diagnosis, prediction, and monitoring of patient status. However, existing reviews on AI in the field of delirium exhibit several limitations, particularly regarding the comprehensive classification of existing studies. Current reviews often focus on a single type of data and often lack a systematic analysis of studies by data type. Most clinical models for delirium rely on electronic medical records, though physiological time-series data and imaging features also offer crucial biomarkers for the identification of delirium. This paper offers an overview of the medical foundation and recent technological advancements in delirium, aiming to establish a theoretical framework for novices. It systematically reviews the prediction, diagnosis, and management of delirium from a multi-source data perspective, enumerates relevant data sources and public databases, and examines various AI models used in this field, along with their advantages and limitations. Finally, this review addresses the challenges and emerging trends of AI in delirium, with the aim of elucidating key directions for future research and development.",https://link.springer.com/article/10.1007/s10462-025-11264-0
249,Prediction of the Behaviour from Discharge Points for Solid Waste Management,"Sergio De-la-Mata-Moratilla, Jose-Maria Gutierrez-Martinez, Ana Castillo-Martinez, Sergio Caro-Alvaro",24-Jun-24,"Abstract

This research investigates the behaviour of the Discharge Points in a Municipal Solid Waste Management System to evaluate the feasibility of making individual predictions of every Discharge Point. Such predictions could enhance system management through optimisation, improving their ecological and economic impact. The current approaches consider installations as a whole, but individual predictions may yield better results. This paper follows a methodology that includes analysing data from 200 different Discharge Points over a period of four years and applying twelve forecast algorithms found as more commonly used for these predictions in the literature, including Random Forest, Support Vector Machines, and Decision Tree, to identify predictive patterns. The results are compared and evaluated to determine the accuracy of individual predictions and their potential improvements. As the results show that the algorithms do not capture the individual Discharge Points behaviour, alternative approaches are suggested for further development.",https://www.mdpi.com/2504-4990/6/3/66
250,"Predicting high-performance perovskite solar cells using AI-based machine
learning models","S Shafian, MN Husen, L Xie, K Kim",2025,"Perovskite solar cells (PSCs) have garnered significant attention in the photovoltaic field due to their remarkable
power conversion efficiencies (PCEs), with the certified PCE reaching 27.0% for single-junction cells and 30.1%
for tandem perovskite/perovskite multijunction cells over the past decade. However, challenges remain
including material instability, compositional inconsistency, and limited long-term performance. Machine
learning (ML) has emerged as a transformative tool to address these challenges by accelerating material discovery, optimizing device design, and enabling data-driven insights from large and complex datasets. This review
presents a comprehensive analysis of how ML is being applied to advance PSCs technologies. It begins with an
overview of perovskite structures, device architectures, and performance parameters relevant to ML modelling. A
structured ML workflow is introduced, covering data acquisition, feature selection, model development, performance evaluation, and model interpretability through explainable AI (XAI) techniques. Recent studies are
examined across two major domains: material discovery and device performance optimization. Unlike previous
reviews, this work emphasis on quantitative comparisons of ML algorithms by systematically assessing models
reported in recent literature to identify the most effective predictors across various tasks. Furthermore, it discusses the strengths and limitations of current datasets and modelling strategies. The review concludes with
insights into existing challenges and outlines future directions to support the efficient, interpretable, and scalable
application of ML in PSCs research.",https://www.researchgate.net/profile/Norshafidah-Binti-Abu-Shafian/publication/393729180_Predicting_high-performance_perovskite_solar_cells_using_AI-based_machine_learning_models/links/687748890d8ed26a9d5b57d9/Predicting-high-performance-perovskite-solar-cells-using-AI-based-machine-learning-models.pdf
251,Machine Learning for Precipitation Forecasts Postprocessing: Multimodel Comparison and Experimental Investigation,"Yuhang Zhang, Aizhong Ye",2021,"Abstract Obtaining high-quality quantitative precipitation forecasts is a key precondition for hydrological forecast systems. Due to multisource uncertainties (e.g., initial conditions, model structures, and parameters), raw forecasts are subject to systematic biases; hence, statistical postprocessing is often required to reduce these errors before the forecasts can proceed to hydrological applications. Machine learning (ML) algorithms are canonical statistical models, and they are diverse in type and variation. It is important to verify and compare their performance in the same scenario (e.g., precipitation postprocessing). In this paper, we conduct a large-scale comparison study for the major ML models with diverse model structures and regularization strategies as postprocessors for improving the quality of precipitation forecasts. Specifically, we compare the efficiency and effectiveness of 21 ML algorithms on solving this task. Daily reforecast precipitation with lead times up to 8 days from the Global Ensemble Forecast System and corresponding observations are employed to determine the usability of different models in the Yalong River basin in China. The performance of each model is validated by a group of carefully designed experiments and statistical metrics. The results reveal that improvements in model structures are more effective than regularization strategies. Among these algorithms, the optimized extra-trees regressor exhibits the best performance, effectively reducing overestimation and achieving the best skill in forecasting precipitation. Eleven ensemble members and a 3-day forward-rolling time window can be used as predictors to obtain the best model performance. The systematic experiments and findings also offer useful guidelines for other related studies.",https://journals.ametsoc.org/view/journals/hydr/22/11/JHM-D-21-0096.1.xml
252,AI in Childbirth and Emerging Alternatives to Traditional Fertility Treatments,"Vandana Bhatia, Anjali Chandel, Yavnika Minhas, Aditya Rattan, Swati Rana",2-Mar-26,"Abstract
Artificial Intelligence (AI) is revolutionizing reproductive medicine by enhancing fertility treatments, childbirth monitoring, and postnatal care. AI-driven technologies, including machine learning (ML), natural language processing (NLP), and robotic-assisted surgery, improve diagnostic accuracy, optimize treatment plans, and support clinical decision-making in assisted reproductive technology (ART). While AI has demonstrated significant potential, challenges such as ethical concerns, data privacy risks, algorithmic biases, and regulatory uncertainties remain critical barriers to widespread adoption in reproductive healthcare. This chapter explores the role, advancements, and challenges of AI in reproductive medicine, highlighting its impact on fertility, pregnancy, and postnatal care. A comprehensive analysis of AI applications in reproductive healthcare, including embryo selection, sperm and oocyte quality assessment, ovulation tracking, prenatal diagnostics, labor monitoring, and postpartum depression detection. AI aids in early detection of obstetric complications, optimizes neonatal care in intensive care units (NICUs), and enhances fertility treatments through predictive analytics. AI-driven virtual assistants support maternal health, while machine learning-based tools improve diagnostic precision and clinical decision-making. Addressing ethical and regulatory concerns is essential for equitable AI integration in reproductive medicine. Future advancements require interdisciplinary collaboration, standardized validation through randomized controlled trials, and responsible AI deployment to enhance patient outcomes while maintaining clinical expertise and ethical integrity.",https://link.springer.com/article/10.1007/s43032-026-02052-4
253,Machine learning-driven cancer diagnostics with improved robustness and interpretability,"Pengfei Li, Zhen Liu",2026,"Abstract

Cancer remains one of the leading causes of death worldwide, underscoring the critical need for early diagnosis to improve long-term survival outcomes and reduce mortality rates. Despite significant progress, the development of effective cancer diagnostics continues to face two major challenges. First, the design and optimization of diagnostic assays and analytical workflows largely rely on empirical, trial-and-error approaches, which are inefficient and often yield limited robustness and generalizability. Second, the interpretation of high-dimensional and heterogeneous clinical imaging and molecular profiling data remains complicated, hindering interpretability and the translation of results into clinically actionable insights. Machine learning (ML), with its advanced capabilities in pattern recognition, optimization, and prediction, offers a promising approach to address both challenges for accelerating the development of next-generation cancer diagnostics. In this perspective, we briefly outline the widely used ML algorithms in cancer diagnostics and critically compare their strengths and limitations in real-world applications, considering factors such as data scale, class imbalance, feature structure, generalization performance, and model interpretability. We then summarize recent advances enabled by ML, ranging from analytical platform optimization to multiscale data interpretation. Finally, we discuss remaining challenges and propose a roadmap for future research in ML-driven cancer diagnostics.",https://pubs.rsc.org/sc/article-abstract/doi/10.1039/d6sc02368a/1261139
254,Using Machine Learning Techniques to Discover Novel Thermoelectric Materials,"Ebrar Yildirim, Övgü Ceyda Yelgel",2023,"Abstract

Thermoelectric materials can be utilized to build devices that convert waste heat to power or vice versa. In the literature, the best-known thermoelectrics, however, are based on rare, costly or even hazardous materials, limiting their general usage. New types of effective thermoelectric materials are thus required to enable worldwide deployment. Although theoretical models of transport characteristics can aid in the creation of novel thermoelectrics, they are currently too computationally costly to be used simply for high-throughput screening of all conceivable candidates in the wide chemical space. Machine learning (ML) has been viewed as a promising technique to aid materials design/discovery because of its quick inference time. In this book chapter, we provide the whole workflow for machine learning applications to the identification of novel thermoelectric materials, predicting electrical and thermal transport properties and optimizing processes for materials and structures using cutting-edge ML methods.",https://www.intechopen.com/chapters/1167790
255,Recent Advances in Polymer Design through Machine Learning: A Short,"Bita Yarahmadi, Seyed Majid Majid Hashemianzadeh",2025,"Abstract

Polymers are widely used across diverse industries, including medicine, energy storage, construction, aerospace, agriculture, transportation, and electronics. However, the complexity and variability of polymer chemical compositions and structures present significant challenges for their development. The integration of machine learning (ML) algorithms with large datasets has opened new avenues for advancements in polymer science. Polymer informatics focuses on predicting polymer performance and optimizing synthesis conditions using ML models. With the growing availability of comprehensive datasets and ongoing improvements in ML techniques, polymer informatics can now be applied more effectively and systematically. This study provides a concise overview of the application of various ML approaches, including supervised learning, unsupervised learning, and artificial neural networks (ANNs), for predicting and classifying the properties of different polymers.",https://www.preprints.org/frontend/manuscript/60bbf18521e9e6dca67ce69f5357a906/download_pub
256,Advancing Artificial Intelligence in Myopia Management: From Predicting Progression to Supporting Clinical Decisions,"Zewei Zhang, Yun Wang, Lifei Zhang, Dongmei Chen, Weijie Zhang, Fang Li, Jibo Zhou",3-Sep-26,"Abstract

ABSTRACT
Myopia is a major global public health challenge, characterized by excessive axial elongation and an increased risk of irreversible vision-threatening complications. In clinical practice, management remains experience-based and is constrained by a limited ability to integrate high-dimensional non-linear biometric information, creating an unmet need for more precise and individualized decision-making. Although artificial intelligence (AI) has demonstrated strong performance in screening, diagnosis, and prediction of myopia onset and progression, most existing studies have focused on forecasting disease trajectories rather than generating actionable support for treatment selection and optimization. In this review, we summarize recent advances in AI applications across the continuum of myopia care, from prediction of onset and progression to early assessment of pathological evolution, and further examine emerging AI-enabled strategies for intervention planning in orthokeratology, pharmacologic therapy, and refractive surgery, with particular emphasis on treatment responsiveness. Finally, we discuss the major barriers to clinical translation, including data heterogeneity, limited interpretability, and implementation costs, and outline a future framework for an integrated patient-centered AI ecosystem to support precision management and reduce the global burden of myopia.",https://onlinelibrary.wiley.com/doi/abs/10.1002/mdr2.70088
257,Significant Applications of Machine Learning for COVID-19 Pandemic,"Shashi Kushwaha, Shashi Bahl, Ashok Kumar Bagha, Kulwinder Singh Parmar, Mohd Javaid, Abid Haleem, Ravi Pratap Singh",2020,"Abstract

Machine learning is an innovative approach that has extensive applications in prediction. This technique needs to be applied for the COVID-19 pandemic to identify patients at high risk, their death rate, and other abnormalities. It can be used to understand the nature of this virus and further predict the upcoming issues. This literature-based review is done by searching the relevant papers on machine learning for COVID-19 from the databases of SCOPUS, Academia, Google Scholar, PubMed, and ResearchGate. This research attempts to discuss the significance of machine learning in resolving the COVID-19 pandemic crisis. This paper studied how machine learning algorithms and methods can be employed to fight the COVID-19 virus and the pandemic. It further discusses the primary machine learning methods that are helpful during the COVID-19 pandemic. We further identified and discussed algorithms used in machine learning and their significant applications. Machine learning is a useful technique, and this can be witnessed in various areas to identify the existing drugs, which also seems advantageous for the treatment of COVID-19 patients. This learning algorithm creates interferences out of unlabeled input datasets, which can be applied to analyze the unlabeled data as an input resource for COVID-19. It provides accurate and useful features rather than a traditional explicitly calculation-based method. Further, this technique is beneficial to predict the risk in healthcare during this COVID-19 crisis. Machine learning also analyses the risk factors as per age, social habits, location, and climate.",https://www.researchgate.net/profile/Hakan-Basargan/publication/366835984_Performance_Evaluation_of_Energy-Efficient_Torque_Distribution_Method_for_the_Autonomous_Vehicle_with_Different_Road_Conditions/links/63b816df097c7832ca96743e/Performance-Evaluation-of-Energy-Efficient-Torque-Distribution-Method-for-the-Autonomous-Vehicle-with-Different-Road-Conditions.pdf#page=266
258,A Literature Review on the Integration of System Dynamics and Machine Learning/Artificial Intelligence in Addressing Environmental Matters,"Mustafa Ozan Nesanır, Giovanni Zenezini, Ozlem Senvar, Filippo Maria Ottaviani",27-Aug-25,"Abstract
Environmental challenges, such as climate change, energy inefficiency, emissions, and waste, pose significant threats to global sustainability. These issues are critical due to their impact on ecosystems, economies, and human health, necessitating innovative solutions. Despite extensive research, there is a gap in integrating system dynamics (SD) and machine learning/artificial intelligence (ML/AI) for holistic environmental management. This study addresses this gap by reviewing literature from 2014–2024 that combines SD’s feedback-driven modeling with ML/AI’s predictive and optimization capabilities. The findings reveal that this hybrid approach enhances long-term planning and decision-making in areas like waste, water, and energy management, though its application remains limited, highlighting opportunities for broader adoption.",https://link.springer.com/chapter/10.1007/978-3-032-03515-8_26
259,Machine Learning Approaches in Polymer Science: Progress and Fundamental for a New Paradigm,"Chunhui Xie, Haoke Qiu, Lu Liu, Yang You, Hongfei Li, Yunqi Li, Zhaoyan Sun, Jiaping Lin, Lijia An",9-Jan-25,"Abstract

ABSTRACT
Machine learning (ML), material genome, and big data approaches are highly overlapped in their strategies, algorithms, and models. They can target various definitions, distributions, and correlations of concerned physical parameters in given polymer systems, and have expanding applications as a new paradigm indispensable to conventional ones. Their inherent advantages in building quantitative multivariate correlations have largely enhanced the capability of scientific understanding and discoveries, thus facilitating mechanism exploration, target prediction, high-throughput screening, optimization, and rational and inverse designs. This article summarizes representative progress in the recent two decades focusing on the design, preparation, application, and sustainable development of polymer materials based on the exploration of key physical parameters in the composition–process–structure–property–performance relationship. The integration of both data-driven and physical insights through ML approaches to deepen fundamental understanding and discover novel polymer materials is categorically presented. Despite the construction and application of robust ML models, strategies and algorithms to deal with variant tasks in polymer science are still in rapid growth. The challenges and prospects are then presented. We believe that the innovation in polymer materials will thrive along the development of ML approaches, from efficient design to sustainable applications.",https://onlinelibrary.wiley.com/doi/abs/10.1002/smm2.1320
260,AI for Intelligent Transportation Systems: A Systematic Review of Applications in Demand-Responsive Transport,"Sarah Di Grande, Thamires de Souza Oliveira, David Pagano, Salvatore Cavalieri",5-Aug-26,"Abstract

What are the main findings?",https://www.mdpi.com/1424-8220/26/15/4945
261,FPGA Implementation of Regression Algorithms for Real-Time Applications: A Comprehensive Survey,"Velayutham Sudharsan, Shirshendu Roy",2026,"Abstract

Real-time inference at the edge demands bounded worst-case latency, sustained throughput and a tight power envelope under single-sample workloads, constraints CPUs and GPUs cannot satisfy simultaneously. Field-Programmable Gate Arrays (FPGAs) close this gap: their spatial execution model computes every data path operator in parallel, timing is deterministic by construction, and for single-sample inference the energy advantage over GPUs reaches three to four orders of magnitude. Although FPGA-based regression now spans biomedical engineering, industrial automation, wireless communications, automotive systems, scientific instrumentation, smart grids and Internet-of-Things (IoT) edge nodes, the literature remains fragmented and no prior review treats the full regression spectrum under a single analytical frame. This survey provides six contributions: a two-dimensional taxonomy classifying implementations by algorithmic family and implementation dimension; a hardware-aware analysis of twenty-one regression variants; a systematic mapping across nine real-time application domains; standardized latency-accuracy and energy-accuracy Pareto comparisons; a focused 2022-2025 review covering hls4ml, FINN, AI-engine integration, online learning and posit arithmetic; and fifteen prioritized open re-search challenges. Consistent findings emerge: linear and regularized methods dominate the latency frontier below 64 input dimensions, Extreme Learning Machines occupy an overlooked efficiency sweet spot, hls4ml-based deployment has reached practical maturity, and standardized benchmarking remains the most pressing infrastructure gap.",https://journal.uob.edu.bh/items/0f8410c8-7211-4759-a609-6ddff30b4cb5
262,"A New Methodology for Medium-Term Wind Speed Forecasting Using Wave, Oceanographic and Meteorological Predictor Variables","Diego Sánchez-Pérez, Juan José Cartelle Barros, José A. Orosa",31-Oct-25,"Abstract

This methodology provides a novel and efficient approach for achieving faster wind speed predictions through AI-based procedures, applicable not only to wind energy systems but also to a wide range of related applications. The proposed approach significantly reduces computation time and is expected to enhance the accuracy of predictive maintenance and other operational tasks in the near future.",https://www.mdpi.com/2076-3417/15/21/11639
263,Optimized and Automated Machine Learning Techniques Towards iot Data Analytics and Cybersecurity,"Yang, Li",2021,"Abstract

Explore millions of resources from scholarly journals, books, newspapers, videos and more, on the ProQuest Platform.",https://search.proquest.com/openview/5fd7c49e467ea6681897754ae182099c/1?pq-origsite=gscholar&cbl=18750&diss=y
264,Preoperative Ternary Classification of Pulmonary Ground-Glass Nodules (AIS/MIA/IAC): ResNet-10 Outperforms Radiomics and Clinicoradiographic Models in Multicenter Study,"Dan Long, Zhichao Zuo, Ziqing Yang",2026,"Abstract

Introduction Preoperative differentiation among adenocarcinoma in situ (AIS), minimally invasive adenocarcinoma (MIA), and invasive adenocarcinoma (IAC) is cruc...",https://journals.sagepub.com/doi/abs/10.1177/15330338261423265
265,Forecasting for E-Commerce Sales Using Supervised Machine Learning Algorithms,"Pamuk, Ayçelen",2023,"Abstract

Explore millions of resources from scholarly journals, books, newspapers, videos and more, on the ProQuest Platform.",https://search.proquest.com/openview/27692aeb2bfd9aecadb58e4fd76d20fe/1?pq-origsite=gscholar&cbl=2026366&diss=y
266,Forecasting mechanical properties of steel structures through dynamic metaheuristic optimization for adaptive machine learning,"Ngoc-Mai Nguyen, Jui-Sheng Chou",2024,"Abstract

Machine learning (ML) presents a promising method for predicting mechanical properties in structural engineering, particularly within complex nonlinear structures under extreme conditions. Despite its potential, research has shown a disproportionate focus on concrete structures, leaving steel structures less explored. Furthermore, the prevalent combination of metaheuristic optimization (MO) and ML in existing studies is often subjective, pointing to a significant gap in identifying and leveraging more effective hybrid models. To bridge these gaps, this study introduces a novel system named the Multiple Metaheuristic Optimizers – Multiple Machine Learners (MMOMML) system, designed for predicting mechanical strength in steel structures. The MMOMML system amalgamates 17 MO algorithms with 15 ML techniques, generating 255 hybrid models, including numerous novel configurations not previously examined. With a user-friendly interface, MMOMML enables structural engineers to tackle inference challenges efficiently, regardless of their coding proficiency. This capability is convincingly demonstrated through two practical applications: steel beams’ shear strength and steel cellular beams’ elastic buckling. By offering a versatile and robust tool, the MMOMML system meets construction engineers’ and researchers’ practical and research needs, marking a significant advancement in the field.",https://aviation.vgtu.lt/index.php/JCEM/article/view/21356
267,FROM CANCER MOLECULAR SUBTYPE TO AI HYPE: BENCHMARKING AI IN CANCER MOLECULAR SUBTYPING,"Ahtisham Fazeel Abbasi, Muhammad Sajjad, Muhammad Nabeel Asim, Sebastian Vollmer, Andreas Dengel",2025,"Abstract

Background Cancer molecular subtype classification is an essential component of precision oncology which provides insights into cancer prognosis and guides targeted therapy. Despite the growing applications of AI for cancer molecular subtype classification, challenges persist due to non-standardized dataset configurations, diverse omics modalities, and inconsistent evaluation measures. These issues limit the comparability, reproducibility, and generalizability of AI classifiers across different cancers and hinder the development of robust and accurate AI-driven tools.

Results This study benchmarks 35 unique AI classifiers across 153 datasets, covering 8 omics modalities and 20 different cancers. Particularly, it investigates 6 different research questions, and based on comprehensive performance analyses of the 35 AI classifiers it elucidates the research questions with the following answers: (i) Out of 17 different configurations for 5/8 omics modalities, RPPA (RPPA), Gistic2-all-data-by-genes (CNV), HM27 (Meth), and HiSeqV2-exon (Exon) configurations consistently yield better performance; (ii) In terms of 8 omics modalities, RNASeq, miRNA, CNV, and Exon generally achieve higher macro-accuracy compared to Meth., Array, SNP and RPPA; (iii) SNP and RPPA modalities are prone to biases due to technical noise and data imbalance; (iv) Traditional machine learning (ML) models (SVM, XGB, HGB) perform best on small and low-dimensional datasets, while deep learning (DL) models (ResNet18, CNN, NN, MLP) excel on large and high-dimensional datasets; (v) SVM achieves the highest mean macro-accuracy across all classifiers, with NN, ResNet18, DEEPGENE, and MLP also demonstrate strong performance; and (vi) DL classifiers show superior macro accuracy as compared to ML classifiers in 12 out of 20 cancers.

Conclusions The findings offer key insights to guide the development of standardized, robust, and efficient AI-driven pipelines for cancer molecular subtype classification. This study enhances reproducibility and facilitates better comparison across AI methods, ultimately advancing precision oncology.

Key Points

This study benchmarks 35 unique AI classifiers, ranging from simpler ML models such as Support Vector Machines (SVM), Histogram-Based Gradient Boosting (HGB), and K-Nearest Neighbors (KNN), to complex DL classifiers including Convolutional Neural Networks (CNNs), computer vision models like DenseNet and ResNet, sequential models such as Recurrent Neural Networks (RNN), Gated Recurrent Units (GRU), Long Short-Term Memory networks (LSTM), and their hybrid combinations (e.g., CNN-LSTM, CNN-GRU), as well as transformer-based models, across 153 datasets spanning 8 omics modalities and 20 cancers. It identifies optimal data configurations and evaluates the performance of these classifiers in cancer molecular subtype classification.

The study highlights biases in specific omics modalities: SNP, RPPA, and Array exhibit higher variability and precision-recall imbalances, while RNASeq, miRNA, Exon, and CNV deliver more consistent and reliable results.

ML models (e.g., SVM, XGB, HGB) demonstrate strong performance on smaller datasets with fewer features, whereas DL models (e.g., ResNet18, CNN, NN, MLP, and DEEPGENE transformer) excel in handling high-dimensional datasets with large sample sizes.

The findings provide critical insights for developing robust, standardized AI pipelines for precision oncology, enhancing reproducibility and enabling meaningful cross-method comparisons.",https://www.biorxiv.org/content/10.1101/2025.03.10.642355.abstract
268,Multi-omics driven computational framework for cancer molecular subtype classification,"Ahtisham Fazeel Abbasi, Muhammad Sajjad, Muhammad Nabeel Asim, Sebastian Vollmer, Andreas Dengel",19-Dec-25,"Abstract
Cancer molecular subtype classification is an essential component of precision oncology which provides insights into cancer prognosis and guides targeted therapy. Despite the growing applications of AI for cancer molecular subtype classification, challenges persist due to non-standardized dataset configurations, diverse omics modalities, and inconsistent evaluation measures. These issues limit the comparability, reproducibility, and generalizability of AI classifiers across different cancers and hinder the development of robust and accurate AI-driven tools. This study performs comparative analyses of 35 unique AI classifiers across 153 datasets, covering 8 omics modalities and 20 different cancers. Particularly, it investigates 6 different research questions, and based on comprehensive performance analyses of the 35 AI classifiers it elucidates the research questions with the following answers: (i) out of 17 different configurations for 5 out of the 8 tested omics modalities, RPPA (RPPA), Gistic2-all-data-by-genes (CNV), HM27 (Meth), and HiSeqV2-exon (Exon) configurations consistently yield better performance; (ii) in terms of 8 omics modalities, RNASeq, miRNA, CNV, and Exon generally achieve higher macro-accuracy (MACC) compared to Meth., Array, SNP and RPPA; (iii) SNP and RPPA modalities are prone to biases due to technical noise; (iv) traditional machine learning (ML) models (SVM, XGB, HGB) perform best on small and low-dimensional datasets, while deep learning (DL) models (ResNet18, CNN, NN, MLP) excel on large and high-dimensional datasets; (v) SVM achieves the highest mean MACC across all classifiers, with NN, ResNet18, DEEPGENE, and MLP also demonstrate strong performance; and (vi) DL classifiers show superior MACC as compared to ML classifiers in 12 out of 20 cancers. The findings offer key insights to guide the development of standardized, robust, and efficient AI-driven pipelines for cancer molecular subtype classification. This study enhances reproducibility and facilitates better comparison across AI methods, ultimately advancing precision oncology.",https://www.nature.com/articles/s41598-025-32051-5
269,"Machine Learning for Reactive Structural Adhesive Design: A Framework for Chemistry, Formulation, and Optimization","Florian Rothenhäusler, Holger Ruckdaeschel",24-Feb-26,"Abstract

Reactive structural adhesives—epoxies, polyurethanes, and acrylics—are essential in high-performance applications, yet their development remains complex due to multiscale adhesion mechanisms, combinatorial formulation spaces, and stringent performance requirements. Traditional trial-and-error approaches are time- and resource-intensive. Machine learning (ML) provides a powerful framework to accelerate adhesive design by capturing nonlinear relationships between formulation, processing, and performance, while enabling predictive modeling, optimization, and experiment prioritization. This review presents a process-oriented guide for ML-assisted adhesive development, covering component selection, feature engineering, initial dataset design, model choice, and iterative workflows integrating classical design-of-experiments, active learning, and Bayesian optimization. Emphasis is placed on interpreting ML outputs through the lens of polymer chemistry, reaction kinetics, and fracture mechanics to extract mechanistic insights and guide rational formulation design. Key challenges—including small, noisy datasets, multi-component interactions, and multi-objective trade-offs—are discussed, along with emerging directions such as collaborative databases, automated knowledge extraction, and hybrid ML–chemistry approaches to further enhance structural adhesive development. The review underscores the potential of integrating ML into adhesive R&D to reduce experimental burden, improve formulation efficiency, and enable data-driven exploration of complex chemistries.",https://www.mdpi.com/3042-6081/2/1/5
270,COVID-19-Induced Depression and Anxiety Detection: A Systematic Literature Review of Machine Learning and Deep Learning Techniques,"Priyanka Arora, Sonika Dahiya",21-Oct-25,"Abstract
Epidemics or pandemics, like the current COVID-19 outbreak, present special obstacles to society. Leaders in several nations implemented policies that restricted social connections as a proactive attempt to stop the virus’s spread. They intended to harness the power of social isolation as a strategy to mitigate the rapid increase in infections, effectively curving the trajectory of contamination. Shifts in societal conventions over this period have indirectly impacted the mental well-being of individuals. The United Nations (UN) prioritizes mental health, aiming to reduce premature mortality from non-communicable diseases by 2030. During the second wave of the COVID-19 epidemic, many people experienced significant life upheavals, including managing the death of family members, dealing with unstable employment, and managing elevated levels of emotional and financial stress. Owing to these circumstances, a sizeable portion of the populace has struggled with mental health conditions like anxiety, depression symptoms, PTSD, and mood disorders. In the past, pandemics or epidemics have had indirect consequences on mental health, leaving a sizable share of depressed people unidentified and untreated. Less is known about how emotion control affects distressed people’s feelings during and after the pandemic. By performing a thorough analysis of the existing literature, the main goal of this study is to identify developments, limitations, obstacles, and possible directions for future research in the field of diagnosing depression and anxiety during and after the COVID-19 pandemic. A comprehensive analysis included sixty-six current research that focused on identifying mental health problems related to the epidemic. The selection criteria included studies that used psychological tools, such self-questionnaires, to detect a range of mental health conditions. The groundwork for tackling one key issue—the length of depression and anxiety symptoms—is laid forth by this systematic literature analysis’s understanding of the landscape of pandemic-related mental health disorders. This understanding can greatly aid in developing focused prevention initiatives, which will ultimately lessen the burden of these disorders.",https://link.springer.com/article/10.1007/s00354-025-00305-5
271,ARTIFICIAL INTELLIGENCE IN GESTATIONAL DIABETES PREDICTION AND MANAGEMENT,"Keerthy Rajan, Sruthi G",2026,"Abstract

Glucose intolerance that initially appears or is diagnosed during pregnancy is a hallmark of Gestational Diabetes Mellitus (GDM), a serious public health concern. Both the mother's and the foetus’s health are at serious risk, both in the short and long term. The rising incidence of GDM worldwide is a reflection of larger patterns in metabolic syndromes, obesity, maternal age, and sedentary lifestyles. To reduce maternal and newborn problems such preeclampsia, caesarean delivery, macrosomia, neonatal hypoglycemia, and an elevated lifetime risk of Type 2 Diabetes Mellitus (T2DM), early detection and optimal care of GDM are cruciaL.",https://zir.nsk.hr/object/mef:13189
272,Enhancing Security Measures in Electrical Control Systems: A Machine Learning Approach to Detecting and Preventing Intrusion Attacks,"Qasaimeh, Saif",2023,"Abstract

Explore millions of resources from scholarly journals, books, newspapers, videos and more, on the ProQuest Platform.",https://search.proquest.com/openview/b3e3ec097bbb37d60297b2b983d0a680/1?pq-origsite=gscholar&cbl=18750&diss=y
273,iwaponline.com,"P Cheng, D Hou, H Peng, Y Chai, M Sun, Q Zeng",2026,"The security of the water–energy–food (WEF) system is an important guarantee of sustainable regional development. Assessing WEF security and its drivers helps tackle resource and environmental challenges. Traditional assessment methods like system dynamics, logistic curve, and fuzzy logic rely on subjective inputs or specific assumptions, causing model inaccuracies that distort security evaluations. Based on 2012–2021 Yellow River Basin data, this study constructed a WEF security evaluation indicator system based on the pressure–state–response framework and established security threshold standards. Nine machine learning models were compared to identify the optimal approach for WEF security assessment, and Shapley additive explanations explained each factor's contribution and driving mechanism. The results indicated that random forest regression outperformed other models in evaluating the WEF security of the Yellow River Basin. The WEF security index plummeted in 2017, while changes in other years were relatively minor. Spatially, high-security areas were concentrated in the eastern and southern regions of the basin. Analysis of influencing factors revealed that most factors had similar levels of contribution to WEF security, with no single dominant factor, and their impacts were nonlinear and phased. This study provided a novel framework for WEF security evaluation and offered scientific support for policy formulation.",https://iwaponline.com/wp/article/doi/10.2166/wp.2026.129/111672
274,A Novel Superaug Adaptive Data Augmentation Strategy for Metabolic Syndrome Prediction: The First Egyptian National Cohort Study With Multi-National Comparison,"Nihal Elsonny, Ashraf Elsharkawy, Abeer Tawakol, Amira Y. Haikal",2026,"Abstract

Metabolic Syndrome (MetS) is a multifactorial disorder associated with an increased risk of cardiovascular disease, type 2 diabetes, and obesity-related complications. Early and accurate prediction of MetS remains challenging due to heterogeneous data sources, class imbalance, limited sample sizes in regional studies, and poor generalization across populations.
This study introduces a comprehensive machine learning framework for predicting MetS and its prognostic factors using two heterogeneous datasets: a newly collected Egyptian clinical cohort and the U.S.-based (NHANES) [CDC, 2023] dataset. For each dataset, multiple experimental pipelines are developed, integrating preprocessing, feature selection, data augmentation, hyperparameter tuning, and ensemble modeling.
A key contribution of this work is SUPERAUG (Supervised Ensemble and Robust Augmentation), an adaptive and hybrid augmentation strategy that combines multi-noise injection with SMOTE [Chawla et al., 2002] to enhance minority class representation and improve data diversity. The proposed approach is evaluated in both standard and adaptive configurations, where augmentation strength is dynamically adjusted based on model performance.
To ensure robust evaluation, repeated cross-validation and statistical analysis are employed, particularly for the small-sized Egyptian dataset. Experimental results demonstrate that SUPERAUG improves model generalization and class balance across both datasets. The best-performing pipelines achieved up to 93.75% accuracy on the Egyptian dataset and 91.79% on the NHANES dataset, while more conservative configurations yield stable and reliable performance.
Across both populations, waist circumference, fasting glucose, triglycerides, and body mass index (BMI) consistently emerged as the most predictive features. These findings highlight the adaptability and effectiveness of the proposed framework and support its potential for population-specific clinical decision support systems.",https://mej.researchcommons.org/home/vol51/iss5/5/
275,A novel hybrid model combining dimensionality reduction techniques and classification algorithms for credit scoring,"Mohammad Khanbabaei, Parastoo Kabi-Nejad",2025,"Abstract

Credit scoring is a prominent application of machine learning and data mining. Numerous studies have utilized machine learning algorithms, including feature selection, classification, and ensemble learning, within the context of hybrid credit scoring models. However, most of these studies have not compared the extensive variety of compound and hybrid credit scoring methods collectively. This study proposes a novel hybrid credit scoring model that integrates three dimensionality reduction techniques — feature selection, feature extraction, and manifold learning — with two classification approaches: single classifiers and ensemble classifiers. By employing the proposed model, a wide array of hybrid credit scoring models will be developed and evaluated using five performance metrics. The results indicate that the proposed model outperforms other hybrid credit scoring models presented in previous research. This model can be regarded as a comprehensive framework for leveraging machine learning in the development of hybrid credit scoring models.",https://www.worldscientific.com/doi/abs/10.1142/S2424786325500124
276,HOUSE PRICE PREDICTION USING ARTIFICIAL NEURAL NETWORK (ANN) WITH ADAGRAD OPTIMIZER,A abdu Ibrahim,2024,"The real estate market is a dynamic and complex ecosystem influenced by a myriad of factors,
making accurate price predictions a formidable challenge. Understanding the intricate
relationships between variables such as location, property characteristics, economic indicators, and
market trends is essential for making informed investment decisions, in this thesis, a
comprehensive exploration of machine learning and artificial neural networks (ANNs) has been
undertaken, laying the groundwork for understanding how these powerful computational tools can
be harnessed to solve complex problems across various domains. The study began by delving into
the fundamentals of machine learning, categorizing it into its primary types, and discussing its
applications in clustering, dimensionality reduction, and learning association rules. These sections
highlighted the versatility and breadth of machine learning techniques in uncovering patterns and
simplifying the complexities inherent in vast datasets. Further, a transition was made into a focused
discussion on linear regression, including its simplest form and the more sophisticated gradient
boosting method. This progression underscored the evolution of machine learning from basic
predictive modelling to more advanced, iterative improvement techniques capable of handling
nonlinear relationships with exceptional accuracy and efficiency",https://www.researchgate.net/profile/Ehab-Saad-8/publication/391202170_HOUSE_PRICE_PREDICTION_USING_ARTIFICIAL_NEURAL_NETWORK_ANN_WITH_ADAGRAD_OPTIMIZER/links/680d71d0d1054b0207e198c6/HOUSE-PRICE-PREDICTION-USING-ARTIFICIAL-NEURAL-NETWORK-ANN-WITH-ADAGRAD-OPTIMIZER.pdf
277,MAFSIDS: a reinforcement learning-based intrusion detection model for multi-agent feature selection networks,"Kezhou Ren, Yifan Zeng, Yuanfu Zhong, Biao Sheng, Yingchao Zhang",5-Sep-23,"Abstract
Large unbalanced datasets pose challenges for machine learning models, as redundant and irrelevant features can hinder their effectiveness. Furthermore, the performance of intrusion detection systems (IDS) can be further degraded by the emergence of new network attack types. To address these issues, we propose MAFSIDS (Multi-Agent Feature Selection Intrusion Detection System), a DQL (Deep Q-Learning) based IDS.
MAFSIDS comprises a feature self-selection algorithm and a DRL (Deep Reinforcement Learning) attack detection module. The feature self-selection algorithm leverages a multi-agent reinforcement learning framework, which redefines the feature selection problem by converting the traditional \({2}^{N}\) feature selection space into \(N\) agent representations. This approach reduces model complexity and enhances the search strategy for feature selection. To ensure accurate feature representation and expedite the feature selection process, we have also developed a GCN (Graph Convolutional Network) method that extracts deeper features from the data. The DRL attack detection module utilizes the Mini-Batchs technique to encode the data, allowing reinforcement learning to be applied in a supervised learning context. This integration improves accuracy. Additionally, the policy network in this module is designed to be minimalist, enhancing model efficiency. To evaluate the performance of our model, we conducted comprehensive simulation experiments using Python. We tested the model using the CSE-CIC-IDS2018 and NSL-KDD datasets, achieving impressive accuracy rates of 96.8% and 99.1%, as well as F1-Scores of 96.3% and 99.1%, respectively. The selected feature subset successfully eliminates approximately 80% of redundant features compared to the original feature set. Furthermore, we compared our proposed model with other popular machine-learning models.",https://link.springer.com/article/10.1186/s40537-023-00814-4
278,Machine-Learning Screening of Early Cervical Lesions Using HPV Genotyping and Exploratory Fusion-Gene Analysis,"W Kong, Y Wang, X Wen, Y Huang, Y Liu, S Chen",2024,"Background
Cervical cancer is the fourth most common malignancy in women worldwide, primarily driven by persistent high-risk human papillomavirus (HPV) infection. However, conventional screening methods such as cytology and HPV DNA testing remain limited in accuracy and scalability, particularly for early or precancerous lesions.
Methods
We analyzed HPV infection patterns, genotype distribution, and lesion grades in 5,452 women from Shenzhen, China. Among them, 76 HPV16- or HPV52-positive cases underwent exploratory PCR-based fusion-gene detection. Six feature-selection strategies and thirteen machine-learning classifiers were trained using stratified five-fold cross-validation, with SMOTE for class balancing and grid search for hyperparameter tuning. Model interpretability was evaluated using SHapley Additive exPlanations (SHAP).
Results
The overall HPV infection rate was 30.3%. HPV52 was the most prevalent genotype (6.1%) in the general population, whereas HPV16 predominated in high-grade lesions and cancer. The number of fusion loci increased with lesion severity, but fusion data alone showed limited predictive value (ROC AUC < 0.60). Integrating HPV genotyping with epidemiological features markedly improved performance: Random Forest achieved ROC AUC and PR AUC of 0.95 in cross-validation and 0.86 in the independent test set. SHAP analysis identified infection burden and high-risk HPV status as dominant predictors, jointly explaining over half of the model variance.
Conclusions
This study establishes a region-specific epidemiological profile of HPV and introduces an explainable, low-cost machine-learning framework based solely on HPV genotyping. The model demonstrates high accuracy and clinical scalability, providing a practical approach for early screening of cervical lesions.",https://assets-eu.researchsquare.com/files/rs-7859112/v1/868594910d3107d540e4f19d.html
279,Literature Review of Methods for Detecting Non-Technical Electricity Losses in Distribution Grids,"Irbek D. Morgoev, Roman V. Klyuev, Angelika D. Morgoeva",2025,"Abstract

The widespread deployment of advanced metering infrastructure (AMI) and smart grid technologies has significantly expanded the availability of high-resolution electricity consumption data in distribution networks. This creates new opportunities for addressing non-technical losses (NTL). This paper presents a systematic literature review of data-driven methods for NTL detection based on an analysis of 79 relevant scientific publications from leading databases (IEEE Xplore, Springer, MDPI, and ScienceDirect) indexed in Scopus/Scimago over the period 2020–2025. The reviewed methods are categorized according to a novel triad of criteria: the analytical paradigm, the input data structure, and the required level of grid digitalization. A comparative analysis reveals distinct performance profiles: supervised classification methods, particularly hybrid and ensemble models, enable high-accuracy detection, with many studies reporting F1-scores exceeding 0.95 on benchmark datasets, yet they require extensive labeled data from AMI systems. Unsupervised clustering techniques offer a practical alternative for grids with partial or no AMI by analyzing aggregated consumption patterns. Forecasting-based (regression) methods facilitate continuous consumption monitoring and anomaly detection via deviation analysis, while scenario-modeling techniques provide strategic tools for evaluating the potential impact of NTL reduction measures. This review critically examines the causes of NTL, feature engineering strategies, software tools, and key challenges such as data imbalance, model interpretability, and real-world deployment constraints. The synthesis provides a utility-centric framework for method selection, offering practical recommendations tailored to different infrastructure profiles. The proposed systematization bridges methodological gaps and supports the development of context-aware, data-driven solutions for modern and evolving power systems.

Received: 3 July 2025 | Revised: 8 January 2026 | Accepted: 14 January 2026

Conflicts of Interest

The authors declare that they have no conflicts of interest to this work.

Data Availability Statement

Data sharing is not applicable to this article as no new data were created or analyzed in this study.

Author Contribution Statement

Irbek D. Morgoev: Conceptualization, Methodology, Formal analysis, Investigation, Data curation, Writing – original draft, Writing – review & editing, Visualization. Roman V. Klyuev: Conceptualization, Formal analysis, Writing – review & editing, Supervision. Angelika D. Morgoeva: Validation, Formal analysis, Investigation, Writing – original draft, Writing – review & editing, Project administration.",https://ojs.bonviewpress.com/index.php/AIA/article/view/6686
280,Where and how machine learning plays a role in climate finance research,"Andres Alonso-Robisco, Javier Bas, Jose Manuel Carbo, Aranzazu de Juan, Jose Manuel Marques",30-Jun-24,"ABSTRACT
The financial sector, by mobilizing capital, is fundamental to adapt and mitigate the impact of climate change in the economy. This has led to the emergence of a new research field, climate finance, where experts are starting to harness Machine Learning (ML) as a tool to solve new problems, due to the need to use big datasets and to model complex non-linear relationships. We propose a review of the academic literature that goes beyond the existing bibliometric studies in the field, with the aim of identifying relevant application domains of this technology to inform ML experts where and how their modeling expertise may add value in climate finance. To achieve this, we first assemble a corpus of texts from three scientific databases and use Latent Dirichlet Allocation (LDA) for topic modeling, to uncover seven research areas which we label as: natural hazards, biodiversity, agricultural risk, carbon markets, energy economics, Environmental, Social and Governance (ESG) factors & investing, and climate data. Second, we perform an analysis of publication trends, which confirms that ML is growing both in breadth and depth in climate finance, in particular topics related to energy economics, ESG factors and climate data. Interestingly, some methods stand out in each area, based on data characteristics and modeling requirements.",https://www.tandfonline.com/doi/abs/10.1080/20430795.2024.2370325
281,The Accuracy in Rupture Risk Prediction of Intracranial Aneurysms by Artificial Intelligence Algorithms Using Imaging Data From CTA and DSA: A Systematic Review and Meta-Analysis,"Ruixuan Zhang, Ruibo Liu, He Ma, Guangxin Chu, Ligang Chen, Guobiao Liang, Liang Ma, Hai Jin",24-Dec-25,"Abstract

ABSTRACT
Ruptured intracranial aneurysms (IAs) are the leading cause of aSAH. There are limitations in combining traditional imaging methods (CTA and DSA) and clinical scores (PHASES) to predict IAs rupture risk, whereas artificial intelligence (AI) algorithms show potential. This meta-analysis evaluated AI algorithm performance for predicting IAs rupture risk based on CTA and DSA. As of February 2025, we searched Web of Science, PubMed, Scopus, and Embase, extracting TP, FP, FN, and TN from included studies. The combined sensitivity, specificity, and AUC were synthesised with a bivariate random-effects model. Subgroup analyses were performed. PROSPERO: CRD420251008866. Twenty studies (13,232 patients, 14,344 IAs) reported pooled sensitivity 0.84 (95% CI: 0.80–0.87), specificity 0.82 (95% CI: 0.78–0.86), and AUC 0.90 (95% CI: 0.87–0.92) with substantial heterogeneity. Subgroup analyses showed DOR in the DSA versus CTA groups (DSA 23.55, CTA 22.21) with persistent heterogeneity. The clinical-morphological-radiomics group had DOR 18.76 without heterogeneity. By publication year, 2021 group had a lower DOR (12.99) versus 2022 (23.03) versus 2023 (26.98), with low heterogeneity. AI algorithms predicting IAs rupture risk based on CTA and DSA demonstrate high diagnostic accuracy and have potential to advance the field.",https://ietresearch.onlinelibrary.wiley.com/doi/abs/10.1049/syb2.70050
282,"Artificial intelligence-driven electrolyte chemistry for lithium-ion batteries: mechanisms, progress and strategic perspectives","Jian Chen, Nan Qin, Fei Pei, Yi Zhang, Yun Qiao, Yifei Yu, Yunhui Huang",2026,"Abstract

Electrolyte engineering is critical for next-generation energy storage systems with enhanced energy density, safety, and environmental adaptability. However, complex chemical design spaces and limited predictive capabilities render conventional trial-and-error approaches impractical. Artificial intelligence (AI) offers transformative solutions by integrating experimental data, quantum chemical descriptors, and molecular simulations to reveal structure–property–performance relationships and enable rational design. This review traces the evolution of AI methodologies, with particular emphasis on multi-source data acquisition, feature engineering strategies, and the progression from supervised and unsupervised learning to emerging generative and foundation models, critically assessing their respective strengths, limitations, and applicability. We further highlight key AI-enabled applications, including performance-driven formulation design, mechanistic analysis of interfacial reactions, solvation-structure prediction, and closed-loop optimization of novel solvents, lithium salts, and solid-state electrolytes, thereby accelerating end-to-end electrolyte discovery. Building upon a comprehensive assessment of recent advances, we propose actionable strategies integrating quantum chemistry with machine learning, encompassing standardized electrolyte databases, autonomous research platforms, and multi-scale closed-loop design frameworks to advance mechanistic understanding and guide the practical deployment of high-performance lithium-ion batteries.",https://pubs.rsc.org/ee/article-abstract/doi/10.1039/D6EE01488G/1281091
283,Integrating Artificial Intelligence with Wearable Sensors for Advanced Health Monitoring and Diagnosis,"Dongyoun Kim, Syed Saad Ahmed, Amirhossein Amjad, Kwanghee Won, Xiaojun Xian",18-Jun-26,"Abstract

Wearable healthcare technologies are transforming the healthcare landscape by enabling remote, real-time health data collection, supporting early diagnosis, personalizing treatment plans, and reducing healthcare costs and medical burdens. Central to these advancements are wearable sensors, which continuously capture physiological data such as heart rate, temperature, activity levels, and biomarker concentrations. However, the large volume and complexity of this data demand effective processing to extract meaningful medical insights. Artificial intelligence (AI) and machine learning (ML) have significantly enhanced the capabilities of wearable sensors by enabling advanced data analysis, pattern recognition, and predictive modeling. AI-enhanced wearable sensors can detect early signs of health issues, such as heart attacks, chronic diseases, and mental health conditions like stress, often before clinical symptoms become apparent. This review examines the integration of AI/ML models with wearable sensors across physical activity recognition, stress assessment, cardiovascular monitoring, personal exposure monitoring, and sweat biomarker detection. Unlike prior application-centered reviews, we emphasize methodological and translational evaluation by comparing task formulations, sensing modalities, dataset scale, validation protocols, performance metrics, and deployment constraints across domains. We further discuss advanced architectures, multimodal fusion, explainable AI, edge deployment, privacy and regulatory considerations, and the translational gap between research prototypes and clinically deployable wearable AI systems.",https://www.mdpi.com/2079-6374/16/6/344
284,Artificial intelligence in rheumatoid arthritis: current applications and future perspectives,"Zhanhui Sun, Chengzhang Li, Kairui Zhu, Liying Xu, Yulong Mu, Guoyu Wang, Lu Shi, Youjie Li, Yanmei Li",8/26/2026,"Abstract Rheumatoid arthritis (RA) is a highly prevalent systemic autoimmune disease characterized by a complex and partially understood pathogenesis. The substantial challenges in early identification and marked therapeutic heterogeneity pose a significant burden on affected patients. Despite notable advancements in diagnostic techniques and therapeutic interventions in recent years, optimal patient care remains hindered by several ongoing clinical challenges. To address these limitations, artificial intelligence (AI) has been increasingly integrated into the field of rheumatology. By leveraging its potent capabilities in large-scale data and medical image processing, AI offers diversified and individualized approaches to RA diagnosis and management. Herein, following a review of the fundamental concepts of RA and AI, we explore the multifaceted applications of AI across RA diagnosis, treatment response prediction, de novo drug discovery, and both clinical and basic science research. Furthermore, we provide a comprehensive analysis of the strengths and pitfalls of implementing these models in real-world clinical . By summarizing the AI technologies that either hold significant promise for practical clinical application or have already been translated into routine practice, this review aims to catalyze the progress of AI-guided precision medicine and drive the intelligent evolution of RA management.",https://www.frontiersin.org/journals/medicine/articles/10.3389/fmed.2026.1914306/full
285,"Machine Learning in Vibration Control, Vibration Energy Harvesting, and Structural Health Monitoring: A Review","Houfan Du, Bohao Duan, Dongmei Huang, Lu Wang, Grzegorz Litak, Haitao Xu",2026,"Abstract

With the widespread adoption of sensors, research into vibration control (VC), vibration energy harvesting (VEH), and structural health monitoring (SHM) has garnered growing attention. However, conventional methods in these fields struggle with high-dimensional, multisource data processing, while machine learning (ML) has emerged as a promising solution for handling nonlinear, complex vibration-related data and enabling real-time data analysis. Existing reviews typically focus on ML applications in a single domain, lacking a cross-field synthesis. This review comprehensively summarizes the latest ML advances in VC, VEH, and SHM. For VC, it addresses the challenge of adapting to dynamic operational conditions and outlines prospects of adaptive control via reinforcement learning (RL). For VEH, it targets unstable energy conversion under random ambient vibrations and highlights optimized harvesting strategies using deep learning. For SHM, it tackles microdamage feature masking by environmental interference and envisions improved detection via computer vision models. It further analyzes domain-specific ML challenges and emerging research directions, providing readers with a unified cross-field framework, clear technical bottleneck insights, and actionable guidance for advancing intelligent vibration-related engineering systems.",https://ieeexplore.ieee.org/abstract/document/11543180/
286,AI-Enabled Approach for the Early Detection of Gestational Diabetes and Retinal Vessel Segmentation,"Zaky, Hesham",2022,"Abstract

Explore millions of resources from scholarly journals, books, newspapers, videos and more, on the ProQuest Platform.",https://search.proquest.com/openview/0384ea11ccf6381fa7eae3948ceb2fe6/1?pq-origsite=gscholar&cbl=2026366&diss=y
287,"Applications of Machine Learning in High-Entropy Alloys: Phase Prediction, Performance Optimization, and Compositional Space Exploration.","Xiaotian Xu, Zhongping He, Kaiyuan Zheng, Lun Che, Wei Feng",2025,"Abstract: The rapid advancement of machine learning (ML) has ushered in a new era for materials science, particularly in the design and understanding of high-entropy alloys (HEAs). As a class of compositionally complex materials, HEAs have greatly benefited from the predictive power and computational efficiency of ML techniques. Recent years have witnessed remarkable expansion in the scope and sophistication of ML applications to HEAs, spanning from phase formation prediction to property and microstructure modeling. These developments have significantly accelerated the discovery and optimization of novel HEA systems. This review provides a comprehensive overview of the current progress and emerging trends in applying ML to HEA research. We first discuss phase prediction methodologies, encompassing both pure ML frameworks and hybrid physics-informed models. Subsequently, we summarize advances in ML-driven prediction of HEA properties and microstructural features. Further sections highlight the role of ML in exploring vast compositional spaces, guiding the design of high-performance HEAs, and optimizing existing alloys through data-driven algorithms. Finally, the challenges and limitations of current approaches are critically examined, and future directions are proposed toward interpretable models, mechanistic understanding, and efficient exploration of the HEA design space.",https://openurl.ebsco.com/contentitem/gcd:190532709?sid=ebsco:plink:crawler-gcd&id=ebsco:gcd:190532709&crl=c&jrnl=20754701
288,A review of Credit Rating models: A combined analysis and suggestions for future research.,"SF Mousavi, A Gazori-Nishabori",2023,"Abstract

The key to solving the problem of obtaining complex facilities is to create a suitable credit rating model that can provide technical support for the approval of granting facilities provided by small and micro enterprises. Credit rating agencies perform assessment to support financial institutions in processing debts. Added literature in the field of credit rating from January 2015 to August 2023 was analyzed to discover opportunities for further research. Bibliometric analysis was used to understand the existing literature. Subsequently, through structured review theories, the methods used by researchers and credit rating agencies were examined. A hybrid literature review was developed by integrating bibliometric and structured review of research articles from widely recognize d databases. A sample of 72 articles has been made and studied to identify the gaps in the field of credit rating and create a suitable solution to fill such gaps. The results showed that most studies appeared as post-financial crisis effects reported in 2016 and 2023. It contributes to the existing literature by encouraging researchers and credit rating agencies to develop a specific credit rating system by evaluating existing models and improvising them by adopting advanced techniques such as multiple reg ression, neural networks, aggregate learning, and machine learning.",https://www.jise.ir/article_178167_069cf47c2c8816b5b9586667b50b59e1.pdf
289,"Pyroptosis-Related Gene Signatures Enable Robustly Diagnosis, Prognosis and Immune Responses Prediction in Uterine Corpus Endometrial Carcinoma","Xuanming Chen, Xiangyu Jin, Jiafu Wang, Hanfei Li, Chuanfang Wu, Jinku Bao",2025,"Abstract

Purpose: Uterine corpus endometrial carcinoma (UCEC) is a gynecological malignancy with poor prognosis and high lethality rates. Pyroptosis, a pro-inflammatory programmed cell death pattern, significantly influences tumor growth, development, and metastasis. We intend to explore whether pyroptosis-related genes can be screened as targets for early detection and patient prognosis. 

Methods: We used nine common machine learning algorithms to build classifiers based on the pyroptosis-related genes, evaluated the classifiers' performance using metrics like the receiver operating characteristic curve (ROC), and verified the results using external datasets. Using Least Absolute Shrinkage and Selection Operator (LASSO) regression analysis, we built a predictive model. ROC and univariate/multivariate Cox analyses were used to assess the model's performance and its independence in predicting patient prognosis. We used a variety of statistical methods and algorithms to investigate the connection between tumor immunity and pyroptosis-related genes. 

Results: We identified 26 pyroptosis-related genes associated with the diagnosis and prognosis of UCEC. We found the logistic regression classifier performing the best. We then constructed a predictive model based on seven PRGs about IRF2, TIRAP, BAK1, GSDMD, CHMP2A, GPX4, CHMP2B . The pyroptosis-related gene risk signature (PRGRS) effectively classified UCEC patients. We demonstrated that PRGRS independently impacted UCEC prognosis and confirmed its expression using qRT-PCR experiments. Furthermore, we found associations between PRGRS and tumor immune response. 

Conclusion: Our study highlights novel pyroptosis-related gene signatures that may be utilized for early screening and prognosis prediction in UCEC patients, offering potential targets for future research and guidance for personalized anticancer therapies.",https://pmc.ncbi.nlm.nih.gov/articles/PMC12171010/
290,A Comprehensive Review on RNA Subcellular Localization Prediction,"Cece Zhang, Xuehuan Zhu, Nick Peterson, Jieqiong Wang, Shibiao Wan",2025,"Abstract

The subcellular localization of RNAs, including long non-coding RNAs (lncRNAs), messenger RNAs (mRNAs), microRNAs (miRNAs) and other smaller RNAs, plays a critical role in determining their biological functions. For instance, lncRNAs are predominantly associated with chromatin and act as regulators of gene transcription and chromatin structure, while mRNAs are distributed across the nucleus and cytoplasm, facilitating the transport of genetic information for protein synthesis. Understanding RNA localization sheds light on processes like gene expression regulation with spatial and temporal precision. However, traditional wet lab methods for determining RNA localization, such as in situ hybridization, are often time-consuming, resource-demanding, and costly. To overcome these challenges, computational methods leveraging artificial intelligence (AI) and machine learning (ML) have emerged as powerful alternatives, enabling large-scale prediction of RNA subcellular localization. This paper provides a comprehensive review of the latest advancements in AI-based approaches for RNA subcellular localization prediction, covering various RNA types and focusing on sequence-based, image-based, and hybrid methodologies that combine both data types. We highlight the potential of these methods to accelerate RNA research, uncover molecular pathways, and guide targeted disease treatments. Furthermore, we critically discuss the challenges in AI/ML approaches for RNA subcellular localization, such as data scarcity and lack of benchmarks, and opportunities to address them. This review aims to serve as a valuable resource for researchers seeking to develop innovative solutions in the field of RNA subcellular localization and beyond.",https://pmc.ncbi.nlm.nih.gov/articles/PMC12045386/
291,A Systematic Review on Intelligent Prediction of Inorganic Building Materials Performance,"Mengru Li, Zhenya Zhang, Xianyi Zeng, Zhenglei He",21-May-25,"Abstract
The construction industry is crucial for economic and social development. Inorganic materials, which rely on natural minerals and are affected by uncertainties, hold a large share in the construction market. As building materials are from process—intensive industries, complex and continuous processing magnifies deviations, directly affecting product quality. Computational intelligent methods are effective for accurately predicting product quality. This paper focuses on inorganic building materials and systematically reviews computational intelligent techniques in this field. It comprehensively explores 234 related studies in 6 key areas (concrete, ceramics, glass, clay bricks, cement, and steel), compiles prediction models, evaluates them, analyzes model configurations and properties to gain insights into the field and identify optimal approaches. It points out model limitations, such as high computational costs, data-hungry, and suggests future research directions like practicality and promoting green initiatives through material circulation.",https://link.springer.com/article/10.1007/s44196-025-00843-2
292,Methods of Forecasting Electric Energy Consumption: A Literature Review,"Roman V. Klyuev, Irbek D. Morgoev, Angelika D. Morgoeva, Oksana A. Gavrina, Nikita V. Martyushev, Egor A. Efremenkov, Qi Mengxu",25-Nov-22,"Abstract

Balancing the production and consumption of electricity is an urgent task. Its implementation largely depends on the means and methods of planning electricity production. Forecasting is one of the planning tools since the availability of an accurate forecast is a mechanism for increasing the validity of management decisions. This study provides an overview of the methods used to predict electricity supply requirements to different objects. The methods have been reviewed analytically, taking into account the forecast classification according to the anticipation period. In this way, the methods used in operative, short-term, medium-term, and long-term forecasting have been considered. Both classical and modern forecasting methods have been identified when forecasting electric energy consumption. Classical forecasting methods are based on the theory of regression and statistical analysis (regression, autoregressive models); probabilistic forecasting methods and modern forecasting methods use classical and deep-machine-learning algorithms, rank analysis methodology, fuzzy set theory, singular spectral analysis, wavelet transformations, Gray models, etc. Due to the need to take into account the specifics of each subject area characterizing an energy facility to obtain reliable forecast results, power consumption modeling remains an urgent task despite a wide variety of other methods. The review was conducted with an assessment of the methods according to the following criteria: labor intensity, requirements for the initial data set, scope of application, accuracy of the forecasting method, the possibility of application for other forecasting horizons. The above classification of methods according to the anticipation period allows highlights the fact that when predicting power consumption for different time intervals, the same methods are often used. Therefore, it is worth emphasizing the importance of classifying the forecast over the forecasting horizon not to differentiate the methods used to predict electricity consumption for each period but to consider the specifics of each type of forecasting (operative, short-term, medium-term, long-term).",https://www.mdpi.com/1996-1073/15/23/8919
293,Towards a minimum universal features set for IoT DDoS attack detection,"Osama Ebrahem, Salah Dowaji, Suhel Alhammoud",11-Apr-25,"Abstract
Dimensionality reduction is one basic and critical technology for data mining, especially in the current “big data” era. It is the process of reducing the number of features (or dimensions) in a dataset while retaining as much information as possible. This can be done for a variety of reasons, such as reducing the complexity of a model, improving the performance of a learning algorithm, or making it easier to visualize the data. Motivated from aforementioned reasons, this paper proposed a new feature reduction approach, which reduce and weight the most important features from of universal features set to fit the big data analytics on IoT based cybersecurity systems. The minimal number of features are chosen by using feature selection methods (ANOVA, Variance Threshold, Information Gain, Chi Square) which performed on the IoT-23 dataset. According to the approach, we divided the universal features into several subgroups, and evaluated the performance of ML Algorithms (NB, KNN, RF, LR). Extensive experiments are performed on the CICIDS2017 dataset to validate the effectiveness of the proposed approach. As a result, the Random Forest algorithm was the best in terms of performance, as the lowest value of all metrics (Accuracy, Precision, Recall, F1-Score) we obtained was 93%, except for the case in which we used features that we assumed were the least important feature subset. The proposed approach reduced the number of features to only two features and achieved high results.",https://link.springer.com/article/10.1186/s40537-025-01146-1
294,Application of precision livestock farming: challenges and opportunities.,"Muhammad Ikhsan Sani, Mariska van der Voort, Bedir Tekinerdogan, Henk Hogeveen",2025,"Sensor systems have increasingly been explored as tools to support precision livestock farming, particularly in monitoring cow health and improving decision-making. This systematic literature review aims to evaluate advancements in sensor systems for detecting health conditions in dairy cows especially on mastitis, fertility, locomotion, and metabolic disorders. Relevant articles published between 2014 and 2024 were identified from Scopus. Each article was categorized by health condition and assigned to one of four development levels: sensor technique (level I), data interpretation (Level II), integration of information (Level III), and decision making (Level IV). Relevant information from the articles was systematically reviewed and discussed. We identified 132 articles published in the past 10 years, describing a total of 151 sensor systems. Most sensor systems were aimed at mastitis and reproduction, followed by locomotion and metabolic disorders. The far majority of the articles were at level II (data interpretation) presenting research on (novel) algorithms to detect disease. A large number of different statistical or machine-learning or deep-learning models were described and evaluated, amongst others random forests. Level II systems applied statistical analysis or machine-learning/deep-learning models (e.g., random forests, You Only Look Once (YOLO), Support Vector Machine (SVM), or Convolutional Neural Network (CNN)). These algorithms did use a wide range of sensor data. Only few articles aimed at level III research, integration of information and decision support. The Level III sensor systems integrated information from the sensor with economic information and other information i.e., medication dosage, cost per disease, supplier selection, and simulates various treatment scenarios. This review highlights the need for sensor systems research to be driven by real-world requirements for on-farm decision making. To move from proof-of-concept toward practical, future research must integrate sensor outputs with herd records and financial models, validate systems across multiple farms and at higher data frequencies, and embed economic evaluation alongside sensitivity and specificity metrics. Addressing these technical, integration, and economic challenges is essential before sensor systems can fully support automated, value-driven health management on commercial dairy farms.",https://www.cabidigitallibrary.org/doi/abs/10.31220/agriRxiv.2025.00383
295,Planter: Rapid Prototyping of In-Network Machine Learning Inference,"Changgang Zheng, Mingyuan Zang, Xinpeng Hong, Liam Perreault, Riyad Bensoussane, Shay Vargaftik, Yaniv Ben-Itzhak, Noa Zilberman",2024,"Abstract

In-network machine learning inference provides high throughput and low latency. It is ideally located within the network, power efficient, and improves applications' performance. Despite its advantages, the bar to in-network machine learning research is high, requiring significant expertise in programmable data planes, in addition to knowledge of machine learning and the application area. Existing solutions are mostly one-time efforts, hard to reproduce, change, or port across platforms. In this paper, we present Planter: a modular and efficient open-source framework for rapid prototyping of in-network machine learning models across a range of platforms and pipeline architectures. By identifying general mapping methodologies for machine learning algorithms, Planter introduces new machine learning mappings and improves existing ones. It provides users with several example use cases and supports different datasets, and was already extended by users to new fields and applications. Our evaluation shows that Planter improves machine learning performance compared with previous model-tailored works, while significantly reducing resource consumption and co-existing with network functionality. Planter-supported algorithms run at line rate on unmodified commodity hardware, providing billions of inference decisions per second.",https://dl.acm.org/doi/abs/10.1145/3687230.3687232
296,Statistical investigation of a dehumidification system performance using Gaussian process regression,"De Silva, Ramindu",2019,"Abstract

Explore millions of resources from scholarly journals, books, newspapers, videos and more, on the ProQuest Platform.",https://search.proquest.com/openview/ccfd00993b73b7e876402c7d09913b42/1?pq-origsite=gscholar&cbl=2026366&diss=y
297,Analytical Models to Optimize Tacrolimus Dosing in Solid Organ Transplantation: A Systematic Review,"Elmira Amooei, Nandini Biyani, Amos Buh, Martin M. Klamrowski, Nawaf M. Alyahya, Christopher R. McCudden, James R. Green, Babak Rashidi, Haya Almuzirai, Stephanie Hoar, Ayub Akbari, Gregory L. Hundemer, Ran Klein",31-Mar-26,"Abstract

Background: Tacrolimus dose optimization remains challenging due to its narrow therapeutic range and multiple influencing variables. This systematic review aimed to identify effective analytical modeling techniques for optimal tacrolimus dose prediction in solid organ transplant recipients. 

Methods: Two independent researchers conducted a comprehensive review of studies examining analytical models that optimize tacrolimus dosing, searching Medline, Scopus, Embase, Web of Science, and PubMed. 

Results: In total, 115 studies met the inclusion criteria. Pharmacokinetic models (74 studies), particularly two-compartment with Bayesian forecasting, were most frequently used. Machine learning (ML) approaches, with increasing adoption, have demonstrated promising improved predictive accuracy. Key predictive variables included CYP3A5 genotype, hematocrit levels, post-operative days, and weight; however, the significance of genomic features seemed to diminish progressively as therapeutic drug monitoring calibrates dosing in the months following post-transplant. Only ten studies performed external validation, and none incorporated adherence data or predicted long-term graft outcomes. 

Conclusions: Clinical deployment of predictive models for tacrolimus dosing remains uncommon. In research, pharmacokinetic models remain prevalent, with ML approaches showing early incremental promise. Limited external validation raises generalizability concerns. Future research should prioritize outcome-based evaluation metrics rather than error metrics.",https://www.mdpi.com/1999-4923/18/4/430
298,Leveraging AI Models/Tools for Human Fertility,"KC Santosh, Debasmita Ghosh Roy",25-Oct-25,"Abstract
This chapter delves into the emerging role of artificial intelligence in reproductive medicine, with a focus on its practical applications in fertility analysis and intervention. It emphasizes the significance of core AI methodologies such as feature selection, data balancing, and algorithm optimization in building effective predictive models. The discussion covers AI-based identification and assessment of fertility-related factors in both males and females. A series of case studies is presented to summarize real-world applications and highlight key conceptual insights. These insights not only enhance the understanding of infertility but also offer promising directions for addressing this pressing global health issue. The chapter ultimately encourages a methodical and proactive approach to advancing fertility research through AI-driven solutions.",https://link.springer.com/chapter/10.1007/978-981-95-1248-5_4
299,A systematic literature review of explainable... : Journal of Medical Artificial Intelligence,"Cessie Valenie Anak Edwin, Phei Chin Lim, Dayang Nurfatimah binti Awang Iskandar, Diana Leh Ching Ng",2026,"Abstract

BackgroundThe reduced quality and risks to life brought on by bronchial asthma (BA) have heightened the need for trustworthy risk assessment...",https://www.ovid.com/jnls/jmai/abstract/10.21037/jmai-24-204~a-systematic-literature-review-of-explainable-risk
300,Ballistic Performance Analysis of Silicon Carbide Ceramic Body Armor Using Finite Element Method and Machine Learning Algorithms,Halil Burak Mutu,2025,"Abstract

This study presents a machine learning-based approach for predicting the residual velocity of projectiles impacting silicon carbide (SiC) ceramic body armor plates of varying thicknesses. Explicit dynamic simulations were performed using the ANSYS finite element software to model the ballistic response of the armor under high-velocity impact. Key input parameters included projectile type, bullet muzzle velocity, ceramic thickness, and mesh size. The output parameter of interest was the residual velocity of the projectile after impact. Simulation data were used to train and evaluate three different machine learning models: Linear Regression, ElasticNet, and Multilayer Perceptron (MLP). The predictive performance of each model was assessed using the coefficient of determination (R), mean absolute error (MAE), and root mean square error (RMSE) metrics across both training and testing datasets. Among the tested algorithms, the MLP model achieved the highest accuracy and lowest error values, demonstrating superior capability in capturing the complex nonlinear relationships governing ballistic impact phenomena.The findings indicate that machine learning techniques, when trained with high-fidelity simulation data, can serve as efficient predictive tools for estimating residual velocity in ballistic protection applications. This approach can significantly reduce the need for extensive physical testing and computationally expensive simulations during the preliminary design phase of protective armor systems, thereby accelerating the material selection and optimization process.",https://dergipark.org.tr/en/pub/khosbd/issue/95460/1731217
301,Machine Learning for Accelerating Energy Materials Discovery: Bridging Quantum Accuracy with Computational Efficiency,Kwang S. Kim,25-Oct-25,"Abstract
Machine learning (ML) has revolutionized energy materials discovery through two key paradigms: ML potentials enabling quantum-accurate atomistic simulations with 2-4 orders of magnitude speedup over density functional theory, and ML-driven screening that efficiently navigates vast chemical spaces for rapid materials optimization. Advanced approaches, including graph neural networks and sparse Gaussian process regression incorporate physical symmetries and conservation laws, going beyond traditional statistical methods. Applications span battery materials, electrocatalysts, solar cells, phase change memory, and hydrogen storage systems, enabling simulations of thousands of atoms over extended timescales beyond the reach of quantum mechanical methods. Together, these complementary ML approaches enable predictive computational models spanning atomic to macroscopic scales. Current challenges include data quality, extrapolation to new chemical spaces, and physical interpretability. Emerging solutions involve equivariant architectures, active learning strategies, and physics-informed neural networks. The convergence of ML methodologies with experimental workflows can accelerate materials discovery and optimization. This addresses critical sustainable energy challenges in conversion, storage, and utilization while supporting the development of autonomous discovery platforms. In this way, ML helps overcome computational limitations in multiscale energy materials research and supports the efficient design of novel materials with tailored properties.",https://advanced.onlinelibrary.wiley.com/doi/abs/10.1002/aenm.202503356
302,"Mining genes, genomic selection and simulation breeding on hundred-seed weight using a four-way RIL population","Shuchao Liu, Xianmin Lu, Jiufeng Zhao, Fulin Shan, Zhiyuan Yu, Xu Sun, Guizheng Wang, Haojie Xie, Yanming Zhou, Bo Hu, Wen-Xia Li, Hailong Ning",4/23/2026,"Abstract Hundred-seed weight (HSW) is a critical determinant of soybean yield potential, yet its genetic dissection is often limited by the restricted allelic diversity of traditional biparental populations. In this study, we developed a four-way recombinant inbred line (FW-RIL) population comprising 144 lines derived from four founders with distinct HSW phenotypes to enhance mapping resolution and allelic richness. By integrating a high-density genetic linkage map with five multi-locus genome-wide association study (GWAS) models, we systemically analyzed the genetic basis of HSW across multiple environments. A total of 16 quantitative trait loci (QTLs) and 40 quantitative trait nucleotides (QTNs) were identified, among which three QTLs and two QTNs were consistently detected across environments and analytical approaches. Co-localization analysis, combined with linkage disequilibrium (LD) mapping, haplotype effect evaluation, and gene expression profiling, prioritized Glyma.02G047200 as the key candidate gene within the stable major-effect locus qHSW-2-1. This gene encodes an oligopeptide transporter, and haplotype analyses demonstrated that elite alleles significantly increase seed weight across diverse genetic backgrounds. Furthermore, comparative evaluation of multiple genomic selection (GS) models revealed that the Light Gradient Boosting Machine (LightGBM) achieved the highest predictive accuracy for HSW. Using this model, breeding simulations identified several high-yielding hybrid combinations pyramiding multiple superior allelic variants. Overall, this study elucidates the genetic determinants of soybean HSW and highlights the effectiveness of integrating multi-parent populations, genomic selection, and molecular design breeding to accelerate yield improvement.",https://www.frontiersin.org/journals/plant-science/articles/10.3389/fpls.2026.1812087/full
303,An Intelligent Approach to Predicting of Heart Problems,"Soltane Merzoug, Hadil Goufi",12-Jul-25,"Abstract
Early detection of heart diseases is a crucial factor for successful healthcare. In recent years, the medical field has witnessed the emergence of various methods to predict heart diseases before they occur, based on machine learning and deep learning. Heart diseases remain a major cause of death worldwide, particularly coronary artery disease, which is one of the most dangerous diseases. It accounts for a significant portion of patient cases and deaths related to cardiovascular diseases, as this disease is latent and does not clinically manifest. Therefore, it is necessary to diagnose and treat it as early as possible. The objective of this work is to develop a predictive model for coronary artery disease capable of detecting its early onset, often fatal.
Our research project aims to predict coronary artery disease using deep learning techniques. We utilized a convolutional neural network to achieve this objective. It is believed that this will contribute to improving early diagnostic rates and reducing complications associated with this disease.",https://link.springer.com/chapter/10.1007/978-3-031-90758-6_10
304,"Multicenter peritumoral radiomics in oncology: advances, challenges, and future directions","Jie Li, Junting Wei, Ruixin Pan, Dianpei Ma, Zongyu Xie, Zhizhen Gao",23-Mar-26,"Abstract
The peritumoral region harbors critical microenvironmental heterogeneity information and has long been a focal point in radiomics research. This article systematically reviews the progress of multicenter peritumoral radiomics in oncology, with emphasis on its clinical and biological applications. Studies indicate that peritumoral radiomics may demonstrate value in tumor diagnosis/differential diagnosis, molecular subtyping identification, prediction of clinicopathological indicators, prognostic risk assessment, and treatment response evaluation. Multicenter validation shows that incorporating peritumoral features can enhance model performance for certain tasks, with peritumoral characteristics potentially outperforming intratumoral features in specific scenarios. At the biological mechanism level, peritumoral radiomics exhibits associations with genomics and immune microenvironment events, offering novel perspectives for non-invasive tumor biology analysis. However, the field still faces challenges including limited model generalizability, standardization and reproducibility issues, demands for interpretability, ambiguous peritumoral region definitions, and multi-omics integration barriers - these limitations necessitate cautious interpretation of current findings. Future breakthroughs may rely on prospective multicenter studies, standardized protocols, explainable AI techniques, biologically-driven optimization of peritumoral definitions, and innovative multi-omics fusion algorithms. To promote clinical translation, it is necessary to enhance model robustness and interpretability while deepening research on the association with tumor biological mechanisms.",https://link.springer.com/article/10.1186/s13014-026-02817-w
305,EAPCR: A Universal Feature Extractor for Scientific Data without Explicit Feature Relation Patterns,"Zhuohang Yu, Ling An, Yansong Li, Yu Wu, Zeyu Dong, Zhangdi Liu, Le Gao, Zhenyu Zhang, Chichun Zhou",2024,"Abstract

Conventional methods, including Decision Tree (DT)-based methods, have been effective in scientific tasks, such as non-image medical diagnostics, system anomaly detection, and inorganic catalysis efficiency prediction. However, most deep-learning techniques have struggled to surpass or even match this level of success as traditional machine-learning methods. The primary reason is that these applications involve multi-source, heterogeneous data where features lack explicit relationships. This contrasts with image data, where pixels exhibit spatial relationships; textual data, where words have sequential dependencies; and graph data, where nodes are connected through established associations. The absence of explicit Feature Relation Patterns (FRPs) presents a significant challenge for deep learning techniques in scientific applications that are not image, text, and graph-based. In this paper, we introduce EAPCR, a universal feature extractor designed for data without explicit FRPs. Tested across various scientific tasks, EAPCR consistently outperforms traditional methods and bridges the gap where deep learning models fall short. To further demonstrate its robustness, we synthesize a dataset without explicit FRPs. While Kolmogorov-Arnold Network (KAN) and feature extractors like Convolutional Neural Networks (CNNs), Graph Convolutional Networks (GCNs), and Transformers struggle, EAPCR excels, demonstrating its robustness and superior performance in scientific tasks without FRPs.",https://arxiv.org/abs/2411.08164
306,Artificial Intelligence Applications for Cleaner Production and Sustainable Development in Southeast Asia: A Systematic Review and Future Research Directions,"Victor James C. Escolano, Yann-Mey Yee, Alexander A. Hernandez, Charmine Sheena R. Saflor, Do Van Nang, Ace C. Lagman",17-Mar-26,"Abstract

Artificial intelligence (AI) has reshaped various aspects of human lives, particularly through its capabilities to address complex sustainability challenges. Despite the rapid expansion of AI applications, their contribution to cleaner production and sustainable development remains underexplored, especially in developing nations. In Southeast Asia (SEA), where AI adoption has grown substantially across environmental, economic, and social dimensions, research that examines its role in cleaner production outcomes remains fragmented. In view of this gap, this study conducts a systematic literature review (SLR) of AI applications related to cleaner production and sustainable development by examining relevant themes, application areas, and sustainability dimensions addressed by AI, while evaluating the maturity of AI methodologies, alignment with cleaner production outcomes, and integration with circular economy and resource efficiency goals. Moreover, it investigates the barriers and challenges that constrain AI application and offers future research directions to advance AI deployment for cleaner production and sustainable development across SEA countries.",https://www.mdpi.com/2227-7080/14/3/182
307,"Engineering carbon credits towards a responsible FinTech era: The practices, implications, and future","Q Zeng, H Xu, N Xu, Z Zhao, J Westerholm…",2024,"Carbon emissions drive climate change, and carbon credits mitigate climate deterioration and environmental damage while assisting organizations in managing
their carbon footprint. Fully utilizing carbon credits remains challenging. This
study enhances understanding of the engineering practices for carbon credits
to develop responsible fintech solutions and provide insights for carbon emission management. We review the negative impacts of organizations’ strategy
of evading carbon management through non-disclosure of carbon emissions.
Evidence shows that both non-disclosure of carbon emissions and high carbon emissions negatively affect an organization’s financial stability and market
value, suggesting that organizations should manage carbon emissions and transparently share information to mitigate risks. We examine engineering methods
ACCEPTED MANUSCRIPT
ARTICLE IN PRESS
ARTICLE IN PRESS
for more cost-effective carbon management, focusing on data-driven computing
solutions: factors influencing carbon prices, carbon price prediction algorithms
for optimized carbon credit purchasing strategies, and corporate carbon emission prediction algorithms. These methods enable performance assessments for
investors and governments when carbon emissions data is not disclosed and
help organizations estimate future carbon credits needs for budget planning
and strategy optimization. Finally, integrating carbon price and carbon emission predictions, we propose future research directions, including prediction of
corporate-level carbon management costs, laying a foundation for quantitative
research on how carbon management practices impact corporate market value
and financial performance. This systematic review provides a comprehensive
synthesis of carbon credits with a unique focus on computing solutions and engineering practices, highlighting AI’s role in enhancing transparency and fostering
social accountability for an inclusive and trustworthy low-carbon transition.",https://link.springer.com/content/pdf/10.1007/s10462-026-11638-y_reference.pdf
308,Low-cost sensors for monitoring indoor air quality in hospital clinical areas,GA Martinez Chavez,2025,"The measurement of environmental variables to determinate the air quality in medical units that provide direct medical care to population is gaining great interest since the issue is transcendent by it involves health professionals, patients and companions who live inside said centers. The present work shows the used the low-cost monitor for automated environmental station, which can be adjusted to different sensors and sampling times, taking this as an indicator of the quantification on the air density measure in relation to degree of purity and concentration - composition, with the intention of obtaining information to ensure the quality of the air based on the measurements of the environmental variables temperature, humidity and pressure, and the calculate of the air density using the formula of the International Committee on Weights and Measures (CIPM), in which a molar fraction of atmospheric carbon dioxide (CO2) near 400 mumol/mol is considered for the calculation of the air density. To this end, it is needed to describe the development of prototypes, as well as its use in hospital areas, followed by their statistical validation obtained by correlating the readings of the prototype with the history of one of the commercial stations installed in this hospital.",https://search.informit.org/doi/abs/10.3316/informit.T2025122400012501768795219
309,Chapter 17 - AI for outcome prediction in Radiation Oncology: The present and the future,"Stefania Volpe, Lars Johannes Isaksson, Barbara Alicja Jereczek-Fossa",N/A,"Abstract
Radiation oncology is a rapidly evolving field that leverages technological advances to improve patient outcomes. In this chapter, we discuss various aspects of radiation oncology and machine learning, including data quality and preprocessing, personalized medicine, toxicity prediction, and oncological outcome prediction. We also explore the use of common machine learning algorithms and decision support tools. The chapter provides an overview of the current state of radiation oncology and the potential for machine learning to enhance patient outcomes, while also highlighting limitations and open questions in the field.",https://www.sciencedirect.com/science/chapter/edited-volume/pii/B9780443136719000144
310,Revolutionizing Wind Power Prediction—The Future of Energy Forecasting with Advanced Deep Learning and Strategic Feature Engineering,"Md. Ahasan Habib, M. J. Hossain",3-Mar-24,"Abstract

This paper introduces an innovative framework for wind power prediction that focuses on the future of energy forecasting utilizing intelligent deep learning and strategic feature engineering. This research investigates the application of a state-of-the-art deep learning model for wind energy prediction to make extremely short-term forecasts using real-time data on wind generation from New South Wales, Australia. In contrast with typical approaches to wind energy forecasting, this model relies entirely on historical data and strategic feature engineering to make predictions, rather than relying on meteorological parameters. A hybrid feature engineering strategy that integrates features from several feature generation techniques to obtain the optimal input parameters is a significant contribution to this work. The model’s performance is assessed using key metrics, yielding optimal results with a Mean Absolute Error (MAE) of 8.76, Mean Squared Error (MSE) of 139.49, Root Mean Squared Error (RMSE) of 11.81, R-squared score of 0.997, and Mean Absolute Percentage Error (MAPE) of 4.85%. Additionally, the proposed framework outperforms six other deep learning and hybrid deep learning models in terms of wind energy prediction accuracy. These findings highlight the importance of advanced data analysis for feature generation in data processing, pointing to its key role in boosting the precision of forecasting applications.",https://www.mdpi.com/1996-1073/17/5/1215
311,Artificial Intelligence during a Public Health Crisis: A Trend Analysis of COVID-19 Research,"Sunghye Choi, Chang Kil Lee, Dohyeong Kim",2025,"Abstract

Sunghye Choi, Chang Kil Lee, and Dohyeong Kim. J Environ Health Sci. 2025;51:109-28. https://doi.org/10.5668/JEHS.2025.51.3.109",https://www.e-jehs.org/journal/view.html?pn=search&uid=2255&vmd=Full&all_k=PM%3Csub=%3E2_5=%3C/sub=%3E=&
312,"Artificial intelligence for estimating State of Health and Remaining Useful
Life of EV batteries: A systematic review","MS Nazim, A Chakma, MI Joha, SS Alam, MM Rahman…",N/A,"Lithium-ion batteries are critical to electric vehicles (EVs) but degrade over time, requiring accurate State of Health (SOH) and Remaining Useful Life (RUL) estimation. This review examines recent AI-based methods, especially Convolutional and Recurrent Neural Networks, for their effectiveness in prediction. It discusses key optimization strategies such as feature selection, parameter tuning, and transfer learning. Public datasets (NASA, CALCE, Oxford) are evaluated for benchmarking. The paper also assesses model complexity, performance metrics, and deployment challenges. Finally, it outlines future directions for improving battery management systems, supporting more efficient, reliable, and scalable integration into real-world EV applications.",https://www.researchgate.net/profile/Md-Nazim-5/publication/393287167_Artificial_intelligence_for_estimating_State_of_Health_and_Remaining_Useful_Life_of_EV_batteries_A_systematic_review/links/6866d1cde9b6c13c89e67b4d/Artificial-intelligence-for-estimating-State-of-Health-and-Remaining-Useful-Life-of-EV-batteries-A-systematic-review.pdf
313,Artificial Intelligence in Crime Prediction: A Survey With a Focus on Explainability,F RUFFINI,2025,"ABSTRACT Crime prediction has become a valuable tool for enhancing predictive policing, enabling
law enforcement agencies to allocate resources more effectively and implement proactive crime prevention
strategies, particularly in high-crime areas. The use of artificial intelligence (AI) has revolutionized this field
by analyzing vast amounts of data to identify patterns and anticipate criminal activities with unprecedented
accuracy. This paper aims to review the literature on AI-based crime prediction, analyzing 142 studies that
focus on crimes against individuals, society, and property. Despite the promising potential of AI in crime
prediction, significant challenges remain, particularly regarding the trustworthiness of AI systems, which
is essential for their social acceptance. To address these issues, this review explores the explainability of
AI-based prediction models, with a specific focus on the role of explainable AI (XAI). The findings highlight
the importance of XAI in building trust in these models by offering more transparent and interpretable
insights into how AI systems make decisions. However, the review also reveals that the integration of XAI
remains underdeveloped in the current literature. By improving the transparency of AI systems, XAI has
the potential to lead to more accurate, trustworthy, and fair crime predictions, ultimately facilitating more
effective and equitable crime prevention efforts.",https://arpi.unipi.it/retrieve/92d1f002-1c1d-4735-8388-1b19ece24c21/Artificial_Intelligence_in_Crime_Prediction_A_Survey_With_a_Focus_on_Explainability.pdf
314,Dissecting the genetic architecture of seed-related traits in Brassica napus by integrating multi-omics analysis and VIS–NIR hyperspectral imaging,"Zengdong Tan, Yunhao Liu, Xiaowei Wu, Jingyan Song, Bingjie Lu, Yongqi Chen, Ruyi Fan, Jie Chen, Wanneng Yang, Hui Feng, Liang Guo, Xuan Yao",10-Feb-26,"Abstract

Background
Brassica napus (B. napus) is globally important oilseed crop, yet traditional approaches for phenotyping of seed traits are labor-intensive and destructive.

Results
Here, we establish a non-destructive analytical framework integrating hyperspectral imaging (HSI) with machine learning for characterizing seed-related traits. We collect HSI data from seeds of 393 B. napus accessions over two consecutive years, generating 1,944 spectral indices per sample. We identify significant correlations between 1,293 hyperspectral indices and 956 seed metabolites. Flavonoid metabolites exhibit the most consistent interannual correlations with hyperspectral indices. Systematic benchmarking of 19 machine learning algorithms identifies nine optimal models for metabolite prediction, with 73.44% of metabolites achieving significant associations. Hyperspectral indices effectively predict nine key seed-related traits, including oil content, seed coat content, glucosinolate content and six fatty acid components. Genome-wide association studies (GWAS) of hyperspectral indices uncover three stable quantitative trait loci (QTL) hotspots, qHSI.hotA09, qHSI.hotA05 and qHSI.hotC05, that co-localize with QTLs for seed oil and seed coat content. Integration of GWAS with POCKET prioritization identifies BnaA09.MYB52 and BnaC05.PMT6 as candidate genes for the hotspots, qHSI.hotA09 and qHSI.hotC05, respectively. Functional validation using mutants demonstrates that both genes significantly influence seed flavonoid metabolites and hyperspectral profiles. BnaPMT6 is characterized as a novel positive regulator of seed coat content, similar to BnaMYB52.

Conclusions
This study establishes a novel, non-destructive approach for seed traits and metabolite assessment in B. napus seeds. It also provides a theoretical foundation and genetic basis for breeding of B. napus varieties with high oil content and improved nutritional quality.",https://link.springer.com/article/10.1186/s13059-026-03990-7
315,Multi-Source Remote Sensing and GIS for Forest Carbon Monitoring Toward Carbon Neutrality,"Xiongwei Liang, Shaopeng Yu, Bo Meng, Xiaodi Wang, Chunxue Yang, Chuanqi Shi, Junnan Ding",9-Jun-25,"Abstract

Forests play a pivotal role in the global carbon cycle, making accurate estimation of forest carbon stocks essential for climate change mitigation efforts. However, the diverse methods available for assessing forest carbon yield varying results and have different limitations. This study provides a comprehensive review of current methods for estimating forest carbon stocks, including field-based measurements, remote sensing techniques, and integrated approaches. We systematically collected and analyzed recent studies (2010–2025) on forest carbon estimation across various ecosystems. Our review indicates that field-based methods, such as forest inventories and allometric equations, offer high accuracy at local scales but are labor-intensive. Remote sensing methods (e.g., LiDAR and satellite imagery) enable large-scale carbon assessment with moderate accuracy and efficiency. Integrated approaches that combine ground measurements with remote sensing data can improve accuracy while expanding spatial coverage. We discuss the strengths and weaknesses of each method category in terms of accuracy, cost, and scalability. Based on the synthesis of findings, we recommend a balanced approach that leverages both ground and remote sensing techniques for reliable forest carbon monitoring. This review also identifies knowledge gaps and suggests directions for future research to enhance the precision and applicability of forest carbon estimation methods.",https://www.mdpi.com/1999-4907/16/6/971
316,Net Load Forecasting for Renewable Energy Integrated Power Systems: A Critical Review,"Nusraat Nawreen, Nima Amjady, Rakibuzzaman Shah, S. M. Muyeen",2026,"Abstract

Net load (NL) refers to the difference between gross demand and variable renewable energy (RE) generation. As the integration of RE continues to grow, the variability and uncertainty of power systems increase, creating significant challenges for power system operators due to the intermittent behavior of RE sources. NL forecasting (NLF) has become crucial to maintaining the reliable and secure operation of power systems. This paper critically reviews the state-of-the-art NLF models in RE-integrated power systems, with a particular focus on emerging techniques such as Transformer models and generative artificial intelligence (Gen-AI) models. This paper systematically explores and analyses various data preprocessing, feature engineering (feature selection and extraction), and hyperparameter tuning methods as well as forecasting engines used in NLF. Furthermore, this paper categorizes the NLF models with corresponding strengths and challenges. In addition, an assessment of the interpretability, scalability, and applicability of NLF models is presented, highlighting their performance under varying levels of RE penetration. This paper also outlines challenges for NLF, e. g., the quality of data and the spatial and temporal scales. Finally, the future research directions are outlined based on the identified gaps in NLF.",https://ieeexplore.ieee.org/abstract/document/11522664/
317,Clustered ensemble feature selection with M-GRU classification for efficient intrusion detection system of industrial systems,"M. Karthigha, L. Latha",2023,"Abstract

Industrial Control Systems (ICS) are susceptible to threats or attacks, and even minor changes or manipulation could cause major damage to industrial operations...",https://journals.sagepub.com/doi/abs/10.3233/JIFS-222643
318,A review of integrated thermal energy storage systems for intelligent and sustainable solar energy applications,"MR Assari, H Basirat Tabrizi, NA Torabi…",2026,"Abstract
Thermal energy storage (TES) plays a key role in improving the efficiency, reliability, and
dispatchability of renewable energy systems, particularly solar power. This review examines
recent advances in solar‑integrated TES, focusing on material development, system integration,
and performance optimization. A structured framework is used to define system boundaries
and evaluate key performance indicators, including cycle efficiency, energy density, and
exergy performance, enabling consistent comparison among sensible, latent, and
thermochemical storage technologies. Reported studies indicate that sensible thermal energy
storage (STES) typically provides energy densities of about 10-50 kWh/m³ with high maturity
and low cost, latent thermal energy storage (LTES) can reach 50-150 kWh/m³ with
ARTICLE IN PRESS
ARTICLE IN PRESS
2
near‑isothermal operation, and thermochemical energy storage (TCES) may exceed 200
kWh/m³, highlighting its potential for high‑density and long‑term storage. The review also
highlights the growing role of artificial intelligence (AI) in TES‑assisted solar systems, where
machine learning and optimization methods support forecasting, system control, materials
discovery, and predictive maintenance. Overall, while STES remains the most commercially
established option, advanced LTES and TCES technologies combined with improved system
integration and AI‑driven optimization offer strong potential for next‑generation solar energy
systems. Key research priorities include enhancing material stability, reducing system costs,
developing hybrid TES concepts, and advancing intelligent control strategies to accelerate the
deployment of efficient and sustainable thermal energy storage solutions.",https://link.springer.com/content/pdf/10.1007/s42452-026-09109-8_reference.pdf
319,Joint Tomek Links (JTL): An Innovative Approach to Noise Reduction for Enhanced Classification Performance,"Goksu Tuysuzoglu, Yunus Dogan, Elife Ozturk Kiyak, Mustafa Ersahin, Bita Ghasemkhani, Kokten Ulas Birant",2025,"Abstract

Noisy data is a prevalent issue in data mining, significantly impacting the performance of classification algorithms. Mathematical methods are crucial in tackling this obstacle, particularly in optimizing noise detection and data preprocessing. This study proposes a novel approach—Joint Tomek Links (JTL)— to identify and eliminate noisy instances by detecting pairs of nearest neighbors from different classes. It first finds the Tomek links and then refines a probabilistic method to determine which instance from a pair will be removed. In our approach, a random tree classifier serves as the base model. We conducted experiments on 40 benchmark datasets spanning various domains, achieving an average classification accuracy of 83.26% for JTL. The results demonstrate that the JTL attains an average improvement of 5.33% in accuracy compared to the original classification with a random tree. Furthermore, JTL surpasses existing techniques, delivering a noteworthy gain in accuracy by 12.30% on the same datasets. These findings underscore the effectiveness of JTL in enhancing data quality and boosting classification performance in data mining tasks.",https://ieeexplore.ieee.org/abstract/document/11037412/
320,A comprehensive survey on multimodal computer vision (CV)-assisted corrosion assessment and corrosion prediction,"Xinjie Yao, Yuheng Wu, Da-Hai Xia",2025,"Abstract

Corrosion assessment and lifespan prediction, as core technologies in the lifecycle management of industrial metallic equipment, play an irreplaceable role in e...",https://journals.sagepub.com/doi/abs/10.1177/1478422X251387524
321,Application of Machine Learning for Modeling Process Analytical Technology Data in Advanced Pharmaceutical Manufacturing of Oral Dosage Forms,"Rezaeizadeh, Maryam",2026,"Abstract

Explore millions of resources from scholarly journals, books, newspapers, videos and more, on the ProQuest Platform.",https://search.proquest.com/openview/92e72920c6d3838ce9ac38d554edc394/1?pq-origsite=gscholar&cbl=18750&diss=y
322,PSA-DMCF-SVAE: A Lithium Battery SOH Prediction Framework with ProbSparse Self-Attention and Deep Multidimensional Features,"Weihao Sun, Gang Liu, Jiawei Chen, Yiyao Zhao, Yuting Cheng, Gang Xiao, Durga Prasad Bavirisetti",1-Aug-26,"Abstract

Accurate state of health (SOH) evaluation is essential for lithium-ion battery safety. Conventional prediction models suffer high computation overhead and insufficient multidimensional feature fusion, leading to poor generalization across working conditions. This work develops the PSA-DMCF-SVAE framework. Ten health factors are extracted from cycling data, and four high-correlation indicators are selected via Pearson screening. The method combines stacked ensemble learning and sparse variational autoencoder (SVAE) for multi-scale aging feature extraction, with an embedded ProbSparse self-attention module to adaptively weight base learners and cut computational complexity. Experiments on NASA battery data reveal over 40% lower prediction error and 42% less feature redundancy than classic stacking architectures. Cross-domain validation on an MIT fast-charging dataset confirms the model’s zero-shot generalization under high-rate, noisy discharge conditions, offering a practical solution for battery management systems.",https://www.mdpi.com/3042-4011/3/3/11
323,Software defect prediction approaches revisited,"KS Shebl, YM Afify, N Badr",2023,,https://journals.ekb.eg/article_319062.html
324,Machine-Learning Screening of Early Cervical Lesions Using HPV Genotyping and Exploratory Fusion-Gene Analysis,"H Liu, X Cao, Z Lai, Y Zheng, W Kong, Y Wang…",2025,"Abstract

Background Cervical cancer is the fourth most common malignancy in women worldwide, primarily driven by persistent high-risk human papillomavirus (HPV) infection. However, conventional screening methods such as cytology and HPV DNA testing remain limited in accuracy and scalability, particularly for early or precancerous lesions.",https://assets-eu.researchsquare.com/files/rs-7859112/v1/c70dcb90-bc5f-4e25-a701-49b7b42e3174.pdf
325,ForecastGAN: A Decomposition-Based Adversarial Framework for Multi-Horizon Time Series Forecasting,"Syeda Sitara Wishal Fatima, Afshin Rahimi",2025,"Abstract

Time series forecasting is essential across domains from finance to supply chain management. This paper introduces ForecastGAN, a novel decomposition based adversarial framework addressing limitations in existing approaches for multi-horizon predictions. Although transformer models excel in long-term forecasting, they often underperform in short-term scenarios and typically ignore categorical features. ForecastGAN operates through three integrated modules: a Decomposition Module that extracts seasonality and trend components; a Model Selection Module that identifies optimal neural network configurations based on forecasting horizon; and an Adversarial Training Module that enhances prediction robustness through Conditional Generative Adversarial Network training. Unlike conventional approaches, ForecastGAN effectively integrates both numerical and categorical features. We validate our framework on eleven benchmark multivariate time series datasets that span various forecasting horizons. The results show that ForecastGAN consistently outperforms state-of-the-art transformer models for short-term forecasting while remaining competitive for long-term horizons. This research establishes a more generalizable approach to time series forecasting that adapts to specific contexts while maintaining strong performance across diverse data characteristics without extensive hyperparameter tuning.",https://arxiv.org/abs/2511.04445
326,Application of Hydrodynamic Focusing in Flow Cytometry and Solve Partial Differential Equations using Machine Learning,Jian Lin,2024,"Abstract

Microfluidic flow cytometry is gaining popularity as it is portable and reduces the usage of sample and sheath fluid. However, the design of these devices has primarily relied on empirical and trial-and-error approaches, there is a need for a more precise understanding of how fluidic and geochemical parameters affect the device’s performance. To this end, com- computational fluid dynamics simulations were performed herein. When the sheath fluid velocity increases, the width of the focused stream decreases in the square channel before interrogation by the laser beam. Modelling results show that the velocity ratio above a certain threshold can achieve the desired final focused stream. The finite Volume Method is typically utilized for solving partial differential equations i.e. momentum equations and energy conservation equations. The problem is that it is time-consuming and computationally expensive. Machine learning has been applied to solve partial differential equations including the Burger equation.",https://atrium.lib.uoguelph.ca/items/bda2f5e0-63c3-4bd9-ab30-6a60c2792d91
327,RePower: An LLM-driven autonomous platform for power system data-guided research,"Yu-Xiao Liu, Mengshuo Jia, Yong-Xin Zhang, Guannan He, Shao-Long Zhong, Zhi-Min Dang",11-Apr-25,"The bigger picture
Artificial intelligence (AI) has transformed numerous industries in the 21st century, significantly advancing the acquisition, processing, and development of algorithms in scientific research. The rapid growth of the AI industry has led to the emergence of generative artificial intelligence, such as large language models (LLMs) like GPT, which have demonstrated exceptional capabilities in handling language tasks across various fields. Due to their advanced understanding and reasoning abilities, LLMs are increasingly being applied in scientific research and have the potential to drive new discoveries and enhance research efficiency. In existing studies, scientists have already utilized LLMs to automate research in multiple domains, such as chemistry, mathematics, and materials science. If these frameworks can be successfully transferred to the field of power systems or expanded further in other areas, then the full potential of generative AI could be harnessed to support researchers in conducting efficient scientific work.",https://www.cell.com/patterns/fulltext/S2666-3899(25)00059-5
328,"Real-time Drone-Car Collaboration for Future Mobility:
Vision and Challenge",J Okolo,2026,"ABSTRACT
Since the invention of automobiles, engineers have spent endless
efforts to enhance their safety, operability, and fuel efficiency. The
rapid development of electric vehicles (EVs) has transformed them
into movable computing hubs, equipped with ample sensing, computing capabilities, and battery power. However, the placement
of all the vehicle’s sensors within its structure poses limitations
to its sensing capability, consequently restricting potential applications. Meanwhile, unmanned aerial vehicles (UAVs or drones)
offer aerial-perspective sensing capability from flexible viewpoints,
processing which in real time can complement cars’ sensing and
enable novel applications. In this paper, we introduce our vision
of how the real-time collaboration of ground and aerial vehicles
can enable innovative mobility solutions. We discuss the system
architectures, potential usage scenarios, and enabling technologies
for supporting drone-car collaboration. Furthermore, we examine
the latest technical advancements in the field and shed light on the
promising opportunities that lie ahead in the future. Overall, this
article provides a comprehensive understanding of the potential
and significance of real-time collaboration between drones and cars
in revolutionizing future mobility, improving fuel efficiency, and
enhancing driving safety",https://dl.acm.org/doi/pdf/10.1145/3807408
329,An Intelligent Decision Support System for Crude Oil Trading,"Göltaş, Burcu Koç",2023,"Crude oil is one of the most traded commodities in the world. Traders engaged in the
crude oil market for various purposes, such as generating profits and hedging pricerelated risks. Crude oil price is highly volatile as it is affected by a wide range of factors
such as economic factors, political events, prices of other commodities, and financial
instruments. Therefore, the biggest obstacle to profitable trading is the difficulty of
keeping track of all factors affecting the market and the risks associated with price
volatility. As a solution, this study examines all the factors that affect the crude oil
market and provides an architecture for aggregating and processing these factors. It also
holistically integrates technical, fundamental, and sentiment analysis methodologies and
provides intelligent methods for their application to support crude oil trading decisions.
A prototype of the proposed system was also implemented to demonstrate its
applicability. This prototype demonstrates that predictive models accurately predict
crude oil prices and that even the most basic trading methods may produce profitable
outcomes.",https://search.proquest.com/openview/19718487a904adab89416c3187fd753c/1?pq-origsite=gscholar&cbl=2026366&diss=y
330,Predictive Modeling for Energetic Materials,Didier Mathieu,2-Mar-25,"Abstract
Energetic materials (EMs) are made of molecules or ions whose properties can be predicted using the same techniques as used for organic materials such as drugs, organic semiconductors or ionic liquids. However, predictive modeling exhibits a number of specificities when applied to EMs. First, experimenal data is particularly scarce in this field owing to the hazards and costs associated with handling such materials. Second, EMs exhibit complex hierarchical structures, with many of them including an energetic load made of crystalline grains of variable quality morphology, as well as a polymeric binder. Third, most quantities of interest for EMs are reactive properties. In principle, they do not depend only on the material structure, but also on decomposition intermediates encountered along complex reaction pathways. In this context, predictive models have been mainly limited to explosive or propellant performance and mechanical sensitivity to impact, as reviewed here.",https://link.springer.com/chapter/10.1007/978-3-031-78724-9_10
331,Developing Deep Learnig Methods to Predict Phenotypes and Clinical Outcomes From Transcriptomics Data,"Vieira, Maria Fernanda Silva",2021,N/A,https://search.proquest.com/openview/581c4fac30adf75ff925891a239c6330/1?pq-origsite=gscholar&cbl=2026366&diss=y
332,A Framework to Provide Neurological Screening by Integrating Multiple Task Modalities,"Rahman, Wasifur",2023,"In this thesis, we tackle four research questions related to two neurological disorders:
Parkinson’s Disease (PD) and Ataxia. The first three questions focus on screening for PD
using a speech task, measuring PD severity using the finger-tapping task, and predicting Ataxia
severity using the gait task. And finally, we build and validate a neurological framework to communicate the output of the AI models in the neurological health space in an easy and intuitive
manner.
To screen for PD using speech, we collected data from 726 unique participants (262 PD,
464 non-PD) uttering “The quick brown fox jumps over the lazy dog...”. We extracted both
standard acoustic features (MFCC, jitter, and shimmer variants), and domain-specific dysphonia
features to build ML models that achieved 0.753 AUC in screening PD. We also showed that the
model focuses on MFCC and dysphonia features (through SHAP analysis) and performs well
for different gender and age groups.
To measure PD severity using finger-tapping, we collected 250 videos from unique participants rated by three expert neurologists and an MDS-UPDRS clinician. We developed algorithms to obtain motor-function measurements and trained an ML model that outperformed the
MDS-UPDRS certified rater – with a mean absolute error (MAE) of 0.59 compared to the rater’s
MAE of 0.79. However, the model performed slightly worse than the expert neurologists (0.53
MAE).
Then, we assessed Ataxia by 1) collecting 155 neurologist-rated gait videos from 89 unique
participants (24 controls and 65 diagnosed with Ataxia), 2) detecting, tracking, and separating the participants from their surroundings, and constructing several features from their body
xiv
pose coordinates to capture gait characteristics such as step width, step length, swing, stability,
speed, etc., 3) building ML models for both Ataxia risk-prediction and severity-assessment. Our
models achieve 83.06% accuracy in Ataxia risk-prediction and 0.6225 MAE and 0.7268 PCC in
severity-assessment. Besides, they perform competitively when evaluated on data from medical
sites not used during training.
In the end, we present a user-centric validation of a teleneurology platform, assessing its effectiveness in conveying screening information, facilitating user queries, and offering resources
to enhance user empowerment – with PD as a case study. Our validation method demonstrates
to users a mock PD risk assessment and provides access to relevant resources, including a chatbot driven by GPT, locations of local neurologists, and actionable and scientifically-backed PD
prevention and management recommendations. We share findings from 101 participants (50
with PD, 51 Non-PD) and show that our framework was rated positively by 80.49% (standard
deviation ±8.93%) of the participants, and achieved an above-average 71.25 median SystemUsability-Scale (SUS) score.",https://search.proquest.com/openview/5d38405d3a4f0094f4859e3f74d9dc0a/1?pq-origsite=gscholar&cbl=18750&diss=y
